schedule_country,regime,hs_revision_origin,serial_no,annex_code_original,annex_code_clean,hs6,code_type,match_method,concession_pct_min,concession_pct_max,coverage_partial,review_required,description_annex,annex_file
IND,original,HS2002,1,02032100,02032100,020321,national8,exact,15,15,0,0,0203.2100 --Carcasses and half-carcasses 15%,02_anexo_a_lista_de_mercancias_de_india_para_chile (previo a 2017).pdf
IND,original,HS2002,2,02032200,02032200,020322,national8,exact,15,15,0,0,"0203.2200 --Hams, shoulders and cuts thereof, with bone in 15%",02_anexo_a_lista_de_mercancias_de_india_para_chile (previo a 2017).pdf
IND,original,HS2002,3,02032900,02032900,020329,national8,exact,15,15,0,0,0203.2900 --Other 15%,02_anexo_a_lista_de_mercancias_de_india_para_chile (previo a 2017).pdf
IND,original,HS2002,4,02062100,02062100,020621,national8,exact,15,15,0,0,0206.2100 --Tongues 15%,02_anexo_a_lista_de_mercancias_de_india_para_chile (previo a 2017).pdf
IND,original,HS2002,5,02062200,02062200,020622,national8,exact,15,15,0,0,0206.2200 --Livers 15%,02_anexo_a_lista_de_mercancias_de_india_para_chile (previo a 2017).pdf
IND,original,HS2002,6,02062900,02062900,020629,national8,exact,15,15,0,0,0206.2900 --Other 15%,02_anexo_a_lista_de_mercancias_de_india_para_chile (previo a 2017).pdf
IND,original,HS2002,7,02064100,02064100,020641,national8,exact,15,15,0,0,0206.4100 --Livers 15%,02_anexo_a_lista_de_mercancias_de_india_para_chile (previo a 2017).pdf
IND,original,HS2002,8,02064900,02064900,020649,national8,exact,15,15,0,0,0206.4900 --Other 15%,02_anexo_a_lista_de_mercancias_de_india_para_chile (previo a 2017).pdf
IND,original,HS2002,9,02071400,02071400,020714,national8,exact,15,15,0,0,"0207.1400 --Cuts and offal, frozen : 15%",02_anexo_a_lista_de_mercancias_de_india_para_chile (previo a 2017).pdf
IND,original,HS2002,10,02072700,02072700,020727,national8,exact,15,15,0,0,"0207.2700 --Cuts and offal, frozen : 15%",02_anexo_a_lista_de_mercancias_de_india_para_chile (previo a 2017).pdf
IND,original,HS2002,11,02101100,02101100,021011,national8,exact,15,15,0,0,"0210.1100 --Hams, shoulders and cuts thereof, with bone in 15%",02_anexo_a_lista_de_mercancias_de_india_para_chile (previo a 2017).pdf
IND,original,HS2002,12,02101200,02101200,021012,national8,exact,15,15,0,0,0210.1200 --Bellies (streaky) and cuts thereof 15%,02_anexo_a_lista_de_mercancias_de_india_para_chile (previo a 2017).pdf
IND,original,HS2002,13,02101900,02101900,021019,national8,exact,15,15,0,0,0210.1900 --Other 15%,02_anexo_a_lista_de_mercancias_de_india_para_chile (previo a 2017).pdf
IND,original,HS2002,14,02102000,02102000,021020,national8,exact,15,15,0,0,0210.2000 -Meat of bovine animals 15%,02_anexo_a_lista_de_mercancias_de_india_para_chile (previo a 2017).pdf
IND,original,HS2002,15,03021100,03021100,030211,national8,exact,20,20,0,0,"0302.1100 --Trout (Salmo trutta, Oncorhynchus mykiss, Oncorhynchus 20% clarki, Oncorhynchus aguabonita, Oncorhynchus gilae, Oncorhynchus apache and On",02_anexo_a_lista_de_mercancias_de_india_para_chile (previo a 2017).pdf
IND,original,HS2002,16,03021200,03021200,030212,national8,pending_concordance,20,20,0,1,"0302.1200 --Pacific Salmon ( Oncorhynchus nerka, Oncorhynchus 20% gorbuscha, Oncorhyncus keta,",02_anexo_a_lista_de_mercancias_de_india_para_chile (previo a 2017).pdf
IND,original,HS2002,17,03026990,03026990,030269,national8,pending_concordance,20,20,0,1,0302.6990 --- Other 20%,02_anexo_a_lista_de_mercancias_de_india_para_chile (previo a 2017).pdf
IND,original,HS2002,18,03031100,03031100,030311,national8,exact,20,20,0,0,0303.1100 --Sockeye salmon (red salmon) (Oncorhyncus nerka) 20%,02_anexo_a_lista_de_mercancias_de_india_para_chile (previo a 2017).pdf
IND,original,HS2002,19,03031900,03031900,030319,national8,exact,20,20,0,0,0303.1900 --Other 20%,02_anexo_a_lista_de_mercancias_de_india_para_chile (previo a 2017).pdf
IND,original,HS2002,20,03032100,03032100,030321,national8,pending_concordance,20,20,0,1,"0303.2100 --Trout (Salmo trutta, Oncorhynchus mykiss, Oncorhynchus 20% clarki, Oncorhynchus aguabonita,",02_anexo_a_lista_de_mercancias_de_india_para_chile (previo a 2017).pdf
IND,original,HS2002,21,03032200,03032200,030322,national8,pending_concordance,20,20,0,1,0303.2200 --Atlantic salmon (Salmo salar) and Danube salmon (Hucho 20% hucho),02_anexo_a_lista_de_mercancias_de_india_para_chile (previo a 2017).pdf
IND,original,HS2002,22,03037100,03037100,030371,national8,pending_concordance,20,20,0,1,"0303.7100 --Sardines (Sardina pilchardus, Sardinops spp.), sardinella 20% (Sardinella spp.), brisling or sprats (Sprattus sprattus)",02_anexo_a_lista_de_mercancias_de_india_para_chile (previo a 2017).pdf
IND,original,HS2002,23,03037400,03037400,030374,national8,pending_concordance,20,20,0,1,"0303.7400 --Mackerel (Scomber scombrus, Scomber australasicus, Scomber 20% japonicus)",02_anexo_a_lista_de_mercancias_de_india_para_chile (previo a 2017).pdf
IND,original,HS2002,24,03037700,03037700,030377,national8,pending_concordance,20,20,0,1,"0303.7700 Sea bass (Dicentrarchus labrax, Dicentrarchus punctatus) 20%",02_anexo_a_lista_de_mercancias_de_india_para_chile (previo a 2017).pdf
IND,original,HS2002,25,03037800,03037800,030378,national8,pending_concordance,20,20,0,1,"0303.7800 --Hake (Merluccius spp., Urophycis spp.) : 20%",02_anexo_a_lista_de_mercancias_de_india_para_chile (previo a 2017).pdf
IND,original,HS2002,26,03037910,03037910,030379,national8,pending_concordance,20,20,0,1,0303.7910 --- Hilsa 20%,02_anexo_a_lista_de_mercancias_de_india_para_chile (previo a 2017).pdf
IND,original,HS2002,27,03037920,03037920,030379,national8,pending_concordance,20,20,0,1,0303.7920 --- Dara 20%,02_anexo_a_lista_de_mercancias_de_india_para_chile (previo a 2017).pdf
IND,original,HS2002,28,03037930,03037930,030379,national8,pending_concordance,20,20,0,1,0303.7930 ---Ribbon fish 20%,02_anexo_a_lista_de_mercancias_de_india_para_chile (previo a 2017).pdf
IND,original,HS2002,29,03037940,03037940,030379,national8,pending_concordance,20,20,0,1,0303.7940 --- Seer 20%,02_anexo_a_lista_de_mercancias_de_india_para_chile (previo a 2017).pdf
IND,original,HS2002,30,03037950,03037950,030379,national8,pending_concordance,20,20,0,1,0303.7950 --- Pomfret (white or silver or black) 20%,02_anexo_a_lista_de_mercancias_de_india_para_chile (previo a 2017).pdf
IND,original,HS2002,31,03037960,03037960,030379,national8,pending_concordance,20,20,0,1,0303.7960 --- Ghole 20%,02_anexo_a_lista_de_mercancias_de_india_para_chile (previo a 2017).pdf
IND,original,HS2002,32,03037970,03037970,030379,national8,pending_concordance,20,20,0,1,0303.7970 --- Threadfin 20%,02_anexo_a_lista_de_mercancias_de_india_para_chile (previo a 2017).pdf
IND,original,HS2002,33,03037980,03037980,030379,national8,pending_concordance,20,20,0,1,"0303.7980 ---Croacker, Grouper, Hounder 20% 11",02_anexo_a_lista_de_mercancias_de_india_para_chile (previo a 2017).pdf
IND,original,HS2002,34,03037991,03037991,030379,national8,pending_concordance,20,20,0,1,0303.7991 ---- Edible fishmaws of wild life 20%,02_anexo_a_lista_de_mercancias_de_india_para_chile (previo a 2017).pdf
IND,original,HS2002,35,03037992,03037992,030379,national8,pending_concordance,20,20,0,1,0303.7992 ---- Edible shark fins of wild life 20%,02_anexo_a_lista_de_mercancias_de_india_para_chile (previo a 2017).pdf
IND,original,HS2002,36,03037999,03037999,030379,national8,pending_concordance,20,20,0,1,0303.7999 ---- Other 20%,02_anexo_a_lista_de_mercancias_de_india_para_chile (previo a 2017).pdf
IND,original,HS2002,37,03038010,03038010,030380,national8,pending_concordance,20,20,0,1,0303.8010 --- Egg or egg yolk of fish including shrimps 20%,02_anexo_a_lista_de_mercancias_de_india_para_chile (previo a 2017).pdf
IND,original,HS2002,38,03038090,03038090,030380,national8,pending_concordance,20,20,0,1,0303.8090 --- Other 20%,02_anexo_a_lista_de_mercancias_de_india_para_chile (previo a 2017).pdf
IND,original,HS2002,39,03041000,03041000,030410,national8,pending_concordance,20,20,0,1,0304.1000 -Fresh or chilled 20%,02_anexo_a_lista_de_mercancias_de_india_para_chile (previo a 2017).pdf
IND,original,HS2002,40,03042010,03042010,030420,national8,pending_concordance,20,20,0,1,0304.2010 Hilsa 20%,02_anexo_a_lista_de_mercancias_de_india_para_chile (previo a 2017).pdf
IND,original,HS2002,41,03042020,03042020,030420,national8,pending_concordance,20,20,0,1,0304.2020 Shark 20%,02_anexo_a_lista_de_mercancias_de_india_para_chile (previo a 2017).pdf
IND,original,HS2002,42,03042030,03042030,030420,national8,pending_concordance,20,20,0,1,0304.2030 Seer 20%,02_anexo_a_lista_de_mercancias_de_india_para_chile (previo a 2017).pdf
IND,original,HS2002,43,03042040,03042040,030420,national8,pending_concordance,20,20,0,1,0304.2040 Tuna 20%,02_anexo_a_lista_de_mercancias_de_india_para_chile (previo a 2017).pdf
IND,original,HS2002,44,03042050,03042050,030420,national8,pending_concordance,20,20,0,1,0304.2050 Cuttlefish 20%,02_anexo_a_lista_de_mercancias_de_india_para_chile (previo a 2017).pdf
IND,original,HS2002,45,03042090,03042090,030420,national8,pending_concordance,20,20,0,1,0304.2090 Other 20%,02_anexo_a_lista_de_mercancias_de_india_para_chile (previo a 2017).pdf
IND,original,HS2002,46,03049000,03049000,030490,national8,pending_concordance,20,20,0,1,0304.9000 -Other 20%,02_anexo_a_lista_de_mercancias_de_india_para_chile (previo a 2017).pdf
IND,original,HS2002,47,03052000,03052000,030520,national8,exact,20,20,0,0,"0305.2000 -Livers and roes of fish, dried, smoked, salted or in brine 20%",02_anexo_a_lista_de_mercancias_de_india_para_chile (previo a 2017).pdf
IND,original,HS2002,48,03053000,03053000,030530,national8,pending_concordance,20,20,0,1,"0305.3000 -Fish fillets, dried, salted or in brine, but not smoked 20%",02_anexo_a_lista_de_mercancias_de_india_para_chile (previo a 2017).pdf
IND,original,HS2002,49,03054100,03054100,030541,national8,exact,20,20,0,0,"0305.4100 --Pacific salmon (Onccorhyncus nerka, Oncorhychus gorbuscha, 20% Oncorhyncus keta, Oncorhynchus tschawytscha, Oncorhynchus kisutch, Oncorhyn",02_anexo_a_lista_de_mercancias_de_india_para_chile (previo a 2017).pdf
IND,original,HS2002,50,03054900,03054900,030549,national8,exact,20,20,0,0,0305.4900 --Other 20%,02_anexo_a_lista_de_mercancias_de_india_para_chile (previo a 2017).pdf
IND,original,HS2002,51,03055900,03055900,030559,national8,exact,20,20,0,0,0305.5900 ---Other 20%,02_anexo_a_lista_de_mercancias_de_india_para_chile (previo a 2017).pdf
IND,original,HS2002,52,03056990,03056990,030569,national8,exact,20,20,0,0,0305.6990 ---Other 20%,02_anexo_a_lista_de_mercancias_de_india_para_chile (previo a 2017).pdf
IND,original,HS2002,53,03061311,03061311,030613,national8,pending_concordance,20,20,0,1,0306.1311 ---- AFD Shrimp 20%,02_anexo_a_lista_de_mercancias_de_india_para_chile (previo a 2017).pdf
IND,original,HS2002,54,03061319,03061319,030613,national8,pending_concordance,20,20,0,1,0306.1319 ---- Other 20%,02_anexo_a_lista_de_mercancias_de_india_para_chile (previo a 2017).pdf
IND,original,HS2002,55,03061320,03061320,030613,national8,pending_concordance,20,20,0,1,0306.1320 --- Prawns 20%,02_anexo_a_lista_de_mercancias_de_india_para_chile (previo a 2017).pdf
IND,original,HS2002,56,03061400,03061400,030614,national8,exact,20,20,0,0,0306.1400 --Crabs 20%,02_anexo_a_lista_de_mercancias_de_india_para_chile (previo a 2017).pdf
IND,original,HS2002,57,03072100,03072100,030721,national8,exact,20,20,0,0,"0307.2100 --Live, fresh or chilled 20%",02_anexo_a_lista_de_mercancias_de_india_para_chile (previo a 2017).pdf
IND,original,HS2002,58,03072900,03072900,030729,national8,exact,20,20,0,0,0307.2900 --Other 20%,02_anexo_a_lista_de_mercancias_de_india_para_chile (previo a 2017).pdf
IND,original,HS2002,59,03073910,03073910,030739,national8,exact,20,20,0,0,"0307.3910 --- Clams, clam meat (bivalves-Victorita, spp., Mertrix spp. and 20% Katalysia spp.)",02_anexo_a_lista_de_mercancias_de_india_para_chile (previo a 2017).pdf
IND,original,HS2002,60,03073990,03073990,030739,national8,exact,20,20,0,0,0307.3990 --- Other 20%,02_anexo_a_lista_de_mercancias_de_india_para_chile (previo a 2017).pdf
IND,original,HS2002,61,03075900,03075900,030759,national8,exact,20,20,0,0,0307.5900 --Other 20%,02_anexo_a_lista_de_mercancias_de_india_para_chile (previo a 2017).pdf
IND,original,HS2002,62,03079100,03079100,030791,national8,exact,20,20,0,0,"0307.9100 --Live, fresh or chilled 20%",02_anexo_a_lista_de_mercancias_de_india_para_chile (previo a 2017).pdf
IND,original,HS2002,63,03079990,03079990,030799,national8,exact,20,20,0,0,0307.9990 --- Other 20%,02_anexo_a_lista_de_mercancias_de_india_para_chile (previo a 2017).pdf
IND,original,HS2002,64,07103000,07103000,071030,national8,exact,20,20,0,0,"0710.3000 -Spinach, New Zealand spinach and orache spinach (garden 20% spinach)",02_anexo_a_lista_de_mercancias_de_india_para_chile (previo a 2017).pdf
IND,original,HS2002,65,16010000,16010000,160100,national8,exact,15,15,0,0,"1601.0000 Sausages and similar products, of meat, meat offal or blood; food 15% preparations based on these products",02_anexo_a_lista_de_mercancias_de_india_para_chile (previo a 2017).pdf
IND,original,HS2002,66,16021000,16021000,160210,national8,exact,15,15,0,0,1602.1000 -Homogenized preparations 15%,02_anexo_a_lista_de_mercancias_de_india_para_chile (previo a 2017).pdf
IND,original,HS2002,67,16023100,16023100,160231,national8,exact,15,15,0,0,1602.3100 --Of turkeys 15%,02_anexo_a_lista_de_mercancias_de_india_para_chile (previo a 2017).pdf
IND,original,HS2002,68,16023200,16023200,160232,national8,exact,15,15,0,0,1602.3200 --Of fowls of the species Gallus domesticus: 15%,02_anexo_a_lista_de_mercancias_de_india_para_chile (previo a 2017).pdf
IND,original,HS2002,69,16023900,16023900,160239,national8,exact,15,15,0,0,1602.3900 --Other 15%,02_anexo_a_lista_de_mercancias_de_india_para_chile (previo a 2017).pdf
IND,original,HS2002,70,16024100,16024100,160241,national8,exact,15,15,0,0,1602.4100 --Hams and cuts thereof 15%,02_anexo_a_lista_de_mercancias_de_india_para_chile (previo a 2017).pdf
IND,original,HS2002,71,16024900,16024900,160249,national8,exact,15,15,0,0,"1602.4900 --Other, including mixtures 15%",02_anexo_a_lista_de_mercancias_de_india_para_chile (previo a 2017).pdf
IND,original,HS2002,72,16025000,16025000,160250,national8,exact,15,15,0,0,1602.5000 -Of bovine animals 15%,02_anexo_a_lista_de_mercancias_de_india_para_chile (previo a 2017).pdf
IND,original,HS2002,73,16041100,16041100,160411,national8,exact,20,20,0,0,1604.1100 --Salmon: 20%,02_anexo_a_lista_de_mercancias_de_india_para_chile (previo a 2017).pdf
IND,original,HS2002,74,16041310,16041310,160413,national8,exact,20,20,0,0,"1604.1310 --- Sardines, sardinella and brisling 20%",02_anexo_a_lista_de_mercancias_de_india_para_chile (previo a 2017).pdf
IND,original,HS2002,75,16041320,16041320,160413,national8,exact,20,20,0,0,1604.1320 --- Sprats 20%,02_anexo_a_lista_de_mercancias_de_india_para_chile (previo a 2017).pdf
IND,original,HS2002,76,16041500,16041500,160415,national8,exact,20,20,0,0,1604.1500 --Mackerel 20%,02_anexo_a_lista_de_mercancias_de_india_para_chile (previo a 2017).pdf
IND,original,HS2002,77,16041600,16041600,160416,national8,exact,20,20,0,0,1604.1600 --Anchovies: 20%,02_anexo_a_lista_de_mercancias_de_india_para_chile (previo a 2017).pdf
IND,original,HS2002,78,16041900,16041900,160419,national8,exact,20,20,0,0,1604.1900 --Other: 20% 12,02_anexo_a_lista_de_mercancias_de_india_para_chile (previo a 2017).pdf
IND,original,HS2002,79,16042000,16042000,160420,national8,exact,20,20,0,0,1604.2000 -Other prepared or preserved fish 20%,02_anexo_a_lista_de_mercancias_de_india_para_chile (previo a 2017).pdf
IND,original,HS2002,80,16051000,16051000,160510,national8,exact,20,20,0,0,1605.1000 -Crab 20%,02_anexo_a_lista_de_mercancias_de_india_para_chile (previo a 2017).pdf
IND,original,HS2002,81,16052000,16052000,160520,national8,pending_concordance,20,20,0,1,1605.2000 - Shrimps and prawns 20%,02_anexo_a_lista_de_mercancias_de_india_para_chile (previo a 2017).pdf
IND,original,HS2002,82,16059010,16059010,160590,national8,pending_concordance,20,20,0,1,1605.9010 --- Clams 20%,02_anexo_a_lista_de_mercancias_de_india_para_chile (previo a 2017).pdf
IND,original,HS2002,83,16059020,16059020,160590,national8,pending_concordance,20,20,0,1,"1605.9020 --- Squid, octopus and cuttlefish 20%",02_anexo_a_lista_de_mercancias_de_india_para_chile (previo a 2017).pdf
IND,original,HS2002,84,16059030,16059030,160590,national8,pending_concordance,20,20,0,1,1605.9030 --- Oysters 20%,02_anexo_a_lista_de_mercancias_de_india_para_chile (previo a 2017).pdf
IND,original,HS2002,85,16059090,16059090,160590,national8,pending_concordance,20,20,0,1,1605.9090 --- Other 20%,02_anexo_a_lista_de_mercancias_de_india_para_chile (previo a 2017).pdf
IND,original,HS2002,86,20057000,20057000,200570,national8,exact,20,20,0,0,2005.7000 -Olives 20%,02_anexo_a_lista_de_mercancias_de_india_para_chile (previo a 2017).pdf
IND,original,HS2002,87,23012011,23012011,230120,national8,exact,20,20,0,0,2301.2011 In powder form 20%,02_anexo_a_lista_de_mercancias_de_india_para_chile (previo a 2017).pdf
IND,original,HS2002,88,23091000,23091000,230910,national8,exact,15,15,0,0,"2309.1000 -Dog or cat food, put up for retail sale 15%",02_anexo_a_lista_de_mercancias_de_india_para_chile (previo a 2017).pdf
IND,original,HS2002,89,25010020,25010020,250100,national8,exact,20,20,0,0,2501.0020 Rock salt 20%,02_anexo_a_lista_de_mercancias_de_india_para_chile (previo a 2017).pdf
IND,original,HS2002,90,26030000,26030000,260300,national8,exact,10,10,0,0,2603.0000 Copper ores and concentrates 10%,02_anexo_a_lista_de_mercancias_de_india_para_chile (previo a 2017).pdf
IND,original,HS2002,91,28012000,28012000,280120,national8,exact,20,20,0,0,2801.2000 -Iodine 20%,02_anexo_a_lista_de_mercancias_de_india_para_chile (previo a 2017).pdf
IND,original,HS2002,92,28276020,28276020,282760,national8,exact,20,20,0,0,2827.6020 --Potassium iodide 20%,02_anexo_a_lista_de_mercancias_de_india_para_chile (previo a 2017).pdf
IND,original,HS2002,93,28299030,28299030,282990,national8,exact,20,20,0,0,2829.9030 Iodates and periodates 20%,02_anexo_a_lista_de_mercancias_de_india_para_chile (previo a 2017).pdf
IND,original,HS2002,94,28369100,28369100,283691,national8,exact,20,20,0,0,2836.9100 --Lithium carbonates 20%,02_anexo_a_lista_de_mercancias_de_india_para_chile (previo a 2017).pdf
IND,original,HS2002,95,28391900,28391900,283919,national8,exact,20,20,0,0,2839.1900 --Other 20%,02_anexo_a_lista_de_mercancias_de_india_para_chile (previo a 2017).pdf
IND,original,HS2002,96,28417020,28417020,284170,national8,exact,20,20,0,0,2841.7020 Sodium molybdate 20%,02_anexo_a_lista_de_mercancias_de_india_para_chile (previo a 2017).pdf
IND,original,HS2002,97,28480090,28480090,284800,national8,exact,20,20,0,0,2848.0090 --- Other 20%,02_anexo_a_lista_de_mercancias_de_india_para_chile (previo a 2017).pdf
IND,original,HS2002,98,29061400,29061400,290614,national8,pending_concordance,20,20,0,1,2906.1400 --Terpineols 20%,02_anexo_a_lista_de_mercancias_de_india_para_chile (previo a 2017).pdf
IND,original,HS2002,99,29153920,29153920,291539,national8,exact,20,20,0,0,2915.3920 Bornyl acetate and iso bornyl acetate 20%,02_anexo_a_lista_de_mercancias_de_india_para_chile (previo a 2017).pdf
IND,original,HS2002,100,29153930,29153930,291539,national8,exact,20,20,0,0,2915.3930 Linalyl acetate 20%,02_anexo_a_lista_de_mercancias_de_india_para_chile (previo a 2017).pdf
IND,original,HS2002,101,29153950,29153950,291539,national8,exact,20,20,0,0,2915.3950 Phenyl propyl acetate 20%,02_anexo_a_lista_de_mercancias_de_india_para_chile (previo a 2017).pdf
IND,original,HS2002,102,29153960,29153960,291539,national8,exact,20,20,0,0,2915.3960 Terpinyl acetate 20%,02_anexo_a_lista_de_mercancias_de_india_para_chile (previo a 2017).pdf
IND,original,HS2002,103,29157030,29157030,291570,national8,exact,20,20,0,0,2915.7030 Glycerol monostearate 20%,02_anexo_a_lista_de_mercancias_de_india_para_chile (previo a 2017).pdf
IND,original,HS2002,104,31043000,31043000,310430,national8,exact,20,20,0,0,3104.3000 -Potassium sulphate 20%,02_anexo_a_lista_de_mercancias_de_india_para_chile (previo a 2017).pdf
IND,original,HS2002,105,31059010,31059010,310590,national8,exact,20,20,0,0,3105.9010 Mineral or chemical fertilisers containing two fertilising elements 20% namely nitrogen and potassium,02_anexo_a_lista_de_mercancias_de_india_para_chile (previo a 2017).pdf
IND,original,HS2002,106,31059090,31059090,310590,national8,exact,20,20,0,0,3105.9090 Other 20%,02_anexo_a_lista_de_mercancias_de_india_para_chile (previo a 2017).pdf
IND,original,HS2002,107,34029011,34029011,340290,national8,exact,20,20,0,0,"3402.9011 Washing preparations (including auxiliary washing preparations) 20% and cleaningprepara-tions, having a basis of soap or other organic surfa",02_anexo_a_lista_de_mercancias_de_india_para_chile (previo a 2017).pdf
IND,original,HS2002,108,34029012,34029012,340290,national8,exact,20,20,0,0,3402.9012 Cleaning or degreasing preparations not having a basis of soap or 20% other organic surface active agents except laundry soap,02_anexo_a_lista_de_mercancias_de_india_para_chile (previo a 2017).pdf
IND,original,HS2002,109,34029019,34029019,340290,national8,exact,20,20,0,0,3402.9019 Other except laundry soap 20%,02_anexo_a_lista_de_mercancias_de_india_para_chile (previo a 2017).pdf
IND,original,HS2002,110,34029041,34029041,340290,national8,exact,20,20,0,0,"3402.9041 Washing preparations (including auxiliary washing preparations) 20% and cleaning preparations, having a basis of soap or other organic surfa",02_anexo_a_lista_de_mercancias_de_india_para_chile (previo a 2017).pdf
IND,original,HS2002,111,34029042,34029042,340290,national8,exact,20,20,0,0,3402.9042 Cleaning or degreasing preparations not having a basis of soap or 20% other organic surface active agents except laundry soap,02_anexo_a_lista_de_mercancias_de_india_para_chile (previo a 2017).pdf
IND,original,HS2002,112,34029049,34029049,340290,national8,exact,20,20,0,0,3402.9049 Other except laundry soap 20%,02_anexo_a_lista_de_mercancias_de_india_para_chile (previo a 2017).pdf
IND,original,HS2002,113,34029051,34029051,340290,national8,exact,20,20,0,0,"3402.9051 Washing preparations (including auxiliary washing preparations) 20% and cleaning preparations, having a basis of soap or other organic surfa",02_anexo_a_lista_de_mercancias_de_india_para_chile (previo a 2017).pdf
IND,original,HS2002,114,34029052,34029052,340290,national8,exact,20,20,0,0,3402.9052 Cleaning or degreasing preparations not having a basis of soap 20% or other organic surface active agents except laundry soap,02_anexo_a_lista_de_mercancias_de_india_para_chile (previo a 2017).pdf
IND,original,HS2002,115,34029059,34029059,340290,national8,exact,20,20,0,0,3402.9059 Other except laundry soap 20%,02_anexo_a_lista_de_mercancias_de_india_para_chile (previo a 2017).pdf
IND,original,HS2002,116,34029091,34029091,340290,national8,exact,20,20,0,0,"3402.9091 Washing preparations (including auxiliary washing preparations) 20% and cleaning preparations, having a basis of soap or other organic surfa",02_anexo_a_lista_de_mercancias_de_india_para_chile (previo a 2017).pdf
IND,original,HS2002,117,34029092,34029092,340290,national8,exact,20,20,0,0,3402.9092 Cleaning or degreasing preparations not having a basis of soap or 20% other organic surface active agents except laundry soap,02_anexo_a_lista_de_mercancias_de_india_para_chile (previo a 2017).pdf
IND,original,HS2002,118,34029099,34029099,340290,national8,exact,20,20,0,0,3402.9099 Other except laundry soap 20%,02_anexo_a_lista_de_mercancias_de_india_para_chile (previo a 2017).pdf
IND,original,HS2002,119,41041100,41041100,410411,national8,exact,50,50,0,0,"4104.1100 --Full grains, unsplit; grain splits 50%",02_anexo_a_lista_de_mercancias_de_india_para_chile (previo a 2017).pdf
IND,original,HS2002,120,41041900,41041900,410419,national8,exact,50,50,0,0,4104.1900 --Other 50%,02_anexo_a_lista_de_mercancias_de_india_para_chile (previo a 2017).pdf
IND,original,HS2002,121,41044100,41044100,410441,national8,exact,50,50,0,0,"4104.4100 --Full grains, unsplit; grain splits 50%",02_anexo_a_lista_de_mercancias_de_india_para_chile (previo a 2017).pdf
IND,original,HS2002,122,41044900,41044900,410449,national8,exact,50,50,0,0,4104.4900 --Other 50%,02_anexo_a_lista_de_mercancias_de_india_para_chile (previo a 2017).pdf
IND,original,HS2002,123,41079200,41079200,410792,national8,exact,50,50,0,0,4107.9200 --Grains split 50%,02_anexo_a_lista_de_mercancias_de_india_para_chile (previo a 2017).pdf
IND,original,HS2002,124,43031020,43031020,430310,national8,exact,50,50,0,0,"4303.1020 Of animals covered under Convention on CITES), other than 50% those of Tariff Item 4303 10 10",02_anexo_a_lista_de_mercancias_de_india_para_chile (previo a 2017).pdf
IND,original,HS2002,124,43031010,43031010,430310,national8,exact,50,50,0,0,"4303.1020 Of animals covered under Convention on CITES), other than 50% those of Tariff Item 4303 10 10",02_anexo_a_lista_de_mercancias_de_india_para_chile (previo a 2017).pdf
IND,original,HS2002,125,43031090,43031090,430310,national8,exact,50,50,0,0,4303.1090 Other 50%,02_anexo_a_lista_de_mercancias_de_india_para_chile (previo a 2017).pdf
IND,original,HS2002,126,44081010,44081010,440810,national8,exact,20,20,0,0,4408.1010 ---- Sheets for plywood 20%,02_anexo_a_lista_de_mercancias_de_india_para_chile (previo a 2017).pdf
IND,original,HS2002,127,44081020,44081020,440810,national8,exact,20,20,0,0,4408.1020 ---- Oak wood veneer 20%,02_anexo_a_lista_de_mercancias_de_india_para_chile (previo a 2017).pdf
IND,original,HS2002,128,44081030,44081030,440810,national8,exact,20,20,0,0,"4408.1030 ---- Veneer sheets, for match boxes and match splints 20%",02_anexo_a_lista_de_mercancias_de_india_para_chile (previo a 2017).pdf
IND,original,HS2002,129,44103110,44103110,441031,national8,pending_concordance,20,20,0,1,4410.3110 ---- Plain particle boards 20%,02_anexo_a_lista_de_mercancias_de_india_para_chile (previo a 2017).pdf
IND,original,HS2002,130,44103120,44103120,441031,national8,pending_concordance,20,20,0,1,4410.3120 ---- Insulation board and hardboard 20%,02_anexo_a_lista_de_mercancias_de_india_para_chile (previo a 2017).pdf
IND,original,HS2002,131,44103130,44103130,441031,national8,pending_concordance,20,20,0,1,"4410.3130 ---- Veneered particle board, not having decorative veneers on 20% any face",02_anexo_a_lista_de_mercancias_de_india_para_chile (previo a 2017).pdf
IND,original,HS2002,132,44103190,44103190,441031,national8,pending_concordance,20,20,0,1,4410.3190 Other 20%,02_anexo_a_lista_de_mercancias_de_india_para_chile (previo a 2017).pdf
IND,original,HS2002,133,44103210,44103210,441032,national8,pending_concordance,20,20,0,1,4410.3210 ---- Plain particle boards 20%,02_anexo_a_lista_de_mercancias_de_india_para_chile (previo a 2017).pdf
IND,original,HS2002,134,44103220,44103220,441032,national8,pending_concordance,20,20,0,1,4410.3220 ---- Insulation board and hardboard 20%,02_anexo_a_lista_de_mercancias_de_india_para_chile (previo a 2017).pdf
IND,original,HS2002,135,44103230,44103230,441032,national8,pending_concordance,20,20,0,1,"4410.3230 ---- Veneered particle board, not having decorative veneers on 20% any face",02_anexo_a_lista_de_mercancias_de_india_para_chile (previo a 2017).pdf
IND,original,HS2002,136,44103290,44103290,441032,national8,pending_concordance,20,20,0,1,4410.3290 Other 20%,02_anexo_a_lista_de_mercancias_de_india_para_chile (previo a 2017).pdf
IND,original,HS2002,137,44111110,44111110,441111,national8,pending_concordance,20,20,0,1,4411.1110 ---- Hardboard 20%,02_anexo_a_lista_de_mercancias_de_india_para_chile (previo a 2017).pdf
IND,original,HS2002,138,44111190,44111190,441111,national8,pending_concordance,20,20,0,1,4411.1190 Other 20%,02_anexo_a_lista_de_mercancias_de_india_para_chile (previo a 2017).pdf
IND,original,HS2002,139,44111910,44111910,441119,national8,pending_concordance,20,20,0,1,4411.1910 ---- Hardboard 20%,02_anexo_a_lista_de_mercancias_de_india_para_chile (previo a 2017).pdf
IND,original,HS2002,140,44111990,44111990,441119,national8,pending_concordance,20,20,0,1,4411.1990 Other 20%,02_anexo_a_lista_de_mercancias_de_india_para_chile (previo a 2017).pdf
IND,original,HS2002,141,44112110,44112110,441121,national8,pending_concordance,20,20,0,1,4411.2110 ---- Insulation board 20%,02_anexo_a_lista_de_mercancias_de_india_para_chile (previo a 2017).pdf
IND,original,HS2002,142,44112190,44112190,441121,national8,pending_concordance,20,20,0,1,4411.2190 Other 20%,02_anexo_a_lista_de_mercancias_de_india_para_chile (previo a 2017).pdf
IND,original,HS2002,143,44112910,44112910,441129,national8,pending_concordance,20,20,0,1,4411.2910 ---- Insulation board 20%,02_anexo_a_lista_de_mercancias_de_india_para_chile (previo a 2017).pdf
IND,original,HS2002,144,44112990,44112990,441129,national8,pending_concordance,20,20,0,1,4411.2990 Other 20%,02_anexo_a_lista_de_mercancias_de_india_para_chile (previo a 2017).pdf
IND,original,HS2002,145,44113110,44113110,441131,national8,pending_concordance,20,20,0,1,4411.3110 ---- Insulation board 20%,02_anexo_a_lista_de_mercancias_de_india_para_chile (previo a 2017).pdf
IND,original,HS2002,146,44113190,44113190,441131,national8,pending_concordance,20,20,0,1,4411.3190 Other 20%,02_anexo_a_lista_de_mercancias_de_india_para_chile (previo a 2017).pdf
IND,original,HS2002,147,44113910,44113910,441139,national8,pending_concordance,20,20,0,1,4411.3910 ---- Insulation board 20%,02_anexo_a_lista_de_mercancias_de_india_para_chile (previo a 2017).pdf
IND,original,HS2002,148,44113990,44113990,441139,national8,pending_concordance,20,20,0,1,4411.3990 Other 20%,02_anexo_a_lista_de_mercancias_de_india_para_chile (previo a 2017).pdf
IND,original,HS2002,149,44121910,44121910,441219,national8,pending_concordance,20,20,0,1,4412.1910 ---- Decorative plywood 20%,02_anexo_a_lista_de_mercancias_de_india_para_chile (previo a 2017).pdf
IND,original,HS2002,150,44121930,44121930,441219,national8,pending_concordance,20,20,0,1,4412.1930 ---- Marine and aircraft plywood 20% 14,02_anexo_a_lista_de_mercancias_de_india_para_chile (previo a 2017).pdf
IND,original,HS2002,151,44121940,44121940,441219,national8,pending_concordance,20,20,0,1,4412.1940 ---- Cuttings and trimmings of plywood of width not exceeding 5 20% cm,02_anexo_a_lista_de_mercancias_de_india_para_chile (previo a 2017).pdf
IND,original,HS2002,152,44121990,44121990,441219,national8,pending_concordance,20,20,0,1,4412.1990 Other 20%,02_anexo_a_lista_de_mercancias_de_india_para_chile (previo a 2017).pdf
IND,original,HS2002,153,44152000,44152000,441520,national8,exact,20,20,0,0,"4415.2000 -Pallets, box pallets and other load boards; pallet collars: 20%",02_anexo_a_lista_de_mercancias_de_india_para_chile (previo a 2017).pdf
IND,original,HS2002,154,44181000,44181000,441810,national8,exact,20,20,0,0,"4418.1000 -Windows, french windows and their frames 20%",02_anexo_a_lista_de_mercancias_de_india_para_chile (previo a 2017).pdf
IND,original,HS2002,155,44182010,44182010,441820,national8,exact,20,20,0,0,4418.2010 ---- Flush doors 20%,02_anexo_a_lista_de_mercancias_de_india_para_chile (previo a 2017).pdf
IND,original,HS2002,156,44182020,44182020,441820,national8,exact,20,20,0,0,4418.2020 ---- Frames and thresholds of flush doors 20%,02_anexo_a_lista_de_mercancias_de_india_para_chile (previo a 2017).pdf
IND,original,HS2002,157,44182090,44182090,441820,national8,exact,20,20,0,0,4418.2090 Other 20%,02_anexo_a_lista_de_mercancias_de_india_para_chile (previo a 2017).pdf
IND,original,HS2002,158,44219011,44219011,442190,national8,exact,20,20,0,0,4421.9011 ----For cotton machinery 20%,02_anexo_a_lista_de_mercancias_de_india_para_chile (previo a 2017).pdf
IND,original,HS2002,159,44219012,44219012,442190,national8,exact,20,20,0,0,4421.9012 ----For jute machinery 20%,02_anexo_a_lista_de_mercancias_de_india_para_chile (previo a 2017).pdf
IND,original,HS2002,160,44219013,44219013,442190,national8,exact,20,20,0,0,4421.9013 ----For silk regenerated and synthetic fibres machinery 20%,02_anexo_a_lista_de_mercancias_de_india_para_chile (previo a 2017).pdf
IND,original,HS2002,161,44219014,44219014,442190,national8,exact,20,20,0,0,4421.9014 ----For other machinery 20%,02_anexo_a_lista_de_mercancias_de_india_para_chile (previo a 2017).pdf
IND,original,HS2002,162,44219019,44219019,442190,national8,exact,20,20,0,0,4421.9019 Other 20%,02_anexo_a_lista_de_mercancias_de_india_para_chile (previo a 2017).pdf
IND,original,HS2002,163,44219020,44219020,442190,national8,exact,20,20,0,0,4421.9020 ----Wood paving blocks 20%,02_anexo_a_lista_de_mercancias_de_india_para_chile (previo a 2017).pdf
IND,original,HS2002,164,44219050,44219050,442190,national8,exact,20,20,0,0,"4421.9050 ----Parts of wood, namely oars, paddles and rudders for ships, 20% boats and other similarfloating structures",02_anexo_a_lista_de_mercancias_de_india_para_chile (previo a 2017).pdf
IND,original,HS2002,165,44219070,44219070,442190,national8,exact,20,20,0,0,4421.9070 ---Articles of densified wood not elsewhere included or specified 20%,02_anexo_a_lista_de_mercancias_de_india_para_chile (previo a 2017).pdf
IND,original,HS2002,166,47032100,47032100,470321,national8,exact,20,20,0,0,47032100 coniferous 20%,02_anexo_a_lista_de_mercancias_de_india_para_chile (previo a 2017).pdf
IND,original,HS2002,167,47032900,47032900,470329,national8,exact,20,20,0,0,47032900 non-Coniferous 20%,02_anexo_a_lista_de_mercancias_de_india_para_chile (previo a 2017).pdf
IND,original,HS2002,168,48010010,48010010,480100,national8,exact,20,20,0,0,48010010 glazed 20%,02_anexo_a_lista_de_mercancias_de_india_para_chile (previo a 2017).pdf
IND,original,HS2002,169,48010090,48010090,480100,national8,exact,20,20,0,0,48010090 other 20%,02_anexo_a_lista_de_mercancias_de_india_para_chile (previo a 2017).pdf
IND,original,HS2002,170,48239013,48239013,482390,national8,exact,20,20,0,0,4823.9013 Packing and wrapping paper 20%,02_anexo_a_lista_de_mercancias_de_india_para_chile (previo a 2017).pdf
IND,original,HS2002,171,48239014,48239014,482390,national8,exact,20,20,0,0,4823.9014 Paper for cigarette filter tips 20%,02_anexo_a_lista_de_mercancias_de_india_para_chile (previo a 2017).pdf
IND,original,HS2002,172,48239016,48239016,482390,national8,exact,20,20,0,0,"4823.9016 Patterns made of papers for leather footwear, leather garments 20% and goods",02_anexo_a_lista_de_mercancias_de_india_para_chile (previo a 2017).pdf
IND,original,HS2002,173,48239019,48239019,482390,national8,exact,20,20,0,0,4823.9019 Decorative laminates 20%,02_anexo_a_lista_de_mercancias_de_india_para_chile (previo a 2017).pdf
IND,original,HS2002,174,51011100,51011100,510111,national8,exact,25,25,0,0,5101.1100 Shorn wool 25%,02_anexo_a_lista_de_mercancias_de_india_para_chile (previo a 2017).pdf
IND,original,HS2002,175,51031010,51031010,510310,national8,exact,25,25,0,0,5103.1010 Noils of wool 25%,02_anexo_a_lista_de_mercancias_de_india_para_chile (previo a 2017).pdf
IND,original,HS2002,176,51031090,51031090,510310,national8,exact,25,25,0,0,5103.1090 Other 25%,02_anexo_a_lista_de_mercancias_de_india_para_chile (previo a 2017).pdf
IND,original,HS2002,177,72042190,72042190,720421,national8,exact,20,20,0,0,7204.2190 Other 20%,02_anexo_a_lista_de_mercancias_de_india_para_chile (previo a 2017).pdf
IND,original,HS2002,178,89040000,89040000,890400,national8,exact,20,20,0,0,8904.0000 Tugs and pusher craft. 20% 15,02_anexo_a_lista_de_mercancias_de_india_para_chile (previo a 2017).pdf
IND,expanded_2017,HS2017,1,01019090,01019090,010190,national8,exact,50,50,0,0,01019090 Other 50%,02_anexo_india_sa_2017.pdf
IND,expanded_2017,HS2017,2,02032100,02032100,020321,national8,exact,50,50,0,0,"02032100 Carcasses and half carcasses 50% Hams, shoulders and cuts thereof, with",02_anexo_india_sa_2017.pdf
IND,expanded_2017,HS2017,3,02032200,02032200,020322,national8,exact,50,50,0,0,02032200 50% bone in,02_anexo_india_sa_2017.pdf
IND,expanded_2017,HS2017,4,02032900,02032900,020329,national8,exact,50,50,0,0,"02032900 other 50% Carcasses and half-Carcasses of lamb,",02_anexo_india_sa_2017.pdf
IND,expanded_2017,HS2017,5,02043000,02043000,020430,national8,exact,50,50,0,0,02043000 frozen 50% Other cuts with bone in,02_anexo_india_sa_2017.pdf
IND,expanded_2017,HS2017,6,02044200,02044200,020442,national8,exact,50,50,0,0,02044200 50% Boneless,02_anexo_india_sa_2017.pdf
IND,expanded_2017,HS2017,7,02044300,02044300,020443,national8,exact,50,50,0,0,02044300 50% Tongues,02_anexo_india_sa_2017.pdf
IND,expanded_2017,HS2017,8,02062100,02062100,020621,national8,exact,50,50,0,0,02062100 50% Livers,02_anexo_india_sa_2017.pdf
IND,expanded_2017,HS2017,9,02062200,02062200,020622,national8,exact,50,50,0,0,02062200 50% Other,02_anexo_india_sa_2017.pdf
IND,expanded_2017,HS2017,10,02062900,02062900,020629,national8,exact,50,50,0,0,02062900 50% Livers,02_anexo_india_sa_2017.pdf
IND,expanded_2017,HS2017,11,02064100,02064100,020641,national8,exact,50,50,0,0,02064100 50% Other,02_anexo_india_sa_2017.pdf
IND,expanded_2017,HS2017,12,02064900,02064900,020649,national8,exact,50,50,0,0,"02064900 50% Cuts and offal, frozen",02_anexo_india_sa_2017.pdf
IND,expanded_2017,HS2017,13,02071400,02071400,020714,national8,exact,25,25,0,0,"02071400 25% Not cut in pieces, frozen",02_anexo_india_sa_2017.pdf
IND,expanded_2017,HS2017,14,02072500,02072500,020725,national8,exact,50,50,0,0,"02072500 50% cuts and offal, frozen",02_anexo_india_sa_2017.pdf
IND,expanded_2017,HS2017,15,02072700,02072700,020727,national8,exact,50,50,0,0,"02072700 50% Hams, shoulders and cuts thereof, with",02_anexo_india_sa_2017.pdf
IND,expanded_2017,HS2017,16,02101100,02101100,021011,national8,exact,50,50,0,0,02101100 bone in 50% Bellies (streaky) and cuts thereof,02_anexo_india_sa_2017.pdf
IND,expanded_2017,HS2017,17,02101200,02101200,021012,national8,exact,50,50,0,0,02101200 50% Other,02_anexo_india_sa_2017.pdf
IND,expanded_2017,HS2017,18,02101900,02101900,021019,national8,exact,50,50,0,0,02101900 50% Meat of bovine animals,02_anexo_india_sa_2017.pdf
IND,expanded_2017,HS2017,19,02102000,02102000,021020,national8,exact,50,50,0,0,02102000 50% Other,02_anexo_india_sa_2017.pdf
IND,expanded_2017,HS2017,20,02109900,02109900,021099,national8,exact,50,50,0,0,"02109900 50% Trout (Salmo trutta, Oncorhyncus mykiss, Oncorhyncus clarkii, Oncorhyncus aguabonita, Oncorhyncus",02_anexo_india_sa_2017.pdf
IND,expanded_2017,HS2017,21,03021100,03021100,030211,national8,exact,20,20,0,0,"03021100 20% gilae, Oncorhyncus apache and Oncorhyncus chrysogaster) Pacific salmon (Oncorhynchus nerka, Oncorhynchus gorbuscha, Oncorhynchus keta, On",02_anexo_india_sa_2017.pdf
IND,expanded_2017,HS2017,22,03021300,03021300,030213,national8,exact,50,50,0,0,"03021300 50% Oncorhynchus kisutch, Oncorhynchus masou and Oncorhynchus rhodurus) Sword fish (Xiphias gladius)",02_anexo_india_sa_2017.pdf
IND,expanded_2017,HS2017,23,03024700,03024700,030247,national8,exact,20,20,0,0,03024700 20% Other,02_anexo_india_sa_2017.pdf
IND,expanded_2017,HS2017,24,03028300,03028300,030283,national8,exact,20,20,0,0,03028300 20% Hilsa ( Tenualosa ilisha),02_anexo_india_sa_2017.pdf
IND,expanded_2017,HS2017,25,03028910,03028910,030289,national8,exact,20,20,0,0,03028910 20% Dara,02_anexo_india_sa_2017.pdf
IND,expanded_2017,HS2017,26,03028920,03028920,030289,national8,exact,20,20,0,0,03028920 20% Pomfret,02_anexo_india_sa_2017.pdf
IND,expanded_2017,HS2017,27,03028930,03028930,030289,national8,exact,20,20,0,0,03028930 20% Other,02_anexo_india_sa_2017.pdf
IND,expanded_2017,HS2017,28,03028990,03028990,030289,national8,exact,20,20,0,0,03028990 20%,02_anexo_india_sa_2017.pdf
IND,expanded_2017,HS2017,29,030299,030299,030299,subheading6,pending_concordance,50,50,0,1,"030299 All Goods of tariff item 03021300 50% All Goods of tariff items 03021100,",02_anexo_india_sa_2017.pdf
IND,expanded_2017,HS2017,29,03021300,03021300,030213,national8,exact,50,50,0,0,"030299 All Goods of tariff item 03021300 50% All Goods of tariff items 03021100,",02_anexo_india_sa_2017.pdf
IND,expanded_2017,HS2017,29,03021100,03021100,030211,national8,exact,50,50,0,0,"030299 All Goods of tariff item 03021300 50% All Goods of tariff items 03021100,",02_anexo_india_sa_2017.pdf
IND,expanded_2017,HS2017,30,030299,030299,030299,subheading6,pending_concordance,20,20,0,1,"030299 03024700, 03028300, 03028910, 20% 03028920, 03028930, 03028990 Sockeye salmon (red salmon)",02_anexo_india_sa_2017.pdf
IND,expanded_2017,HS2017,30,03024700,03024700,030247,national8,exact,20,20,0,0,"030299 03024700, 03028300, 03028910, 20% 03028920, 03028930, 03028990 Sockeye salmon (red salmon)",02_anexo_india_sa_2017.pdf
IND,expanded_2017,HS2017,30,03028300,03028300,030283,national8,exact,20,20,0,0,"030299 03024700, 03028300, 03028910, 20% 03028920, 03028930, 03028990 Sockeye salmon (red salmon)",02_anexo_india_sa_2017.pdf
IND,expanded_2017,HS2017,30,03028910,03028910,030289,national8,exact,20,20,0,0,"030299 03024700, 03028300, 03028910, 20% 03028920, 03028930, 03028990 Sockeye salmon (red salmon)",02_anexo_india_sa_2017.pdf
IND,expanded_2017,HS2017,30,03028920,03028920,030289,national8,exact,20,20,0,0,"030299 03024700, 03028300, 03028910, 20% 03028920, 03028930, 03028990 Sockeye salmon (red salmon)",02_anexo_india_sa_2017.pdf
IND,expanded_2017,HS2017,30,03028930,03028930,030289,national8,exact,20,20,0,0,"030299 03024700, 03028300, 03028910, 20% 03028920, 03028930, 03028990 Sockeye salmon (red salmon)",02_anexo_india_sa_2017.pdf
IND,expanded_2017,HS2017,30,03028990,03028990,030289,national8,exact,20,20,0,0,"030299 03024700, 03028300, 03028910, 20% 03028920, 03028930, 03028990 Sockeye salmon (red salmon)",02_anexo_india_sa_2017.pdf
IND,expanded_2017,HS2017,31,03031100,03031100,030311,national8,exact,50,50,0,0,"03031100 (Oncorhynchus nerka) 50% Other Pacific salmon (Oncorhynchus gorbuscha, Oncorhynchus keta, Oncorhynchus tschawytscha,",02_anexo_india_sa_2017.pdf
IND,expanded_2017,HS2017,32,03031200,03031200,030312,national8,exact,50,50,0,0,"03031200 50% Oncorhynchus kisutch, Oncorhynchus masou and Oncorhynchus rhodurus) Atlantic salmon",02_anexo_india_sa_2017.pdf
IND,expanded_2017,HS2017,33,03031300,03031300,030313,national8,exact,50,50,0,0,"03031300 50% Trout (Salmo trutta, Oncorhynchus mykiss, Oncorhynchus clarkii, Oncorhynchus aguabonita,",02_anexo_india_sa_2017.pdf
IND,expanded_2017,HS2017,34,03031400,03031400,030314,national8,exact,20,20,0,0,"03031400 20% Oncorhynchus gilae, Oncorhynchus apache and Oncorhynchus chrysogaster) Sword fish (Xiphias gladius)",02_anexo_india_sa_2017.pdf
IND,expanded_2017,HS2017,35,03035700,03035700,030357,national8,exact,50,50,0,0,"03035700 50% Cod (Gadus morhua, Gadus ogac, Gadus",02_anexo_india_sa_2017.pdf
IND,expanded_2017,HS2017,36,03036300,03036300,030363,national8,exact,50,50,0,0,03036300 macrocephalus) 50% Other,02_anexo_india_sa_2017.pdf
IND,expanded_2017,HS2017,37,03038300,03038300,030383,national8,exact,20,20,0,0,03038300 20% Sardines,02_anexo_india_sa_2017.pdf
IND,expanded_2017,HS2017,38,03035300,03035300,030353,national8,exact,20,20,0,0,03035300 20% Mackerel,02_anexo_india_sa_2017.pdf
IND,expanded_2017,HS2017,39,03035400,03035400,030354,national8,exact,20,20,0,0,03035400 20% Seabass,02_anexo_india_sa_2017.pdf
IND,expanded_2017,HS2017,40,03038400,03038400,030384,national8,exact,50,50,0,0,03038400 50% Hake,02_anexo_india_sa_2017.pdf
IND,expanded_2017,HS2017,41,03036600,03036600,030366,national8,exact,50,50,0,0,03036600 50% Hilsa,02_anexo_india_sa_2017.pdf
IND,expanded_2017,HS2017,42,03038910,03038910,030389,national8,exact,20,20,0,0,03038910 20% Dara,02_anexo_india_sa_2017.pdf
IND,expanded_2017,HS2017,43,03038920,03038920,030389,national8,exact,20,20,0,0,03038920 20% Ribbon fish,02_anexo_india_sa_2017.pdf
IND,expanded_2017,HS2017,44,03038930,03038930,030389,national8,exact,20,20,0,0,03038930 20% Seer,02_anexo_india_sa_2017.pdf
IND,expanded_2017,HS2017,45,03038940,03038940,030389,national8,exact,20,20,0,0,03038940 20% Pomfret (white or silver or black),02_anexo_india_sa_2017.pdf
IND,expanded_2017,HS2017,46,03038950,03038950,030389,national8,exact,20,20,0,0,03038950 20% Ghol,02_anexo_india_sa_2017.pdf
IND,expanded_2017,HS2017,47,03038960,03038960,030389,national8,exact,20,20,0,0,03038960 20% Threadfin,02_anexo_india_sa_2017.pdf
IND,expanded_2017,HS2017,48,03038970,03038970,030389,national8,exact,20,20,0,0,"03038970 20% Croakers, groupers and flounders",02_anexo_india_sa_2017.pdf
IND,expanded_2017,HS2017,49,03038980,03038980,030389,national8,exact,20,20,0,0,03038980 20% Other,02_anexo_india_sa_2017.pdf
IND,expanded_2017,HS2017,50,03038990,03038990,030389,national8,exact,20,20,0,0,03038990 20%,02_anexo_india_sa_2017.pdf
IND,expanded_2017,HS2017,51,03035900,03035900,030359,national8,pending_concordance,20,20,0,1,"03035900 Other 20% Carp (Cyprinus carpio, Carassius Carassius, Ctenopharyngodon idellus, Hypophthalmichthys spp., Cirrhinus spp.,",02_anexo_india_sa_2017.pdf
IND,expanded_2017,HS2017,52,03032500,03032500,030325,national8,exact,20,20,0,0,"03032500 Mylopharyngodon piceus, Catla Catla, 20% Labeo spp., Osteochilus hasselti, Leptobarbus hoeveni, Megalobroma spp) Fish fins other than shark f",02_anexo_india_sa_2017.pdf
IND,expanded_2017,HS2017,53,03039910,03039910,030399,national8,pending_concordance,20,20,0,1,03039910 tails and maws 20% Other edible fish offal,02_anexo_india_sa_2017.pdf
IND,expanded_2017,HS2017,54,03039990,03039990,030399,national8,pending_concordance,20,20,0,1,03039990 20% Egg or egg yolk of fish,02_anexo_india_sa_2017.pdf
IND,expanded_2017,HS2017,55,03039110,03039110,030391,national8,pending_concordance,20,20,0,1,03039110 20% Other,02_anexo_india_sa_2017.pdf
IND,expanded_2017,HS2017,56,03039190,03039190,030391,national8,pending_concordance,20,20,0,1,03039190 20%,02_anexo_india_sa_2017.pdf
IND,expanded_2017,HS2017,57,03039190,03039190,030391,national8,pending_concordance,50,50,0,1,"03039190 Other 50% Fish fins, heads, tails, maws and other edible fish offal of tariff items 03031100,",02_anexo_india_sa_2017.pdf
IND,expanded_2017,HS2017,57,03031100,03031100,030311,national8,exact,50,50,0,0,"03039190 Other 50% Fish fins, heads, tails, maws and other edible fish offal of tariff items 03031100,",02_anexo_india_sa_2017.pdf
IND,expanded_2017,HS2017,58,030399,030399,030399,subheading6,pending_concordance,50,50,0,1,"030399 50% 03031200, 3031300, 03035700, 03036300, 03038400, 03036600 Fish fins, heads, tails, maws and other edible fish offal of tariff items 0303140",02_anexo_india_sa_2017.pdf
IND,expanded_2017,HS2017,58,03031200,03031200,030312,national8,exact,50,50,0,0,"030399 50% 03031200, 3031300, 03035700, 03036300, 03038400, 03036600 Fish fins, heads, tails, maws and other edible fish offal of tariff items 0303140",02_anexo_india_sa_2017.pdf
IND,expanded_2017,HS2017,58,03035700,03035700,030357,national8,exact,50,50,0,0,"030399 50% 03031200, 3031300, 03035700, 03036300, 03038400, 03036600 Fish fins, heads, tails, maws and other edible fish offal of tariff items 0303140",02_anexo_india_sa_2017.pdf
IND,expanded_2017,HS2017,58,03036300,03036300,030363,national8,exact,50,50,0,0,"030399 50% 03031200, 3031300, 03035700, 03036300, 03038400, 03036600 Fish fins, heads, tails, maws and other edible fish offal of tariff items 0303140",02_anexo_india_sa_2017.pdf
IND,expanded_2017,HS2017,58,03038400,03038400,030384,national8,exact,50,50,0,0,"030399 50% 03031200, 3031300, 03035700, 03036300, 03038400, 03036600 Fish fins, heads, tails, maws and other edible fish offal of tariff items 0303140",02_anexo_india_sa_2017.pdf
IND,expanded_2017,HS2017,58,03036600,03036600,030366,national8,exact,50,50,0,0,"030399 50% 03031200, 3031300, 03035700, 03036300, 03038400, 03036600 Fish fins, heads, tails, maws and other edible fish offal of tariff items 0303140",02_anexo_india_sa_2017.pdf
IND,expanded_2017,HS2017,58,03031400,03031400,030314,national8,exact,50,50,0,0,"030399 50% 03031200, 3031300, 03035700, 03036300, 03038400, 03036600 Fish fins, heads, tails, maws and other edible fish offal of tariff items 0303140",02_anexo_india_sa_2017.pdf
IND,expanded_2017,HS2017,58,03038300,03038300,030383,national8,exact,50,50,0,0,"030399 50% 03031200, 3031300, 03035700, 03036300, 03038400, 03036600 Fish fins, heads, tails, maws and other edible fish offal of tariff items 0303140",02_anexo_india_sa_2017.pdf
IND,expanded_2017,HS2017,58,03035300,03035300,030353,national8,exact,50,50,0,0,"030399 50% 03031200, 3031300, 03035700, 03036300, 03038400, 03036600 Fish fins, heads, tails, maws and other edible fish offal of tariff items 0303140",02_anexo_india_sa_2017.pdf
IND,expanded_2017,HS2017,58,03035400,03035400,030354,national8,exact,50,50,0,0,"030399 50% 03031200, 3031300, 03035700, 03036300, 03038400, 03036600 Fish fins, heads, tails, maws and other edible fish offal of tariff items 0303140",02_anexo_india_sa_2017.pdf
IND,expanded_2017,HS2017,59,030399,030399,030399,subheading6,pending_concordance,20,20,0,1,"030399 20% 03038910, 03038920, 03038930, 03038940, 03038950, 03038960, 03038970, 03038980 Swordfish (Xiphias gladius)",02_anexo_india_sa_2017.pdf
IND,expanded_2017,HS2017,59,03038910,03038910,030389,national8,exact,20,20,0,0,"030399 20% 03038910, 03038920, 03038930, 03038940, 03038950, 03038960, 03038970, 03038980 Swordfish (Xiphias gladius)",02_anexo_india_sa_2017.pdf
IND,expanded_2017,HS2017,59,03038920,03038920,030389,national8,exact,20,20,0,0,"030399 20% 03038910, 03038920, 03038930, 03038940, 03038950, 03038960, 03038970, 03038980 Swordfish (Xiphias gladius)",02_anexo_india_sa_2017.pdf
IND,expanded_2017,HS2017,59,03038930,03038930,030389,national8,exact,20,20,0,0,"030399 20% 03038910, 03038920, 03038930, 03038940, 03038950, 03038960, 03038970, 03038980 Swordfish (Xiphias gladius)",02_anexo_india_sa_2017.pdf
IND,expanded_2017,HS2017,59,03038940,03038940,030389,national8,exact,20,20,0,0,"030399 20% 03038910, 03038920, 03038930, 03038940, 03038950, 03038960, 03038970, 03038980 Swordfish (Xiphias gladius)",02_anexo_india_sa_2017.pdf
IND,expanded_2017,HS2017,59,03038950,03038950,030389,national8,exact,20,20,0,0,"030399 20% 03038910, 03038920, 03038930, 03038940, 03038950, 03038960, 03038970, 03038980 Swordfish (Xiphias gladius)",02_anexo_india_sa_2017.pdf
IND,expanded_2017,HS2017,59,03038960,03038960,030389,national8,exact,20,20,0,0,"030399 20% 03038910, 03038920, 03038930, 03038940, 03038950, 03038960, 03038970, 03038980 Swordfish (Xiphias gladius)",02_anexo_india_sa_2017.pdf
IND,expanded_2017,HS2017,59,03038970,03038970,030389,national8,exact,20,20,0,0,"030399 20% 03038910, 03038920, 03038930, 03038940, 03038950, 03038960, 03038970, 03038980 Swordfish (Xiphias gladius)",02_anexo_india_sa_2017.pdf
IND,expanded_2017,HS2017,59,03038980,03038980,030389,national8,exact,20,20,0,0,"030399 20% 03038910, 03038920, 03038930, 03038940, 03038950, 03038960, 03038970, 03038980 Swordfish (Xiphias gladius)",02_anexo_india_sa_2017.pdf
IND,expanded_2017,HS2017,60,03044500,03044500,030445,national8,exact,20,20,0,0,03044500 20% Swordfish (Xiphias gladius),02_anexo_india_sa_2017.pdf
IND,expanded_2017,HS2017,61,03045400,03045400,030454,national8,exact,20,20,0,0,03045400 20% Toothfish(Dissostichus spp.),02_anexo_india_sa_2017.pdf
IND,expanded_2017,HS2017,62,03044600,03044600,030446,national8,exact,20,20,0,0,03044600 20% Toothfish (Dissostichus spp.),02_anexo_india_sa_2017.pdf
IND,expanded_2017,HS2017,63,03045500,03045500,030455,national8,exact,20,20,0,0,03045500 20% Other,02_anexo_india_sa_2017.pdf
IND,expanded_2017,HS2017,64,03043900,03043900,030439,national8,exact,50,50,0,0,03043900 50% Dogfish and other sharks,02_anexo_india_sa_2017.pdf
IND,expanded_2017,HS2017,65,03044700,03044700,030447,national8,pending_concordance,50,50,0,1,03044700 50% Rays and skates (Rajidae),02_anexo_india_sa_2017.pdf
IND,expanded_2017,HS2017,66,03044800,03044800,030448,national8,pending_concordance,50,50,0,1,03044800 50%,02_anexo_india_sa_2017.pdf
IND,expanded_2017,HS2017,67,030449,030449,030449,subheading6,exact,50,50,0,0,"030449 All Goods 50% Tilapias (Oreochromis spp.), catfish (Pangasius spp., Silurus spp., Clarias spp., Ictalurus spp.), carp (Cyprinus spp., Carassius",02_anexo_india_sa_2017.pdf
IND,expanded_2017,HS2017,68,03045100,03045100,030451,national8,exact,50,50,0,0,"03045100 50% Catla catla, Labeo spp., Osteochilus hasselti, Leptobarbus hoeveni, Megalobrama spp.), eels (Anguilla spp.), Nile perch (Lates niloticus)",02_anexo_india_sa_2017.pdf
IND,expanded_2017,HS2017,69,03045600,03045600,030456,national8,pending_concordance,50,50,0,1,03045600 50% Rays and skates (Rajidae),02_anexo_india_sa_2017.pdf
IND,expanded_2017,HS2017,70,03045700,03045700,030457,national8,pending_concordance,50,50,0,1,03045700 50%,02_anexo_india_sa_2017.pdf
IND,expanded_2017,HS2017,71,030459,030459,030459,subheading6,exact,50,50,0,0,030459 All Goods 50% Toothfish (Dissostichus spp.),02_anexo_india_sa_2017.pdf
IND,expanded_2017,HS2017,72,03048500,03048500,030485,national8,exact,20,20,0,0,03048500 20% Hilsa (Tenualosa ilisha),02_anexo_india_sa_2017.pdf
IND,expanded_2017,HS2017,73,03048910,03048910,030489,national8,exact,20,20,0,0,03048910 20% Other sharks,02_anexo_india_sa_2017.pdf
IND,expanded_2017,HS2017,74,03048820,03048820,030488,national8,pending_concordance,20,20,0,1,03048820 20% Rays and skates (Rajidae),02_anexo_india_sa_2017.pdf
IND,expanded_2017,HS2017,75,03048930,03048930,030489,national8_range,exact,20,20,1,1,"03048930 20% 030461 to Frozen fillets of fish other than Swordfish,",02_anexo_india_sa_2017.pdf
IND,expanded_2017,HS2017,75,030461,030461,030461,subheading6_range,exact,20,20,1,1,"03048930 20% 030461 to Frozen fillets of fish other than Swordfish,",02_anexo_india_sa_2017.pdf
IND,expanded_2017,HS2017,76,030499,030499,030499,subheading6,exact,20,20,0,0,"20% 030499 Toothfish, Hilsa, Shark, Seer or Tuna",02_anexo_india_sa_2017.pdf
IND,expanded_2017,HS2017,77,03049100,03049100,030491,national8,exact,20,20,0,0,03049100 All Goods 20%,02_anexo_india_sa_2017.pdf
IND,expanded_2017,HS2017,78,03049200,03049200,030492,national8,exact,20,20,0,0,"03049200 All Goods 20% All Goods of Catla catla, Labeo spp.,",02_anexo_india_sa_2017.pdf
IND,expanded_2017,HS2017,79,03049300,03049300,030493,national8,exact,50,50,0,0,"03049300 Osteochilus hasselti, Leptobarbus hoeveni, 50% Megalobrama spp. All Goods of Catla catla, Labeo spp.,",02_anexo_india_sa_2017.pdf
IND,expanded_2017,HS2017,80,03049600,03049600,030496,national8,pending_concordance,50,50,0,1,"03049600 Osteochilus hasselti, Leptobarbus hoeveni, 50% Megalobrama spp. All Goods of Catla catla, Labeo spp.,",02_anexo_india_sa_2017.pdf
IND,expanded_2017,HS2017,81,03049700,03049700,030497,national8,pending_concordance,50,50,0,1,"03049700 Osteochilus hasselti, Leptobarbus hoeveni, 50% Megalobrama spp.",02_anexo_india_sa_2017.pdf
IND,expanded_2017,HS2017,82,03049900,03049900,030499,national8,exact,50,50,0,0,"03049900 All Goods 50% Livers, roes and milt of fish, dried,",02_anexo_india_sa_2017.pdf
IND,expanded_2017,HS2017,83,03052000,03052000,030520,national8,exact,50,50,0,0,"03052000 smoked, salted or in brine 50% Tilapias (Oreochromis spp.), catfish (Pangasius spp., Silurus spp., Clarias spp., Ictalurus spp.), carp (Cypri",02_anexo_india_sa_2017.pdf
IND,expanded_2017,HS2017,84,03053100,03053100,030531,national8,exact,20,20,0,0,"03053100 20% Catla catla, Labeo spp., Osteochilus hasselti, Leptobarbus hoeveni, Megalobrama spp.), eels (Anguilla spp.), Nile perch (Lates niloticus)",02_anexo_india_sa_2017.pdf
IND,expanded_2017,HS2017,85,03053200,03053200,030532,national8,exact,20,20,0,0,"03053200 Melanonidae, Merlucciidae, Moridae and 20% Muraenolepididae Other",02_anexo_india_sa_2017.pdf
IND,expanded_2017,HS2017,86,03053900,03053900,030539,national8,exact,20,20,0,0,"03053900 20% Pacific salmon (Oncorhynchus nerka, Oncorhynchus gorbuscha, Oncorhynchus keta, Oncorhynchus tschawytscha, Oncorhynchus kisutch, Oncorhync",02_anexo_india_sa_2017.pdf
IND,expanded_2017,HS2017,87,03054100,03054100,030541,national8,exact,50,50,0,0,"03054100 50% masou and Oncorhynchus rhodurus), Atlantic salmon (Salmo salar) and Danube salmon (Hucho Hucho) Tilapias (Oreochromis spp.), catfish (Pan",02_anexo_india_sa_2017.pdf
IND,expanded_2017,HS2017,88,03054400,03054400,030544,national8,exact,50,50,0,0,"03054400 50% idellus, Hypophthalmichthys spp., Cirrhinus spp., Mylopharyngodon piceus, Catla catla, Labeo spp., Osteochilus hasselti, Leptobarbus hoev",02_anexo_india_sa_2017.pdf
IND,expanded_2017,HS2017,89,03054900,03054900,030549,national8,exact,50,50,0,0,03054900 50% mumbai duck,02_anexo_india_sa_2017.pdf
IND,expanded_2017,HS2017,90,03055910,03055910,030559,national8,exact,50,50,0,0,03055910 50% seer without head,02_anexo_india_sa_2017.pdf
IND,expanded_2017,HS2017,91,03055920,03055920,030559,national8,exact,50,50,0,0,03055920 50% sprats,02_anexo_india_sa_2017.pdf
IND,expanded_2017,HS2017,92,03055930,03055930,030559,national8,exact,50,50,0,0,"03055930 50% Tilapias (Oreochromis spp.), catfish (Pangasius spp., Silurus spp., Clarias spp., Ictalurus spp.), carp (Cyprinus spp., Carassius spp., C",02_anexo_india_sa_2017.pdf
IND,expanded_2017,HS2017,93,03055200,03055200,030552,national8,pending_concordance,50,50,0,1,"03055200 50% Catla catla, Labeo spp., Osteochilus hasselti, Leptobarbus hoeveni, Megalobrama spp.), eels (Anguilla spp.), Nile perch (Lates niloticus)",02_anexo_india_sa_2017.pdf
IND,expanded_2017,HS2017,94,03055300,03055300,030553,national8,pending_concordance,50,50,0,1,"03055300 Muraenolepididae, other than cod ( Gadus 50% morhua, Gadus ogac, Gadus macrocephalus) Herrings (Clupea harengus, Clupea pallasii), anchovies ",02_anexo_india_sa_2017.pdf
IND,expanded_2017,HS2017,95,03055400,03055400,030554,national8,pending_concordance,50,50,0,1,"03055400 50% seerfishes (Scomberomorus spp.), jack and horse mackerel (Trachurus spp.), jacks, crevalles (Caranx spp.), cobia (Rachycentron canadum), ",02_anexo_india_sa_2017.pdf
IND,expanded_2017,HS2017,96,03055990,03055990,030559,national8,exact,50,50,0,0,"03055990 50% Tilapias (Oreochromis spp.), catfish (Pangasius spp., Silurus spp., Clarias spp., Ictalurus spp.), carp (Cyprinus spp., Carassius spp., C",02_anexo_india_sa_2017.pdf
IND,expanded_2017,HS2017,97,03056400,03056400,030564,national8,exact,50,50,0,0,"03056400 50% Catla catla, Labeo spp., Osteochilus hasselti, Leptobarbus hoeveni, Megalobrama spp.), eels (Anguilla spp.), Nile perch (Lates niloticus)",02_anexo_india_sa_2017.pdf
IND,expanded_2017,HS2017,98,03056990,03056990,030569,national8,exact,50,50,0,0,03056990 50% Accelerated Freeze Dried (AFD),02_anexo_india_sa_2017.pdf
IND,expanded_2017,HS2017,99,03061711,03061711,030617,national8,exact,20,20,0,0,03061711 20% Other,02_anexo_india_sa_2017.pdf
IND,expanded_2017,HS2017,100,03061719,03061719,030617,national8,exact,20,20,0,0,03061719 20% 030616 or,02_anexo_india_sa_2017.pdf
IND,expanded_2017,HS2017,100,030616,030616,030616,subheading6,exact,20,20,0,0,03061719 20% 030616 or,02_anexo_india_sa_2017.pdf
IND,expanded_2017,HS2017,101,030617,030617,030617,subheading6,exact,20,20,0,0,Prawns 20% 030617 Carbs,02_anexo_india_sa_2017.pdf
IND,expanded_2017,HS2017,102,03061400,03061400,030614,national8,exact,20,20,0,0,"03061400 20% Other, including flours, meals and pellets of crustaceans, fit for human",02_anexo_india_sa_2017.pdf
IND,expanded_2017,HS2017,103,03061900,03061900,030619,national8,exact,20,20,0,0,"03061900 20% consumption live, fresh or chilled",02_anexo_india_sa_2017.pdf
IND,expanded_2017,HS2017,104,03072100,03072100,030721,national8,exact,50,50,0,0,03072100 50% Frozen,02_anexo_india_sa_2017.pdf
IND,expanded_2017,HS2017,105,03072200,03072200,030722,national8,pending_concordance,50,50,0,1,03072200 50% other,02_anexo_india_sa_2017.pdf
IND,expanded_2017,HS2017,106,03072900,03072900,030729,national8,exact,50,50,0,0,"03072900 50% clams, clam meat (bivalves-Victoria, spp.,",02_anexo_india_sa_2017.pdf
IND,expanded_2017,HS2017,107,03073910,03073910,030739,national8,exact,50,50,0,0,03073910 Mertrix spp.and Katalysia spp.) 50% Frozen,02_anexo_india_sa_2017.pdf
IND,expanded_2017,HS2017,108,03073200,03073200,030732,national8,pending_concordance,50,50,0,1,03073200 50% Other,02_anexo_india_sa_2017.pdf
IND,expanded_2017,HS2017,109,03073990,03073990,030739,national8,exact,50,50,0,0,03073990 50% Frozen,02_anexo_india_sa_2017.pdf
IND,expanded_2017,HS2017,110,03075200,03075200,030752,national8,pending_concordance,50,50,0,1,03075200 50% other,02_anexo_india_sa_2017.pdf
IND,expanded_2017,HS2017,111,03075900,03075900,030759,national8,exact,50,50,0,0,"03075900 50% Live, fresh or chilled stromboid conchs",02_anexo_india_sa_2017.pdf
IND,expanded_2017,HS2017,112,03078200,03078200,030782,national8,pending_concordance,50,50,0,1,"03078200 (Strombus spp.) 50% Live, fresh or chilled",02_anexo_india_sa_2017.pdf
IND,expanded_2017,HS2017,113,03079100,03079100,030791,national8,exact,50,50,0,0,03079100 50% 03077900 Other,02_anexo_india_sa_2017.pdf
IND,expanded_2017,HS2017,113,03077900,03077900,030779,national8,exact,50,50,0,0,03079100 50% 03077900 Other,02_anexo_india_sa_2017.pdf
IND,expanded_2017,HS2017,114,03078900,03078900,030789,national8,exact,50,50,0,0,50% 03078900 Other,02_anexo_india_sa_2017.pdf
IND,expanded_2017,HS2017,115,03079900,03079900,030799,national8,exact,50,50,0,0,50% 03079900 Other,02_anexo_india_sa_2017.pdf
IND,expanded_2017,HS2017,116,,,,textual,manual,50,50,1,1,50% Guts of cattle for natural food casings,02_anexo_india_sa_2017.pdf
IND,expanded_2017,HS2017,117,05040010,05040010,050400,national8,exact,50,50,0,0,05040010 50% Guts of sheep and goats for natural food,02_anexo_india_sa_2017.pdf
IND,expanded_2017,HS2017,118,05040020,05040020,050400,national8,exact,50,50,0,0,05040020 casings 50% Other,02_anexo_india_sa_2017.pdf
IND,expanded_2017,HS2017,119,05040039,05040039,050400,national8,exact,50,50,0,0,05040039 50% Other,02_anexo_india_sa_2017.pdf
IND,expanded_2017,HS2017,120,05040049,05040049,050400,national8,exact,50,50,0,0,05040049 50% Other,02_anexo_india_sa_2017.pdf
IND,expanded_2017,HS2017,121,05040059,05040059,050400,national8,exact,50,50,0,0,05040059 50% Other,02_anexo_india_sa_2017.pdf
IND,expanded_2017,HS2017,122,05119190,05119190,051191,national8,exact,50,50,0,0,05119190 50% Artemia,02_anexo_india_sa_2017.pdf
IND,expanded_2017,HS2017,123,05119911,05119911,051199,national8,exact,50,50,0,0,05119911 50% Other,02_anexo_india_sa_2017.pdf
IND,expanded_2017,HS2017,124,05119919,05119919,051199,national8,exact,50,50,0,0,05119919 50% Other,02_anexo_india_sa_2017.pdf
IND,expanded_2017,HS2017,125,05119929,05119929,051199,national8,exact,50,50,0,0,"05119929 50% Frozen semen, other than bovine; bovine",02_anexo_india_sa_2017.pdf
IND,expanded_2017,HS2017,126,05119991,05119991,051199,national8,exact,50,50,0,0,05119991 embryo 50% Other,02_anexo_india_sa_2017.pdf
IND,expanded_2017,HS2017,127,05119999,05119999,051199,national8,exact,50,50,0,0,05119999 50% Onions,02_anexo_india_sa_2017.pdf
IND,expanded_2017,HS2017,128,07031010,07031010,070310,national8,exact,100,100,0,0,07031010 100% Shallots,02_anexo_india_sa_2017.pdf
IND,expanded_2017,HS2017,129,07031020,07031020,070310,national8,exact,100,100,0,0,07031020 100% Garlic,02_anexo_india_sa_2017.pdf
IND,expanded_2017,HS2017,130,07032000,07032000,070320,national8,exact,25,25,0,0,07032000 25% peas,02_anexo_india_sa_2017.pdf
IND,expanded_2017,HS2017,131,07102100,07102100,071021,national8,exact,100,100,0,0,"07102100 100% spinach, new zealand spinach and orache",02_anexo_india_sa_2017.pdf
IND,expanded_2017,HS2017,132,07103000,07103000,071030,national8,exact,20,20,0,0,07103000 spinach 20% terragon,02_anexo_india_sa_2017.pdf
IND,expanded_2017,HS2017,133,07108010,07108010,071080,national8,exact,100,100,0,0,07108010 100% other,02_anexo_india_sa_2017.pdf
IND,expanded_2017,HS2017,134,07108090,07108090,071080,national8,exact,100,100,0,0,07108090 100% mixtures of vegetables,02_anexo_india_sa_2017.pdf
IND,expanded_2017,HS2017,135,07109000,07109000,071090,national8,exact,25,25,0,0,07109000 25% Asparagus,02_anexo_india_sa_2017.pdf
IND,expanded_2017,HS2017,136,07129010,07129010,071290,national8,exact,25,25,0,0,"07129010 25% Marjoram, oregano",02_anexo_india_sa_2017.pdf
IND,expanded_2017,HS2017,137,07129050,07129050,071290,national8,exact,25,25,0,0,07129050 25% Chickpeas (garbanzos),02_anexo_india_sa_2017.pdf
IND,expanded_2017,HS2017,138,07132000,07132000,071320,national8,exact,25,25,0,0,07132000 25% Beans of the species Vigna mungo,02_anexo_india_sa_2017.pdf
IND,expanded_2017,HS2017,139,07133100,07133100,071331,national8,exact,100,100,0,0,"07133100 100% Kidney Beans, including white pea Beans",02_anexo_india_sa_2017.pdf
IND,expanded_2017,HS2017,140,07133300,07133300,071333,national8,exact,50,50,0,0,07133300 (Phaseolus vulgaris) 50% Bambara beans (Vigna subterranea or,02_anexo_india_sa_2017.pdf
IND,expanded_2017,HS2017,141,07134000,07134000,071340,national8,exact,50,50,0,0,07134000 Voandzeia subterranea) 50%,02_anexo_india_sa_2017.pdf
IND,expanded_2017,HS2017,142,08022100,08022100,080221,national8,exact,25,25,0,0,08022100 Hazel nuts In shell 25% Avocados,02_anexo_india_sa_2017.pdf
IND,expanded_2017,HS2017,143,08044000,08044000,080440,national8,exact,50,50,0,0,08044000 50% Mandarins (including tangerines and,02_anexo_india_sa_2017.pdf
IND,expanded_2017,HS2017,144,08052100,08052100,080521,national8,pending_concordance,20,20,0,1,08052100 satsumas) 20% Clementines,02_anexo_india_sa_2017.pdf
IND,expanded_2017,HS2017,145,08052200,08052200,080522,national8,pending_concordance,20,20,0,1,08052200 20% Other,02_anexo_india_sa_2017.pdf
IND,expanded_2017,HS2017,146,08052900,08052900,080529,national8,pending_concordance,20,20,0,1,08052900 20% Fresh,02_anexo_india_sa_2017.pdf
IND,expanded_2017,HS2017,147,08061000,08061000,080610,national8,exact,20,20,0,0,08061000 20% Apricots,02_anexo_india_sa_2017.pdf
IND,expanded_2017,HS2017,148,08091000,08091000,080910,national8,exact,50,50,0,0,08091000 50% Sour cherries (Prunus cerasus),02_anexo_india_sa_2017.pdf
IND,expanded_2017,HS2017,149,08092100,08092100,080921,national8,exact,100,100,0,0,08092100 100% Other,02_anexo_india_sa_2017.pdf
IND,expanded_2017,HS2017,150,08092900,08092900,080929,national8,exact,100,100,0,0,"08092900 100% Peaches, including nectarine",02_anexo_india_sa_2017.pdf
IND,expanded_2017,HS2017,151,08093000,08093000,080930,national8,exact,20,20,0,0,"08093000 20% Raspberries, blackberries, mulberries and",02_anexo_india_sa_2017.pdf
IND,expanded_2017,HS2017,152,08102000,08102000,081020,national8,exact,50,50,0,0,"08102000 loganberries 50% Cranberries, bilberries and other fruits of",02_anexo_india_sa_2017.pdf
IND,expanded_2017,HS2017,153,08104000,08104000,081040,national8,exact,50,50,0,0,08104000 the genus vaccinium 50% Kiwi fruit,02_anexo_india_sa_2017.pdf
IND,expanded_2017,HS2017,154,08105000,08105000,081050,national8,exact,50,50,0,0,"08105000 50% Tamarind, fresh",02_anexo_india_sa_2017.pdf
IND,expanded_2017,HS2017,155,08109020,08109020,081090,national8,exact,25,25,0,0,08109020 25% Sapota (chico),02_anexo_india_sa_2017.pdf
IND,expanded_2017,HS2017,156,08109030,08109030,081090,national8,exact,25,25,0,0,08109030 25% Custard-apple (ata),02_anexo_india_sa_2017.pdf
IND,expanded_2017,HS2017,157,08109040,08109040,081090,national8,exact,25,25,0,0,08109040 25% Bore,02_anexo_india_sa_2017.pdf
IND,expanded_2017,HS2017,158,08109050,08109050,081090,national8,exact,25,25,0,0,08109050 25% Lichi,02_anexo_india_sa_2017.pdf
IND,expanded_2017,HS2017,159,08109060,08109060,081090,national8,exact,25,25,0,0,08109060 25% Other,02_anexo_india_sa_2017.pdf
IND,expanded_2017,HS2017,160,08109090,08109090,081090,national8,exact,25,25,0,0,08109090 25% Containing added sugar,02_anexo_india_sa_2017.pdf
IND,expanded_2017,HS2017,161,08111010,08111010,081110,national8,exact,50,50,0,0,08111010 50% Not containaing added sugar,02_anexo_india_sa_2017.pdf
IND,expanded_2017,HS2017,162,08111020,08111020,081110,national8,exact,50,50,0,0,08111020 50% Other,02_anexo_india_sa_2017.pdf
IND,expanded_2017,HS2017,163,08111090,08111090,081110,national8,exact,50,50,0,0,08111090 50% Containing added sugar,02_anexo_india_sa_2017.pdf
IND,expanded_2017,HS2017,164,08112010,08112010,081120,national8,exact,50,50,0,0,08112010 50% Not containaing added sugar,02_anexo_india_sa_2017.pdf
IND,expanded_2017,HS2017,165,08112020,08112020,081120,national8,exact,50,50,0,0,08112020 50% Other,02_anexo_india_sa_2017.pdf
IND,expanded_2017,HS2017,166,08112090,08112090,081120,national8,exact,50,50,0,0,08112090 50% Containing added sugar,02_anexo_india_sa_2017.pdf
IND,expanded_2017,HS2017,167,08119010,08119010,081190,national8,exact,50,50,0,0,08119010 50% Other,02_anexo_india_sa_2017.pdf
IND,expanded_2017,HS2017,168,08119090,08119090,081190,national8,exact,50,50,0,0,08119090 50% Cherries,02_anexo_india_sa_2017.pdf
IND,expanded_2017,HS2017,169,08121000,08121000,081210,national8,exact,100,100,0,0,08121000 100% Prunes,02_anexo_india_sa_2017.pdf
IND,expanded_2017,HS2017,170,08132000,08132000,081320,national8,exact,10,10,0,0,08132000 10% 090421 or,02_anexo_india_sa_2017.pdf
IND,expanded_2017,HS2017,170,090421,090421,090421,subheading6,exact,10,10,0,0,08132000 10% 090421 or,02_anexo_india_sa_2017.pdf
IND,expanded_2017,HS2017,171,090422,090422,090422,subheading6,exact,25,25,0,0,Of Jamaica Pepper 25% 090422 Of oats,02_anexo_india_sa_2017.pdf
IND,expanded_2017,HS2017,172,11042200,11042200,110422,national8,exact,25,25,0,0,11042200 25% Not roasted,02_anexo_india_sa_2017.pdf
IND,expanded_2017,HS2017,173,11071000,11071000,110710,national8,exact,25,25,0,0,11071000 25% Roasted,02_anexo_india_sa_2017.pdf
IND,expanded_2017,HS2017,174,11072000,11072000,110720,national8,exact,25,25,0,0,11072000 25% Clover (Trifolium spp.) Seed,02_anexo_india_sa_2017.pdf
IND,expanded_2017,HS2017,175,12092200,12092200,120922,national8,exact,50,50,0,0,12092200 50% Seeds of herbaceous plants cultivated,02_anexo_india_sa_2017.pdf
IND,expanded_2017,HS2017,176,12093000,12093000,120930,national8,exact,50,50,0,0,12093000 principally for their flowers 50% Of cabbage,02_anexo_india_sa_2017.pdf
IND,expanded_2017,HS2017,177,12099110,12099110,120991,national8,exact,50,50,0,0,12099110 50% Of cauliflower,02_anexo_india_sa_2017.pdf
IND,expanded_2017,HS2017,178,12099120,12099120,120991,national8,exact,50,50,0,0,12099120 50% Of onion,02_anexo_india_sa_2017.pdf
IND,expanded_2017,HS2017,179,12099130,12099130,120991,national8,exact,50,50,0,0,12099130 50% Of pea,02_anexo_india_sa_2017.pdf
IND,expanded_2017,HS2017,180,12099140,12099140,120991,national8,exact,50,50,0,0,12099140 50% of radish,02_anexo_india_sa_2017.pdf
IND,expanded_2017,HS2017,181,12099150,12099150,120991,national8,exact,50,50,0,0,12099150 50% Of Tomato,02_anexo_india_sa_2017.pdf
IND,expanded_2017,HS2017,182,12099160,12099160,120991,national8,exact,80,80,0,0,12099160 80% Other,02_anexo_india_sa_2017.pdf
IND,expanded_2017,HS2017,183,12099190,12099190,120991,national8,exact,50,50,0,0,12099190 50% Fruit seeds for planting or sowing,02_anexo_india_sa_2017.pdf
IND,expanded_2017,HS2017,184,12099910,12099910,120999,national8,exact,50,50,0,0,12099910 50% Other,02_anexo_india_sa_2017.pdf
IND,expanded_2017,HS2017,185,12099990,12099990,120999,national8,exact,50,50,0,0,12099990 50% Ambrette seeds,02_anexo_india_sa_2017.pdf
IND,expanded_2017,HS2017,186,12119011,12119011,121190,national8,exact,50,50,0,0,"12119011 50% Nuxvomica,dried ripe seeds",02_anexo_india_sa_2017.pdf
IND,expanded_2017,HS2017,187,12119012,12119012,121190,national8,exact,50,50,0,0,12119012 50% Psyllium seed,02_anexo_india_sa_2017.pdf
IND,expanded_2017,HS2017,188,12119013,12119013,121190,national8,exact,50,50,0,0,12119013 50% Neem seed,02_anexo_india_sa_2017.pdf
IND,expanded_2017,HS2017,189,12119014,12119014,121190,national8,exact,50,50,0,0,12119014 50% Jojoba seed,02_anexo_india_sa_2017.pdf
IND,expanded_2017,HS2017,190,12119015,12119015,121190,national8,exact,50,50,0,0,12119015 50% Other,02_anexo_india_sa_2017.pdf
IND,expanded_2017,HS2017,191,12119019,12119019,121190,national8,exact,50,50,0,0,12119019 50% Belladona leaves,02_anexo_india_sa_2017.pdf
IND,expanded_2017,HS2017,192,12119021,12119021,121190,national8,exact,50,50,0,0,12119021 50% Senna leaves and pods,02_anexo_india_sa_2017.pdf
IND,expanded_2017,HS2017,193,12119022,12119022,121190,national8,exact,50,50,0,0,"12119022 50% Neem leaves, powder",02_anexo_india_sa_2017.pdf
IND,expanded_2017,HS2017,194,12119023,12119023,121190,national8,exact,50,50,0,0,12119023 50% Gymnema powder,02_anexo_india_sa_2017.pdf
IND,expanded_2017,HS2017,195,12119024,12119024,121190,national8,exact,50,50,0,0,12119024 50% cubeb powder,02_anexo_india_sa_2017.pdf
IND,expanded_2017,HS2017,196,12119025,12119025,121190,national8,exact,50,50,0,0,12119025 50% Pyrethrum,02_anexo_india_sa_2017.pdf
IND,expanded_2017,HS2017,197,12119026,12119026,121190,national8,exact,50,50,0,0,12119026 50% Other,02_anexo_india_sa_2017.pdf
IND,expanded_2017,HS2017,198,12119029,12119029,121190,national8,exact,50,50,0,0,12119029 50% Cascara sagrada bark,02_anexo_india_sa_2017.pdf
IND,expanded_2017,HS2017,199,12119031,12119031,121190,national8,exact,50,50,0,0,12119031 50% Psyllium husk,02_anexo_india_sa_2017.pdf
IND,expanded_2017,HS2017,200,12119032,12119032,121190,national8,exact,50,50,0,0,12119032 50% Camboge fruit rind,02_anexo_india_sa_2017.pdf
IND,expanded_2017,HS2017,201,12119033,12119033,121190,national8,exact,50,50,0,0,12119033 50% Other,02_anexo_india_sa_2017.pdf
IND,expanded_2017,HS2017,202,12119039,12119039,121190,national8,exact,50,50,0,0,12119039 50% Belladona roots,02_anexo_india_sa_2017.pdf
IND,expanded_2017,HS2017,203,12119041,12119041,121190,national8,exact,50,50,0,0,12119041 50% Galangal rhizomes and roots,02_anexo_india_sa_2017.pdf
IND,expanded_2017,HS2017,204,12119042,12119042,121190,national8,exact,50,50,0,0,12119042 50% lpecec dried rhizome and roots,02_anexo_india_sa_2017.pdf
IND,expanded_2017,HS2017,205,12119043,12119043,121190,national8,exact,50,50,0,0,12119043 50% Serpentina roots,02_anexo_india_sa_2017.pdf
IND,expanded_2017,HS2017,206,12119044,12119044,121190,national8,exact,50,50,0,0,12119044 50% Zedovary roots,02_anexo_india_sa_2017.pdf
IND,expanded_2017,HS2017,207,12119045,12119045,121190,national8,exact,50,50,0,0,12119045 50% Kuth root,02_anexo_india_sa_2017.pdf
IND,expanded_2017,HS2017,208,12119046,12119046,121190,national8,exact,50,50,0,0,12119046 50% Sarasaparilla roots,02_anexo_india_sa_2017.pdf
IND,expanded_2017,HS2017,209,12119047,12119047,121190,national8,exact,50,50,0,0,12119047 50% Sweet flag rhizomes,02_anexo_india_sa_2017.pdf
IND,expanded_2017,HS2017,210,12119048,12119048,121190,national8,exact,50,50,0,0,12119048 50% Other,02_anexo_india_sa_2017.pdf
IND,expanded_2017,HS2017,211,12119049,12119049,121190,national8,exact,50,50,0,0,12119049 50% Sandalwood chips and dust,02_anexo_india_sa_2017.pdf
IND,expanded_2017,HS2017,212,12119050,12119050,121190,national8,exact,50,50,0,0,12119050 50% Vinca rosea herbs,02_anexo_india_sa_2017.pdf
IND,expanded_2017,HS2017,213,12119060,12119060,121190,national8,exact,50,50,0,0,12119060 50% Mint including leaves,02_anexo_india_sa_2017.pdf
IND,expanded_2017,HS2017,214,12119070,12119070,121190,national8,exact,50,50,0,0,12119070 50% Agarwood,02_anexo_india_sa_2017.pdf
IND,expanded_2017,HS2017,215,12119080,12119080,121190,national8,exact,50,50,0,0,12119080 50% Chirata,02_anexo_india_sa_2017.pdf
IND,expanded_2017,HS2017,216,12119091,12119091,121190,national8,exact,50,50,0,0,12119091 50% Tukmaria,02_anexo_india_sa_2017.pdf
IND,expanded_2017,HS2017,217,12119092,12119092,121190,national8,exact,50,50,0,0,12119092 50% Unab,02_anexo_india_sa_2017.pdf
IND,expanded_2017,HS2017,218,12119093,12119093,121190,national8,exact,50,50,0,0,"12119093 50% Basil,hyssop,rosemary,sage and savory",02_anexo_india_sa_2017.pdf
IND,expanded_2017,HS2017,219,12119094,12119094,121190,national8,exact,50,50,0,0,12119094 50% Lovage,02_anexo_india_sa_2017.pdf
IND,expanded_2017,HS2017,220,12119095,12119095,121190,national8,exact,50,50,0,0,12119095 50% Garcenia,02_anexo_india_sa_2017.pdf
IND,expanded_2017,HS2017,221,12119096,12119096,121190,national8,exact,50,50,0,0,12119096 50% Other,02_anexo_india_sa_2017.pdf
IND,expanded_2017,HS2017,222,12119099,12119099,121190,national8,exact,50,50,0,0,12119099 50% Seaweeds,02_anexo_india_sa_2017.pdf
IND,expanded_2017,HS2017,223,12122110,12122110,121221,national8,exact,50,50,0,0,12122110 50% Other algae,02_anexo_india_sa_2017.pdf
IND,expanded_2017,HS2017,224,12122190,12122190,121221,national8,exact,50,50,0,0,12122190 50% Other,02_anexo_india_sa_2017.pdf
IND,expanded_2017,HS2017,225,12149000,12149000,121490,national8,exact,50,50,0,0,12149000 50% Agar-agar,02_anexo_india_sa_2017.pdf
IND,expanded_2017,HS2017,226,13023100,13023100,130231,national8,exact,50,50,0,0,13023100 50% Other,02_anexo_india_sa_2017.pdf
IND,expanded_2017,HS2017,227,13023900,13023900,130239,national8,exact,50,50,0,0,13023900 50% cod liver oil,02_anexo_india_sa_2017.pdf
IND,expanded_2017,HS2017,228,15041010,15041010,150410,national8,exact,50,50,0,0,15041010 50% fish body oil,02_anexo_india_sa_2017.pdf
IND,expanded_2017,HS2017,229,15042010,15042010,150420,national8,exact,50,50,0,0,15042010 50% fish lipid oil,02_anexo_india_sa_2017.pdf
IND,expanded_2017,HS2017,230,15042020,15042020,150420,national8,exact,50,50,0,0,15042020 50% Deodorized (Salad Oil),02_anexo_india_sa_2017.pdf
IND,expanded_2017,HS2017,231,15099010,15099010,150990,national8,exact,10,10,0,0,15099010 10% Other,02_anexo_india_sa_2017.pdf
IND,expanded_2017,HS2017,232,15099090,15099090,150990,national8,exact,10,10,0,0,"15099090 10% Sausages and similar products, of meat meat offal or bloods; food preparations",02_anexo_india_sa_2017.pdf
IND,expanded_2017,HS2017,233,16010000,16010000,160100,national8,exact,15,15,0,0,16010000 15% based on these products Homogenised preparations,02_anexo_india_sa_2017.pdf
IND,expanded_2017,HS2017,234,16021000,16021000,160210,national8,exact,15,15,0,0,16021000 15% Of turkeys,02_anexo_india_sa_2017.pdf
IND,expanded_2017,HS2017,235,16023100,16023100,160231,national8,exact,15,15,0,0,16023100 15% Of fowls of the species Gallus domesticus,02_anexo_india_sa_2017.pdf
IND,expanded_2017,HS2017,236,16023200,16023200,160232,national8,exact,15,15,0,0,16023200 15% Other,02_anexo_india_sa_2017.pdf
IND,expanded_2017,HS2017,237,16023900,16023900,160239,national8,exact,50,50,0,0,16023900 50% Hams and cuts thereof,02_anexo_india_sa_2017.pdf
IND,expanded_2017,HS2017,238,16024100,16024100,160241,national8,exact,15,15,0,0,"16024100 15% Other, including mixtures",02_anexo_india_sa_2017.pdf
IND,expanded_2017,HS2017,239,16024900,16024900,160249,national8,exact,50,50,0,0,16024900 50% O bovine animals,02_anexo_india_sa_2017.pdf
IND,expanded_2017,HS2017,240,16025000,16025000,160250,national8,exact,50,50,0,0,16025000 50% salmon,02_anexo_india_sa_2017.pdf
IND,expanded_2017,HS2017,241,16041100,16041100,160411,national8,exact,50,50,0,0,"16041100 50% sardines,sardinella and brisling",02_anexo_india_sa_2017.pdf
IND,expanded_2017,HS2017,242,16041310,16041310,160413,national8,exact,50,50,0,0,16041310 50% sprats,02_anexo_india_sa_2017.pdf
IND,expanded_2017,HS2017,243,16041320,16041320,160413,national8,exact,50,50,0,0,16041320 50% mackerel,02_anexo_india_sa_2017.pdf
IND,expanded_2017,HS2017,244,16041500,16041500,160415,national8,exact,20,20,0,0,16041500 20% anchovies,02_anexo_india_sa_2017.pdf
IND,expanded_2017,HS2017,245,16041600,16041600,160416,national8,exact,50,50,0,0,16041600 50% other,02_anexo_india_sa_2017.pdf
IND,expanded_2017,HS2017,246,16041900,16041900,160419,national8,exact,50,50,0,0,16041900 50% Other prepared or preserved fish,02_anexo_india_sa_2017.pdf
IND,expanded_2017,HS2017,247,16042000,16042000,160420,national8,exact,50,50,0,0,16042000 50% Crab,02_anexo_india_sa_2017.pdf
IND,expanded_2017,HS2017,248,16051000,16051000,160510,national8,exact,20,20,0,0,16051000 20% Not in airtight container,02_anexo_india_sa_2017.pdf
IND,expanded_2017,HS2017,249,16052100,16052100,160521,national8,exact,20,20,0,0,16052100 20% Other,02_anexo_india_sa_2017.pdf
IND,expanded_2017,HS2017,250,16052900,16052900,160529,national8,exact,20,20,0,0,16052900 20%,02_anexo_india_sa_2017.pdf
IND,expanded_2017,HS2017,251,16055600,16055600,160556,national8,exact,50,50,0,0,16055600 Clams 50% Cuttle fish and squid,02_anexo_india_sa_2017.pdf
IND,expanded_2017,HS2017,252,16055400,16055400,160554,national8,exact,20,20,0,0,16055400 20% Octopus,02_anexo_india_sa_2017.pdf
IND,expanded_2017,HS2017,253,16055500,16055500,160555,national8,exact,20,20,0,0,16055500 20% Oysters,02_anexo_india_sa_2017.pdf
IND,expanded_2017,HS2017,254,16055100,16055100,160551,national8,exact,50,50,0,0,16055100 50% Other,02_anexo_india_sa_2017.pdf
IND,expanded_2017,HS2017,255,16055900,16055900,160559,national8,exact,50,50,0,0,"16055900 50% Chewing gum, whether or not sugar",02_anexo_india_sa_2017.pdf
IND,expanded_2017,HS2017,256,17041000,17041000,170410,national8,exact,50,50,0,0,17041000 coated 50% Jelly confectionary,02_anexo_india_sa_2017.pdf
IND,expanded_2017,HS2017,257,17049010,17049010,170490,national8,exact,50,50,0,0,"17049010 50% Boiled sweets, whether or not filled",02_anexo_india_sa_2017.pdf
IND,expanded_2017,HS2017,258,17049020,17049020,170490,national8,exact,50,50,0,0,"17049020 50% Toffees, caramels and similar sweets",02_anexo_india_sa_2017.pdf
IND,expanded_2017,HS2017,259,17049030,17049030,170490,national8,exact,50,50,0,0,17049030 50% other,02_anexo_india_sa_2017.pdf
IND,expanded_2017,HS2017,260,17049090,17049090,170490,national8,exact,50,50,0,0,17049090 50% Filled,02_anexo_india_sa_2017.pdf
IND,expanded_2017,HS2017,261,18063100,18063100,180631,national8,exact,50,50,0,0,18063100 50% Not filled,02_anexo_india_sa_2017.pdf
IND,expanded_2017,HS2017,262,18063200,18063200,180632,national8,exact,50,50,0,0,18063200 50% Malted milk (including powder),02_anexo_india_sa_2017.pdf
IND,expanded_2017,HS2017,263,19011010,19011010,190110,national8,exact,50,50,0,0,19011010 50% Other,02_anexo_india_sa_2017.pdf
IND,expanded_2017,HS2017,264,19011090,19011090,190110,national8,exact,50,50,0,0,19011090 50% Malt extract,02_anexo_india_sa_2017.pdf
IND,expanded_2017,HS2017,265,19019010,19019010,190190,national8,exact,50,50,0,0,19019010 50% Other,02_anexo_india_sa_2017.pdf
IND,expanded_2017,HS2017,266,19019090,19019090,190190,national8,exact,50,50,0,0,19019090 50% Other,02_anexo_india_sa_2017.pdf
IND,expanded_2017,HS2017,267,19021900,19021900,190219,national8,exact,50,50,0,0,19021900 50% Corn flakes,02_anexo_india_sa_2017.pdf
IND,expanded_2017,HS2017,268,19041010,19041010,190410,national8,exact,50,50,0,0,"19041010 50% Paws, mudi and the like",02_anexo_india_sa_2017.pdf
IND,expanded_2017,HS2017,269,19041020,19041020,190410,national8,exact,50,50,0,0,19041020 50% Bulgur wheat,02_anexo_india_sa_2017.pdf
IND,expanded_2017,HS2017,270,19041030,19041030,190410,national8,exact,50,50,0,0,19041030 50% Other,02_anexo_india_sa_2017.pdf
IND,expanded_2017,HS2017,271,19041090,19041090,190410,national8,exact,50,50,0,0,19041090 50% Sweet biscuits,02_anexo_india_sa_2017.pdf
IND,expanded_2017,HS2017,272,19053100,19053100,190531,national8,exact,50,50,0,0,19053100 50% Coated with chocolate or containing,02_anexo_india_sa_2017.pdf
IND,expanded_2017,HS2017,273,19053211,19053211,190532,national8,exact,50,50,0,0,19053211 chocolate 50% Other,02_anexo_india_sa_2017.pdf
IND,expanded_2017,HS2017,274,19053219,19053219,190532,national8,exact,50,50,0,0,19053219 50% Other,02_anexo_india_sa_2017.pdf
IND,expanded_2017,HS2017,275,19053290,19053290,190532,national8,exact,50,50,0,0,19053290 50% Other,02_anexo_india_sa_2017.pdf
IND,expanded_2017,HS2017,276,20019000,20019000,200190,national8,exact,50,50,0,0,20019000 50% Other,02_anexo_india_sa_2017.pdf
IND,expanded_2017,HS2017,277,20029000,20029000,200290,national8,exact,50,50,0,0,20029000 50% Olives,02_anexo_india_sa_2017.pdf
IND,expanded_2017,HS2017,278,20057000,20057000,200570,national8,exact,50,50,0,0,20057000 50% mango,02_anexo_india_sa_2017.pdf
IND,expanded_2017,HS2017,279,20079910,20079910,200799,national8,exact,50,50,0,0,20079910 50% Guava,02_anexo_india_sa_2017.pdf
IND,expanded_2017,HS2017,280,20079920,20079920,200799,national8,exact,50,50,0,0,20079920 50% Pine apple,02_anexo_india_sa_2017.pdf
IND,expanded_2017,HS2017,281,20079930,20079930,200799,national8,exact,50,50,0,0,20079930 50% Apple,02_anexo_india_sa_2017.pdf
IND,expanded_2017,HS2017,282,20079940,20079940,200799,national8,exact,50,50,0,0,20079940 50% Other,02_anexo_india_sa_2017.pdf
IND,expanded_2017,HS2017,283,20079990,20079990,200799,national8,exact,50,50,0,0,"20079990 50% Cashew nut, roasted, salted or roasted",02_anexo_india_sa_2017.pdf
IND,expanded_2017,HS2017,284,20081910,20081910,200819,national8,exact,50,50,0,0,20081910 and salted 50% Other roasted nuts and seeds,02_anexo_india_sa_2017.pdf
IND,expanded_2017,HS2017,285,20081920,20081920,200819,national8,exact,50,50,0,0,"20081920 50% Other nuts, otherwise preparted or",02_anexo_india_sa_2017.pdf
IND,expanded_2017,HS2017,286,20081930,20081930,200819,national8,exact,50,50,0,0,20081930 preserved 50% Other roasted and fried vegetable,02_anexo_india_sa_2017.pdf
IND,expanded_2017,HS2017,287,20081940,20081940,200819,national8,exact,50,50,0,0,20081940 products 50% Other,02_anexo_india_sa_2017.pdf
IND,expanded_2017,HS2017,288,20081990,20081990,200819,national8,exact,50,50,0,0,20081990 50% Cherries,02_anexo_india_sa_2017.pdf
IND,expanded_2017,HS2017,289,20086000,20086000,200860,national8,exact,50,50,0,0,"20086000 50% Peaches, including nectarines",02_anexo_india_sa_2017.pdf
IND,expanded_2017,HS2017,290,20087000,20087000,200870,national8,exact,50,50,0,0,20087000 50% Mixtures,02_anexo_india_sa_2017.pdf
IND,expanded_2017,HS2017,291,20089700,20089700,200897,national8,exact,50,50,0,0,20089700 50% -- Of a Brix value not exceeding 30,02_anexo_india_sa_2017.pdf
IND,expanded_2017,HS2017,292,20096100,20096100,200961,national8,exact,50,50,0,0,20096100 50% Other,02_anexo_india_sa_2017.pdf
IND,expanded_2017,HS2017,293,20096900,20096900,200969,national8,exact,50,50,0,0,20096900 50% Other,02_anexo_india_sa_2017.pdf
IND,expanded_2017,HS2017,294,20097900,20097900,200979,national8,exact,50,50,0,0,20097900 50% Mango juice,02_anexo_india_sa_2017.pdf
IND,expanded_2017,HS2017,295,20098910,20098910,200989,national8,exact,50,50,0,0,20098910 50% other,02_anexo_india_sa_2017.pdf
IND,expanded_2017,HS2017,296,20098990,20098990,200989,national8,exact,50,50,0,0,20098990 50% Culture yeast,02_anexo_india_sa_2017.pdf
IND,expanded_2017,HS2017,297,21021010,21021010,210210,national8,exact,50,50,0,0,21021010 50% Baker's yeast,02_anexo_india_sa_2017.pdf
IND,expanded_2017,HS2017,298,21021020,21021020,210210,national8,exact,50,50,0,0,21021020 50% Other,02_anexo_india_sa_2017.pdf
IND,expanded_2017,HS2017,299,21021090,21021090,210210,national8,exact,50,50,0,0,21021090 50% Tomato ketchup and other tomato sauces,02_anexo_india_sa_2017.pdf
IND,expanded_2017,HS2017,300,21032000,21032000,210320,national8,exact,50,50,0,0,21032000 50% Dried,02_anexo_india_sa_2017.pdf
IND,expanded_2017,HS2017,301,21041010,21041010,210410,national8,exact,50,50,0,0,21041010 50% Other,02_anexo_india_sa_2017.pdf
IND,expanded_2017,HS2017,302,21041090,21041090,210410,national8,exact,50,50,0,0,"21041090 50% ICECREAM AND OTHER EDIBLE ICE,",02_anexo_india_sa_2017.pdf
IND,expanded_2017,HS2017,303,21050000,21050000,210500,national8,exact,50,50,0,0,21050000 WHETHER OR NOT CONTAINING COCOA 50% Aerated waters,02_anexo_india_sa_2017.pdf
IND,expanded_2017,HS2017,304,22021010,22021010,220210,national8,exact,50,50,0,0,22021010 50% Lemonade,02_anexo_india_sa_2017.pdf
IND,expanded_2017,HS2017,305,22021020,22021020,220210,national8,exact,50,50,0,0,22021020 50% Other,02_anexo_india_sa_2017.pdf
IND,expanded_2017,HS2017,306,22021090,22021090,220210,national8,exact,50,50,0,0,22021090 50% Non alcoholic beer,02_anexo_india_sa_2017.pdf
IND,expanded_2017,HS2017,307,22029100,22029100,220291,national8,pending_concordance,50,50,0,1,"22029100 50% Soya milk drinks, whether or not",02_anexo_india_sa_2017.pdf
IND,expanded_2017,HS2017,308,22029910,22029910,220299,national8,pending_concordance,50,50,0,1,22029910 sweetened or flavoured 50% Fruit pulp or fruit juice based drink,02_anexo_india_sa_2017.pdf
IND,expanded_2017,HS2017,309,22029920,22029920,220299,national8,pending_concordance,50,50,0,1,22029920 50% Beverages containing milk,02_anexo_india_sa_2017.pdf
IND,expanded_2017,HS2017,310,22029930,22029930,220299,national8,pending_concordance,50,50,0,1,22029930 50% Other,02_anexo_india_sa_2017.pdf
IND,expanded_2017,HS2017,311,22029990,22029990,220299,national8,pending_concordance,50,50,0,1,22029990 50% Meat meals and pellets (including,02_anexo_india_sa_2017.pdf
IND,expanded_2017,HS2017,312,23011010,23011010,230110,national8,exact,50,50,0,0,23011010 tankage) 50% Other (including greaves),02_anexo_india_sa_2017.pdf
IND,expanded_2017,HS2017,313,23011090,23011090,230110,national8,exact,50,50,0,0,23011090 50% In powder form,02_anexo_india_sa_2017.pdf
IND,expanded_2017,HS2017,314,23012011,23012011,230120,national8,exact,80,80,0,0,"23012011 80% Beet-pulp, bagasse and other waste of",02_anexo_india_sa_2017.pdf
IND,expanded_2017,HS2017,315,23032000,23032000,230320,national8,exact,50,50,0,0,"23032000 sugar manufacture 50% Dog or cat food, put up for retail sale",02_anexo_india_sa_2017.pdf
IND,expanded_2017,HS2017,316,23091000,23091000,230910,national8,exact,50,50,0,0,23091000 50% Rock Salt,02_anexo_india_sa_2017.pdf
IND,expanded_2017,HS2017,317,25010020,25010020,250100,national8,exact,20,20,0,0,25010020 20% Other,02_anexo_india_sa_2017.pdf
IND,expanded_2017,HS2017,318,25010090,25010090,250100,national8,exact,80,80,0,0,25010090 80% Sulphur recovered as by-product in,02_anexo_india_sa_2017.pdf
IND,expanded_2017,HS2017,319,25030010,25030010,250300,national8,exact,80,80,0,0,25030010 refining of crude oil 80% Other,02_anexo_india_sa_2017.pdf
IND,expanded_2017,HS2017,320,25030090,25030090,250300,national8,exact,80,80,0,0,25030090 80% Other,02_anexo_india_sa_2017.pdf
IND,expanded_2017,HS2017,321,25070029,25070029,250700,national8,exact,80,80,0,0,25070029 80% Kieselguhr,02_anexo_india_sa_2017.pdf
IND,expanded_2017,HS2017,322,25120010,25120010,251200,national8,exact,80,80,0,0,25120010 80% Tripolite,02_anexo_india_sa_2017.pdf
IND,expanded_2017,HS2017,323,25120020,25120020,251200,national8,exact,80,80,0,0,25120020 80% Diatomite,02_anexo_india_sa_2017.pdf
IND,expanded_2017,HS2017,324,25120030,25120030,251200,national8,exact,80,80,0,0,25120030 80% Other,02_anexo_india_sa_2017.pdf
IND,expanded_2017,HS2017,325,25120090,25120090,251200,national8,exact,80,80,0,0,25120090 80% Natural Sodium borates and concentrates,02_anexo_india_sa_2017.pdf
IND,expanded_2017,HS2017,326,25280010,25280010,252800,national8,exact,80,80,0,0,25280010 thereof (whether or Not calcined) 80% Natural boric acid (containing not more,02_anexo_india_sa_2017.pdf
IND,expanded_2017,HS2017,327,25280020,25280020,252800,national8,exact,80,85,1,0,25280020 than 85% of H3BO3 ) 80% Natural calcium borates & concentrates,02_anexo_india_sa_2017.pdf
IND,expanded_2017,HS2017,328,25280030,25280030,252800,national8,exact,80,80,0,0,25280030 thereof (whether or not calcined) 80% Other,02_anexo_india_sa_2017.pdf
IND,expanded_2017,HS2017,329,25280090,25280090,252800,national8,exact,80,80,0,0,25280090 80% Meerschaum (whether or not in polished pieces) & amber agglomerated; meerachaum & agglomerated amber in,02_anexo_india_sa_2017.pdf
IND,expanded_2017,HS2017,330,25309010,25309010,253090,national8,exact,80,80,0,0,"25309010 80% plates, rods, etc. not worked after moulding jet Natural arsenic sulphides (e.g. orpiment)",02_anexo_india_sa_2017.pdf
IND,expanded_2017,HS2017,331,25309020,25309020,253090,national8,exact,80,80,0,0,25309020 80% Calcite,02_anexo_india_sa_2017.pdf
IND,expanded_2017,HS2017,332,25309030,25309030,253090,national8,exact,80,80,0,0,25309030 80% Ores & concentrates of rare earth metals,02_anexo_india_sa_2017.pdf
IND,expanded_2017,HS2017,333,25309040,25309040,253090,national8,exact,80,80,0,0,25309040 80% Wollastonite,02_anexo_india_sa_2017.pdf
IND,expanded_2017,HS2017,334,25309050,25309050,253090,national8,exact,80,80,0,0,"25309050 80% Earth colour ochre, crude",02_anexo_india_sa_2017.pdf
IND,expanded_2017,HS2017,335,25309060,25309060,253090,national8,exact,80,80,0,0,25309060 80% Other processed earth colour ochre.,02_anexo_india_sa_2017.pdf
IND,expanded_2017,HS2017,336,25309070,25309070,253090,national8,exact,80,80,0,0,25309070 80% Strontium Sulphate (natural ore),02_anexo_india_sa_2017.pdf
IND,expanded_2017,HS2017,337,25309091,25309091,253090,national8,exact,80,80,0,0,25309091 80% Other,02_anexo_india_sa_2017.pdf
IND,expanded_2017,HS2017,338,25309099,25309099,253090,national8,exact,60,80,1,0,25309099 80% ---- 60% Fe or more but below 62% Fe,02_anexo_india_sa_2017.pdf
IND,expanded_2017,HS2017,339,26011111,26011111,260111,national8,exact,62,80,1,0,26011111 80% ---- 62% Fe or more but below 65% Fe,02_anexo_india_sa_2017.pdf
IND,expanded_2017,HS2017,340,26011112,26011112,260111,national8,exact,65,80,1,0,26011112 80% ---- 65% Fe and above,02_anexo_india_sa_2017.pdf
IND,expanded_2017,HS2017,341,26011119,26011119,260111,national8,exact,55,80,1,0,26011119 80% ---- Below 55% Fe,02_anexo_india_sa_2017.pdf
IND,expanded_2017,HS2017,342,26011121,26011121,260111,national8,exact,55,80,1,0,26011121 80% ---- 55% Fe or more but below 58% Fe,02_anexo_india_sa_2017.pdf
IND,expanded_2017,HS2017,343,26011122,26011122,260111,national8,exact,58,80,1,0,26011122 80% ---- 58% Fe or more but below 60% Fe,02_anexo_india_sa_2017.pdf
IND,expanded_2017,HS2017,344,26011129,26011129,260111,national8,exact,62,80,1,0,26011129 80% ---- 62% Fe or more but below 65% Fe,02_anexo_india_sa_2017.pdf
IND,expanded_2017,HS2017,345,26011131,26011131,260111,national8,exact,65,80,1,0,26011131 80% ---- 65% Fe and above,02_anexo_india_sa_2017.pdf
IND,expanded_2017,HS2017,346,26011139,26011139,260111,national8_range,exact,62,80,1,1,26011139 80% 26011141 to Iron ore fines (below 62% Fe) 80% 26011149 Iron ore concentrates,02_anexo_india_sa_2017.pdf
IND,expanded_2017,HS2017,346,26011141,26011141,260111,national8_range,exact,62,80,1,1,26011139 80% 26011141 to Iron ore fines (below 62% Fe) 80% 26011149 Iron ore concentrates,02_anexo_india_sa_2017.pdf
IND,expanded_2017,HS2017,346,26011149,26011149,260111,national8_range,exact,62,80,1,1,26011139 80% 26011141 to Iron ore fines (below 62% Fe) 80% 26011149 Iron ore concentrates,02_anexo_india_sa_2017.pdf
IND,expanded_2017,HS2017,347,,,,textual,manual,,,1,1,,02_anexo_india_sa_2017.pdf
IND,expanded_2017,HS2017,348,26011150,26011150,260111,national8,exact,80,80,0,0,26011150 80% Other,02_anexo_india_sa_2017.pdf
IND,expanded_2017,HS2017,349,26011190,26011190,260111,national8,exact,80,80,0,0,26011190 80% Iron ore pellets,02_anexo_india_sa_2017.pdf
IND,expanded_2017,HS2017,350,26011210,26011210,260112,national8,exact,80,80,0,0,26011210 80% Other,02_anexo_india_sa_2017.pdf
IND,expanded_2017,HS2017,351,26011290,26011290,260112,national8,exact,80,80,0,0,26011290 80% Copper ores and concertrates,02_anexo_india_sa_2017.pdf
IND,expanded_2017,HS2017,352,26030000,26030000,260300,national8,exact,100,100,0,0,26030000 100% Roasted,02_anexo_india_sa_2017.pdf
IND,expanded_2017,HS2017,353,26131000,26131000,261310,national8,exact,80,80,0,0,26131000 80% Other,02_anexo_india_sa_2017.pdf
IND,expanded_2017,HS2017,354,26139000,26139000,261390,national8,exact,80,80,0,0,26139000 80% Vanadium ores and concentrates,02_anexo_india_sa_2017.pdf
IND,expanded_2017,HS2017,355,26159010,26159010,261590,national8,exact,80,80,0,0,26159010 80% Silver ores and concentrates,02_anexo_india_sa_2017.pdf
IND,expanded_2017,HS2017,356,26161000,26161000,261610,national8,exact,80,80,0,0,26161000 80% Gold ores and concentrates,02_anexo_india_sa_2017.pdf
IND,expanded_2017,HS2017,357,26169010,26169010,261690,national8,exact,80,80,0,0,26169010 80% Other,02_anexo_india_sa_2017.pdf
IND,expanded_2017,HS2017,358,26169090,26169090,261690,national8,exact,80,80,0,0,26169090 80% other,02_anexo_india_sa_2017.pdf
IND,expanded_2017,HS2017,359,26209900,26209900,262099,national8,exact,80,80,0,0,26209900 80% Butanes,02_anexo_india_sa_2017.pdf
IND,expanded_2017,HS2017,360,27111300,27111300,271113,national8,exact,80,80,0,0,"27111300 80% Cut back, bituminous or asphalt",02_anexo_india_sa_2017.pdf
IND,expanded_2017,HS2017,361,27150010,27150010,271500,national8,exact,80,80,0,0,27150010 80% Other,02_anexo_india_sa_2017.pdf
IND,expanded_2017,HS2017,362,27150090,27150090,271500,national8,exact,80,80,0,0,27150090 80% Chlorine,02_anexo_india_sa_2017.pdf
IND,expanded_2017,HS2017,363,28011000,28011000,280110,national8,exact,80,80,0,0,28011000 80% Iodine,02_anexo_india_sa_2017.pdf
IND,expanded_2017,HS2017,364,28012000,28012000,280120,national8,exact,80,80,0,0,28012000 80% Selenium,02_anexo_india_sa_2017.pdf
IND,expanded_2017,HS2017,365,28049000,28049000,280490,national8,exact,80,80,0,0,28049000 80% Sulphurc acid,02_anexo_india_sa_2017.pdf
IND,expanded_2017,HS2017,366,28070010,28070010,280700,national8,exact,80,80,0,0,28070010 80% Oleum,02_anexo_india_sa_2017.pdf
IND,expanded_2017,HS2017,367,28070020,28070020,280700,national8,exact,80,80,0,0,28070020 80% Oxides of boron,02_anexo_india_sa_2017.pdf
IND,expanded_2017,HS2017,368,28100010,28100010,281000,national8,exact,80,80,0,0,28100010 80% Lithium oxide and hydroxide,02_anexo_india_sa_2017.pdf
IND,expanded_2017,HS2017,369,28252000,28252000,282520,national8,exact,80,80,0,0,28252000 80% Other,02_anexo_india_sa_2017.pdf
IND,expanded_2017,HS2017,370,28253090,28253090,282530,national8,exact,80,80,0,0,28253090 80% Molybdenum trioxide,02_anexo_india_sa_2017.pdf
IND,expanded_2017,HS2017,371,28257010,28257010,282570,national8,exact,80,80,0,0,28257010 80% Molybdic acid,02_anexo_india_sa_2017.pdf
IND,expanded_2017,HS2017,372,28257020,28257020,282570,national8,exact,80,80,0,0,28257020 80% Other,02_anexo_india_sa_2017.pdf
IND,expanded_2017,HS2017,373,28257090,28257090,282570,national8,exact,80,80,0,0,28257090 80% Mercurous chloride,02_anexo_india_sa_2017.pdf
IND,expanded_2017,HS2017,374,28273920,28273920,282739,national8,exact,80,80,0,0,28273920 80% Strontium chloride,02_anexo_india_sa_2017.pdf
IND,expanded_2017,HS2017,375,28273930,28273930,282739,national8,exact,80,80,0,0,28273930 80% Other chlorides,02_anexo_india_sa_2017.pdf
IND,expanded_2017,HS2017,376,28273990,28273990,282739,national8,exact,80,80,0,0,28273990 80% Copper oxychloride,02_anexo_india_sa_2017.pdf
IND,expanded_2017,HS2017,377,28274110,28274110,282741,national8,exact,80,80,0,0,28274110 80% Other,02_anexo_india_sa_2017.pdf
IND,expanded_2017,HS2017,378,28274190,28274190,282741,national8,exact,80,80,0,0,28274190 80% Potassium iodide,02_anexo_india_sa_2017.pdf
IND,expanded_2017,HS2017,379,28276010,28276010,282760,national8,exact,80,80,0,0,28276010 80% Sodium iodide,02_anexo_india_sa_2017.pdf
IND,expanded_2017,HS2017,380,28276020,28276020,282760,national8,exact,80,80,0,0,28276020 80% Other,02_anexo_india_sa_2017.pdf
IND,expanded_2017,HS2017,381,28276090,28276090,282760,national8,exact,80,80,0,0,28276090 80% Perchlorates,02_anexo_india_sa_2017.pdf
IND,expanded_2017,HS2017,382,28299010,28299010,282990,national8,exact,80,80,0,0,28299010 80% Bromates and perbromates,02_anexo_india_sa_2017.pdf
IND,expanded_2017,HS2017,383,28299020,28299020,282990,national8,exact,80,80,0,0,28299020 80% Iodates and periodates,02_anexo_india_sa_2017.pdf
IND,expanded_2017,HS2017,384,28299030,28299030,282990,national8,exact,80,80,0,0,28299030 80% Of copper,02_anexo_india_sa_2017.pdf
IND,expanded_2017,HS2017,385,28332500,28332500,283325,national8,exact,80,80,0,0,28332500 80% Of potassium,02_anexo_india_sa_2017.pdf
IND,expanded_2017,HS2017,386,28342100,28342100,283421,national8,exact,80,80,0,0,28342100 80% Lithium carbonates,02_anexo_india_sa_2017.pdf
IND,expanded_2017,HS2017,387,28369100,28369100,283691,national8,exact,20,20,0,0,28369100 20% Other,02_anexo_india_sa_2017.pdf
IND,expanded_2017,HS2017,388,28391900,28391900,283919,national8,exact,80,80,0,0,28391900 80% Aluminium molybdate,02_anexo_india_sa_2017.pdf
IND,expanded_2017,HS2017,389,28417010,28417010,284170,national8,exact,80,80,0,0,28417010 80% Sodium molybdate,02_anexo_india_sa_2017.pdf
IND,expanded_2017,HS2017,390,28417020,28417020,284170,national8,exact,80,80,0,0,28417020 80% Other,02_anexo_india_sa_2017.pdf
IND,expanded_2017,HS2017,391,28417090,28417090,284170,national8,exact,80,80,0,0,28417090 80% Other,02_anexo_india_sa_2017.pdf
IND,expanded_2017,HS2017,392,28419000,28419000,284190,national8,exact,80,80,0,0,"28419000 80% All Goods other than Phosphides, whether or not chemically defined, excluding",02_anexo_india_sa_2017.pdf
IND,expanded_2017,HS2017,393,28539090,28539090,285390,national8,pending_concordance,15,80,1,1,"28539090 ferrophosphorus, of copper (phosphor 80% copper), containing more than 15% by weight of phosphorus, or of zinc Other <br> Aromatic:",02_anexo_india_sa_2017.pdf
IND,expanded_2017,HS2017,394,29061990,29061990,290619,national8,exact,20,20,0,0,29061990 20% Bornyl acetate and Iso bornyl acetate,02_anexo_india_sa_2017.pdf
IND,expanded_2017,HS2017,395,29153920,29153920,291539,national8,exact,80,80,0,0,29153920 80% Linalyl acetate,02_anexo_india_sa_2017.pdf
IND,expanded_2017,HS2017,396,29153930,29153930,291539,national8,exact,80,80,0,0,29153930 80% Phenyl propyl acetate,02_anexo_india_sa_2017.pdf
IND,expanded_2017,HS2017,397,29153950,29153950,291539,national8,exact,80,80,0,0,29153950 80% Terpinyl acetate,02_anexo_india_sa_2017.pdf
IND,expanded_2017,HS2017,398,29153960,29153960,291539,national8,exact,80,80,0,0,29153960 80% Glycerol monostearate,02_anexo_india_sa_2017.pdf
IND,expanded_2017,HS2017,399,29157030,29157030,291570,national8,exact,20,20,0,0,29157030 20% Other esters of orthophthalic acid,02_anexo_india_sa_2017.pdf
IND,expanded_2017,HS2017,400,29173400,29173400,291734,national8,exact,80,80,0,0,29173400 80% Phthalic anhydride,02_anexo_india_sa_2017.pdf
IND,expanded_2017,HS2017,401,29173500,29173500,291735,national8,exact,80,80,0,0,29173500 80% Tartaric acid,02_anexo_india_sa_2017.pdf
IND,expanded_2017,HS2017,402,29181200,29181200,291812,national8,exact,80,80,0,0,29181200 80% Other,02_anexo_india_sa_2017.pdf
IND,expanded_2017,HS2017,403,29420090,29420090,294200,national8,exact,80,80,0,0,29420090 80% Penicillins,02_anexo_india_sa_2017.pdf
IND,expanded_2017,HS2017,404,30041010,30041010,300410,national8,exact,40,40,0,0,30041010 40% Ampicillin,02_anexo_india_sa_2017.pdf
IND,expanded_2017,HS2017,405,30041020,30041020,300410,national8,exact,40,40,0,0,30041020 40% Amoxycillin,02_anexo_india_sa_2017.pdf
IND,expanded_2017,HS2017,406,30041030,30041030,300410,national8,exact,40,40,0,0,30041030 40% Becampicillin,02_anexo_india_sa_2017.pdf
IND,expanded_2017,HS2017,407,30041040,30041040,300410,national8,exact,40,40,0,0,30041040 40% Cloxacillin,02_anexo_india_sa_2017.pdf
IND,expanded_2017,HS2017,408,30041050,30041050,300410,national8,exact,40,40,0,0,30041050 40% Ampicillin and Cloxacillin combinations,02_anexo_india_sa_2017.pdf
IND,expanded_2017,HS2017,409,30041060,30041060,300410,national8,exact,40,40,0,0,30041060 40% Streptomycin,02_anexo_india_sa_2017.pdf
IND,expanded_2017,HS2017,410,30041070,30041070,300410,national8,exact,40,40,0,0,30041070 40% Other,02_anexo_india_sa_2017.pdf
IND,expanded_2017,HS2017,411,30041090,30041090,300410,national8,exact,40,40,0,0,30041090 40% Cefazolin,02_anexo_india_sa_2017.pdf
IND,expanded_2017,HS2017,412,30042011,30042011,300420,national8,exact,40,40,0,0,30042011 40% Cephalexin,02_anexo_india_sa_2017.pdf
IND,expanded_2017,HS2017,413,30042012,30042012,300420,national8,exact,40,40,0,0,30042012 40% Ciprofloxacin,02_anexo_india_sa_2017.pdf
IND,expanded_2017,HS2017,414,30042013,30042013,300420,national8,exact,40,40,0,0,30042013 40% Cefoxitin,02_anexo_india_sa_2017.pdf
IND,expanded_2017,HS2017,415,30042014,30042014,300420,national8,exact,40,40,0,0,30042014 40% Other,02_anexo_india_sa_2017.pdf
IND,expanded_2017,HS2017,416,30042019,30042019,300420,national8,exact,40,40,0,0,30042019 40% Sulfonamides and Cotrimoxazole,02_anexo_india_sa_2017.pdf
IND,expanded_2017,HS2017,417,30042020,30042020,300420,national8,exact,40,40,0,0,30042020 40% Norfloxacin,02_anexo_india_sa_2017.pdf
IND,expanded_2017,HS2017,418,30042031,30042031,300420,national8,exact,40,40,0,0,30042031 40% Nalidixic acid,02_anexo_india_sa_2017.pdf
IND,expanded_2017,HS2017,419,30042032,30042032,300420,national8,exact,40,40,0,0,30042032 40% Ciprofloxacin,02_anexo_india_sa_2017.pdf
IND,expanded_2017,HS2017,420,30042033,30042033,300420,national8,exact,40,40,0,0,30042033 40% Ofloxacin,02_anexo_india_sa_2017.pdf
IND,expanded_2017,HS2017,421,30042034,30042034,300420,national8,exact,40,40,0,0,30042034 40% Other <br> Tetracyclines:,02_anexo_india_sa_2017.pdf
IND,expanded_2017,HS2017,422,30042039,30042039,300420,national8,exact,40,40,0,0,30042039 40% Chlortetracycline,02_anexo_india_sa_2017.pdf
IND,expanded_2017,HS2017,423,30042041,30042041,300420,national8,exact,40,40,0,0,30042041 40% Oxytetracycline,02_anexo_india_sa_2017.pdf
IND,expanded_2017,HS2017,424,30042042,30042042,300420,national8,exact,40,40,0,0,30042042 40% Other,02_anexo_india_sa_2017.pdf
IND,expanded_2017,HS2017,425,30042049,30042049,300420,national8,exact,40,40,0,0,30042049 40% Chloramphenicol,02_anexo_india_sa_2017.pdf
IND,expanded_2017,HS2017,426,30042050,30042050,300420,national8,exact,40,40,0,0,30042050 40% Erythromycin,02_anexo_india_sa_2017.pdf
IND,expanded_2017,HS2017,427,30042061,30042061,300420,national8,exact,40,40,0,0,30042061 40% Roxithromycin,02_anexo_india_sa_2017.pdf
IND,expanded_2017,HS2017,428,30042062,30042062,300420,national8,exact,40,40,0,0,30042062 40% Clarithromycin,02_anexo_india_sa_2017.pdf
IND,expanded_2017,HS2017,429,30042063,30042063,300420,national8,exact,40,40,0,0,30042063 40% Azithromycin,02_anexo_india_sa_2017.pdf
IND,expanded_2017,HS2017,430,30042064,30042064,300420,national8,exact,40,40,0,0,30042064 40% Other,02_anexo_india_sa_2017.pdf
IND,expanded_2017,HS2017,431,30042069,30042069,300420,national8,exact,40,40,0,0,30042069 40% Cefadoxyl,02_anexo_india_sa_2017.pdf
IND,expanded_2017,HS2017,432,30042070,30042070,300420,national8,exact,40,40,0,0,30042070 40% Isoniazid,02_anexo_india_sa_2017.pdf
IND,expanded_2017,HS2017,433,30042091,30042091,300420,national8,exact,40,40,0,0,30042091 40% Rifampicin,02_anexo_india_sa_2017.pdf
IND,expanded_2017,HS2017,434,30042092,30042092,300420,national8,exact,40,40,0,0,30042092 40% Pyrazinamide,02_anexo_india_sa_2017.pdf
IND,expanded_2017,HS2017,435,30042093,30042093,300420,national8,exact,40,40,0,0,30042093 40% Ethambutol,02_anexo_india_sa_2017.pdf
IND,expanded_2017,HS2017,436,30042094,30042094,300420,national8,exact,40,40,0,0,30042094 40% Clindamycin,02_anexo_india_sa_2017.pdf
IND,expanded_2017,HS2017,437,30042095,30042095,300420,national8,exact,40,40,0,0,30042095 40% Vancomycin,02_anexo_india_sa_2017.pdf
IND,expanded_2017,HS2017,438,30042096,30042096,300420,national8,exact,40,40,0,0,30042096 40% Polymyxin B and Colistin,02_anexo_india_sa_2017.pdf
IND,expanded_2017,HS2017,439,30042097,30042097,300420,national8,exact,40,40,0,0,30042097 40% Other,02_anexo_india_sa_2017.pdf
IND,expanded_2017,HS2017,440,30042099,30042099,300420,national8,exact,40,40,0,0,"30042099 40% Containing corticosteroid hormones,their",02_anexo_india_sa_2017.pdf
IND,expanded_2017,HS2017,441,30043200,30043200,300432,national8,exact,40,40,0,0,30043200 derivatives or structural analogues 40% Pituitary hormones,02_anexo_india_sa_2017.pdf
IND,expanded_2017,HS2017,442,30043911,30043911,300439,national8,exact,40,40,0,0,30043911 40% Prednisolone,02_anexo_india_sa_2017.pdf
IND,expanded_2017,HS2017,443,30043912,30043912,300439,national8,exact,40,40,0,0,30043912 40% Dexamethasone,02_anexo_india_sa_2017.pdf
IND,expanded_2017,HS2017,444,30043913,30043913,300439,national8,exact,40,40,0,0,30043913 40% Danazol,02_anexo_india_sa_2017.pdf
IND,expanded_2017,HS2017,445,30043914,30043914,300439,national8,exact,40,40,0,0,30043914 40% Other progestogen and oestogen group,02_anexo_india_sa_2017.pdf
IND,expanded_2017,HS2017,446,30043919,30043919,300439,national8,exact,40,40,0,0,30043919 hormones 40% Gonadotrophins,02_anexo_india_sa_2017.pdf
IND,expanded_2017,HS2017,447,30043921,30043921,300439,national8,exact,40,40,0,0,30043921 40% Luteinising hormone,02_anexo_india_sa_2017.pdf
IND,expanded_2017,HS2017,448,30043922,30043922,300439,national8,exact,40,40,0,0,30043922 40% Other,02_anexo_india_sa_2017.pdf
IND,expanded_2017,HS2017,449,30043990,30043990,300439,national8,exact,40,40,0,0,30043990 40% Containing ephedrine or its salts,02_anexo_india_sa_2017.pdf
IND,expanded_2017,HS2017,450,30044100,30044100,300441,national8,pending_concordance,40,40,0,1,30044100 40% Containing pseudoephedrine (INN) or its,02_anexo_india_sa_2017.pdf
IND,expanded_2017,HS2017,451,30044200,30044200,300442,national8,pending_concordance,40,40,0,1,30044200 salts 40% Containing norephedrine or its salts,02_anexo_india_sa_2017.pdf
IND,expanded_2017,HS2017,452,30044300,30044300,300443,national8,pending_concordance,40,40,0,1,30044300 40% Atropin and salts thereof,02_anexo_india_sa_2017.pdf
IND,expanded_2017,HS2017,453,30044910,30044910,300449,national8,pending_concordance,40,40,0,1,30044910 40% Caffein and salts thereof,02_anexo_india_sa_2017.pdf
IND,expanded_2017,HS2017,454,30044920,30044920,300449,national8,pending_concordance,40,40,0,1,"30044920 40% Codeine and derivatives, with or without",02_anexo_india_sa_2017.pdf
IND,expanded_2017,HS2017,455,30044930,30044930,300449,national8,pending_concordance,40,40,0,1,"30044930 ephidrine hydrochloride 40% Ergot preparations, ergotamine and salts",02_anexo_india_sa_2017.pdf
IND,expanded_2017,HS2017,456,30044940,30044940,300449,national8,pending_concordance,40,40,0,1,30044940 thereof 40% Papavarine hydrochloride,02_anexo_india_sa_2017.pdf
IND,expanded_2017,HS2017,457,30044950,30044950,300449,national8,pending_concordance,40,40,0,1,30044950 40% Bromohexin and solbutamol,02_anexo_india_sa_2017.pdf
IND,expanded_2017,HS2017,458,30044960,30044960,300449,national8,pending_concordance,40,40,0,1,30044960 40% Theophylline and salts thereof,02_anexo_india_sa_2017.pdf
IND,expanded_2017,HS2017,459,30044970,30044970,300449,national8,pending_concordance,40,40,0,1,30044970 40% Other,02_anexo_india_sa_2017.pdf
IND,expanded_2017,HS2017,460,30044990,30044990,300449,national8,pending_concordance,40,40,0,1,30044990 40% Heamatinics and Erythropoyetin,02_anexo_india_sa_2017.pdf
IND,expanded_2017,HS2017,461,30045010,30045010,300450,national8,exact,40,40,0,0,30045010 preperations 40% Preperations of minerals and their,02_anexo_india_sa_2017.pdf
IND,expanded_2017,HS2017,462,30045020,30045020,300450,national8,exact,40,40,0,0,30045020 supplements 40% Of vitamin A,02_anexo_india_sa_2017.pdf
IND,expanded_2017,HS2017,463,30045031,30045031,300450,national8,exact,40,40,0,0,30045031 40% Of vitamin B1 and B2 and their salts,02_anexo_india_sa_2017.pdf
IND,expanded_2017,HS2017,464,30045032,30045032,300450,national8,exact,40,40,0,0,30045032 thereof 40% Of vitamin B9,02_anexo_india_sa_2017.pdf
IND,expanded_2017,HS2017,465,30045033,30045033,300450,national8,exact,40,40,0,0,30045033 40% Of vitamin B12,02_anexo_india_sa_2017.pdf
IND,expanded_2017,HS2017,466,30045034,30045034,300450,national8,exact,40,40,0,0,30045034 40% Of vitamin C,02_anexo_india_sa_2017.pdf
IND,expanded_2017,HS2017,467,30045035,30045035,300450,national8,exact,40,40,0,0,30045035 40% Of vitamin D,02_anexo_india_sa_2017.pdf
IND,expanded_2017,HS2017,468,30045036,30045036,300450,national8,exact,40,40,0,0,30045036 40% Of Vitamin E,02_anexo_india_sa_2017.pdf
IND,expanded_2017,HS2017,469,30045037,30045037,300450,national8,exact,40,40,0,0,30045037 40% Other,02_anexo_india_sa_2017.pdf
IND,expanded_2017,HS2017,470,30045039,30045039,300450,national8,exact,40,40,0,0,30045039 40% Other,02_anexo_india_sa_2017.pdf
IND,expanded_2017,HS2017,471,30045090,30045090,300450,national8,exact,40,40,0,0,"30045090 40% Other, containing antimalarial active principles described in Sub-heading Note",02_anexo_india_sa_2017.pdf
IND,expanded_2017,HS2017,472,30046000,30046000,300460,national8,pending_concordance,40,40,0,1,30046000 40% 2 to this Chapter Of Ayurvedic System,02_anexo_india_sa_2017.pdf
IND,expanded_2017,HS2017,473,30049011,30049011,300490,national8,exact,40,40,0,0,30049011 40% Of Unani systems,02_anexo_india_sa_2017.pdf
IND,expanded_2017,HS2017,474,30049012,30049012,300490,national8,exact,40,40,0,0,30049012 40% OF Siddha system,02_anexo_india_sa_2017.pdf
IND,expanded_2017,HS2017,475,30049013,30049013,300490,national8,exact,40,40,0,0,30049013 40% Of Homoeopathic System,02_anexo_india_sa_2017.pdf
IND,expanded_2017,HS2017,476,30049014,30049014,300490,national8,exact,40,40,0,0,30049014 40% Of Bio-chemic system,02_anexo_india_sa_2017.pdf
IND,expanded_2017,HS2017,477,30049015,30049015,300490,national8,exact,40,40,0,0,30049015 40% Anthelmintics and preperations thereof,02_anexo_india_sa_2017.pdf
IND,expanded_2017,HS2017,478,30049021,30049021,300490,national8,exact,40,40,0,0,30049021 40% Metronidazole,02_anexo_india_sa_2017.pdf
IND,expanded_2017,HS2017,479,30049022,30049022,300490,national8,exact,40,40,0,0,30049022 40% Tinidazole,02_anexo_india_sa_2017.pdf
IND,expanded_2017,HS2017,480,30049023,30049023,300490,national8,exact,40,40,0,0,30049023 40% Secnidazole,02_anexo_india_sa_2017.pdf
IND,expanded_2017,HS2017,481,30049024,30049024,300490,national8,exact,40,40,0,0,30049024 40% Diloxamide Furoate,02_anexo_india_sa_2017.pdf
IND,expanded_2017,HS2017,482,30049025,30049025,300490,national8,exact,40,40,0,0,30049025 40% Sodium Stibogluconate,02_anexo_india_sa_2017.pdf
IND,expanded_2017,HS2017,483,30049026,30049026,300490,national8,exact,40,40,0,0,30049026 40% Pentamidine,02_anexo_india_sa_2017.pdf
IND,expanded_2017,HS2017,484,30049027,30049027,300490,national8,exact,40,40,0,0,30049027 40% Other,02_anexo_india_sa_2017.pdf
IND,expanded_2017,HS2017,485,30049029,30049029,300490,national8,exact,40,40,0,0,"30049029 40% Promethazine, Chlorophenimiramine,",02_anexo_india_sa_2017.pdf
IND,expanded_2017,HS2017,486,30049031,30049031,300490,national8,exact,40,40,0,0,"30049031 Astemizole and Ceteirizine 40% Sodium bicarbonate, Magnesium hydroxide( Milk of Magnesia), Magnesium carbonate, Magnesium trisilicate,",02_anexo_india_sa_2017.pdf
IND,expanded_2017,HS2017,487,30049032,30049032,300490,national8,exact,40,40,0,0,"30049032 40% Aluminium hydroxide gel, Magaldarate and combinations thereof Cimetidine, Rantidine, Nizatidine and",02_anexo_india_sa_2017.pdf
IND,expanded_2017,HS2017,488,30049033,30049033,300490,national8,exact,40,40,0,0,30049033 Roxatidine 40% Omeprazole and Lansoprazole,02_anexo_india_sa_2017.pdf
IND,expanded_2017,HS2017,489,30049034,30049034,300490,national8,exact,40,40,0,0,"30049034 40% Dicyclomine, Metoclopramide and",02_anexo_india_sa_2017.pdf
IND,expanded_2017,HS2017,490,30049035,30049035,300490,national8,exact,40,40,0,0,30049035 Dexamethasone and Ondansetron 40% Chenodiol and Ursodiol,02_anexo_india_sa_2017.pdf
IND,expanded_2017,HS2017,491,30049036,30049036,300490,national8,exact,40,40,0,0,30049036 40% Other <br> Anticancer drugs:,02_anexo_india_sa_2017.pdf
IND,expanded_2017,HS2017,492,30049039,30049039,300490,national8,exact,40,40,0,0,30049039 40% Cyclophosphamide,02_anexo_india_sa_2017.pdf
IND,expanded_2017,HS2017,493,30049041,30049041,300490,national8,exact,40,40,0,0,"30049041 40% Methotrexate, 5-fluorouracil(5-FU) and",02_anexo_india_sa_2017.pdf
IND,expanded_2017,HS2017,494,30049042,30049042,300490,national8,exact,40,40,0,0,30049042 Ftorafur 40% Bincristine and Vinblastine,02_anexo_india_sa_2017.pdf
IND,expanded_2017,HS2017,495,30049043,30049043,300490,national8,exact,40,40,0,0,30049043 40% Paclitaxel and Docetaxel,02_anexo_india_sa_2017.pdf
IND,expanded_2017,HS2017,496,30049044,30049044,300490,national8,exact,40,40,0,0,30049044 40% Etoposide,02_anexo_india_sa_2017.pdf
IND,expanded_2017,HS2017,497,30049045,30049045,300490,national8,exact,40,40,0,0,30049045 40% Actimycin D Dactinomycin and,02_anexo_india_sa_2017.pdf
IND,expanded_2017,HS2017,498,30049046,30049046,300490,national8,exact,40,40,0,0,"30049046 Doxorubicin 40% L-Asparaginase, Cisplatin and",02_anexo_india_sa_2017.pdf
IND,expanded_2017,HS2017,499,30049047,30049047,300490,national8,exact,40,40,0,0,30049047 Carboplatin 40% Tamoxifen,02_anexo_india_sa_2017.pdf
IND,expanded_2017,HS2017,500,30049048,30049048,300490,national8,exact,40,40,0,0,30049048 40% Other,02_anexo_india_sa_2017.pdf
IND,expanded_2017,HS2017,501,30049049,30049049,300490,national8,exact,40,40,0,0,30049049 40% Isoniazid,02_anexo_india_sa_2017.pdf
IND,expanded_2017,HS2017,502,30049051,30049051,300490,national8,exact,40,40,0,0,30049051 40% Rifampin,02_anexo_india_sa_2017.pdf
IND,expanded_2017,HS2017,503,30049052,30049052,300490,national8,exact,40,40,0,0,30049052 40% Pyrazimamide and Ethambutol,02_anexo_india_sa_2017.pdf
IND,expanded_2017,HS2017,504,30049053,30049053,300490,national8,exact,40,40,0,0,30049053 40% Streptomycin,02_anexo_india_sa_2017.pdf
IND,expanded_2017,HS2017,505,30049054,30049054,300490,national8,exact,40,40,0,0,"30049054 40% Dapsone(DDS), Acedapsone(DADDS),Solopsone and",02_anexo_india_sa_2017.pdf
IND,expanded_2017,HS2017,506,30049055,30049055,300490,national8,exact,40,40,0,0,"30049055 40% Clofazimine Chloroquine, Amodiaquine, Mefloquine, Quinine, Chloroguamamide,",02_anexo_india_sa_2017.pdf
IND,expanded_2017,HS2017,507,30049056,30049056,300490,national8,exact,40,40,0,0,30049056 40% Pyrimethamine Other Antitubercular drugs,02_anexo_india_sa_2017.pdf
IND,expanded_2017,HS2017,508,30049057,30049057,300490,national8,exact,40,40,0,0,30049057 40% Other Antileprotic drugs,02_anexo_india_sa_2017.pdf
IND,expanded_2017,HS2017,509,30049058,30049058,300490,national8,exact,40,40,0,0,30049058 40% Other Antimalarial drugs,02_anexo_india_sa_2017.pdf
IND,expanded_2017,HS2017,510,30049059,30049059,300490,national8,exact,40,40,0,0,30049059 40% Analgin with or without other compounds,02_anexo_india_sa_2017.pdf
IND,expanded_2017,HS2017,511,30049061,30049061,300490,national8,exact,40,40,0,0,30049061 such as paracetamol 40% Acetyl salicylic acid(Aspirin) and,02_anexo_india_sa_2017.pdf
IND,expanded_2017,HS2017,512,30049062,30049062,300490,national8,exact,40,40,0,0,30049062 formulations thereof 40% Ibuprofen with or without paracetamol or,02_anexo_india_sa_2017.pdf
IND,expanded_2017,HS2017,513,30049063,30049063,300490,national8,exact,40,40,0,0,"30049063 other compunds 40% Oxyphen butazone, Phenyl butazone and",02_anexo_india_sa_2017.pdf
IND,expanded_2017,HS2017,514,30049064,30049064,300490,national8,exact,40,40,0,0,30049064 formulations thereof 40% Indomethacin,02_anexo_india_sa_2017.pdf
IND,expanded_2017,HS2017,515,30049065,30049065,300490,national8,exact,40,40,0,0,"30049065 40% Mephenamic acid, dactofenac sodium,",02_anexo_india_sa_2017.pdf
IND,expanded_2017,HS2017,516,30049066,30049066,300490,national8,exact,40,40,0,0,"30049066 Piroxocam, Tenoxicam and Meloxicam 40% Ketorolac, Nimesulide, Mabumetone and",02_anexo_india_sa_2017.pdf
IND,expanded_2017,HS2017,517,30049067,30049067,300490,national8,exact,40,40,0,0,30049067 Nefopam 40% Other <br> Antihepertensive drugs:,02_anexo_india_sa_2017.pdf
IND,expanded_2017,HS2017,518,30049069,30049069,300490,national8,exact,40,40,0,0,"30049069 40% Captopril, Enalapril, Lisimopril,",02_anexo_india_sa_2017.pdf
IND,expanded_2017,HS2017,519,30049071,30049071,300490,national8,exact,40,40,0,0,"30049071 Perimdopril and Ramipril 40% Verapamil, Nifedipine, Amlodipine and",02_anexo_india_sa_2017.pdf
IND,expanded_2017,HS2017,520,30049072,30049072,300490,national8,exact,40,40,0,0,30049072 Lacidipine 40% Losartam,02_anexo_india_sa_2017.pdf
IND,expanded_2017,HS2017,521,30049073,30049073,300490,national8,exact,40,40,0,0,"30049073 40% Propranolol, Metoprolol, Atenolol and",02_anexo_india_sa_2017.pdf
IND,expanded_2017,HS2017,522,30049074,30049074,300490,national8,exact,40,40,0,0,"30049074 Labetalol 40% Prazosin, Terazosin, Phentolamine and",02_anexo_india_sa_2017.pdf
IND,expanded_2017,HS2017,523,30049075,30049075,300490,national8,exact,40,40,0,0,"30049075 Phenoxybenzamime 40% Clonidine, Methyldopa",02_anexo_india_sa_2017.pdf
IND,expanded_2017,HS2017,524,30049076,30049076,300490,national8,exact,40,40,0,0,"30049076 40% Hydralazine, Minoxidil and Diazoxide",02_anexo_india_sa_2017.pdf
IND,expanded_2017,HS2017,525,30049077,30049077,300490,national8,exact,40,40,0,0,30049077 40% Other,02_anexo_india_sa_2017.pdf
IND,expanded_2017,HS2017,526,30049079,30049079,300490,national8,exact,40,40,0,0,"30049079 40% Phenobarbitone, Memphobarbitone, Primidone, Phenytoin, Carbamazepine, Ethosuximide, Valporic acid( Sodium",02_anexo_india_sa_2017.pdf
IND,expanded_2017,HS2017,527,30049081,30049081,300490,national8,exact,40,40,0,0,"30049081 valporate), Diazepam, Lamotrigine, 40% Gabapentin, Bigabatrin, Phenacemide, Trimethadione and Acetazolamide Other Antiepileptic drugs",02_anexo_india_sa_2017.pdf
IND,expanded_2017,HS2017,528,30049082,30049082,300490,national8,exact,40,40,0,0,30049082 40% Sulpha drugs not elsewhere specified or,02_anexo_india_sa_2017.pdf
IND,expanded_2017,HS2017,529,30049083,30049083,300490,national8,exact,40,40,0,0,30049083 included 40% Preparations of Enzymes,02_anexo_india_sa_2017.pdf
IND,expanded_2017,HS2017,530,30049084,30049084,300490,national8,exact,40,40,0,0,"30049084 40% Veterinary medicinal preparations, not for human use, not elsewhere specified or",02_anexo_india_sa_2017.pdf
IND,expanded_2017,HS2017,531,30049085,30049085,300490,national8,exact,40,40,0,0,30049085 40% included Oral rehydration salts,02_anexo_india_sa_2017.pdf
IND,expanded_2017,HS2017,532,30049086,30049086,300490,national8,exact,40,40,0,0,"30049086 40% Antibacterial formulations, not elsewhere",02_anexo_india_sa_2017.pdf
IND,expanded_2017,HS2017,533,30049087,30049087,300490,national8,exact,40,40,0,0,30049087 specified or included 40% Sedatives,02_anexo_india_sa_2017.pdf
IND,expanded_2017,HS2017,534,30049088,30049088,300490,national8,exact,40,40,0,0,30049088 40% Tranquilizers <br> Other:,02_anexo_india_sa_2017.pdf
IND,expanded_2017,HS2017,535,30049089,30049089,300490,national8,exact,40,40,0,0,"30049089 40% Salbutamol, Terbutaline, Ephedrine,",02_anexo_india_sa_2017.pdf
IND,expanded_2017,HS2017,536,30049091,30049091,300490,national8,exact,40,40,0,0,30049091 Salmeterol and Methyl xanthimes 40% Plasma expanders,02_anexo_india_sa_2017.pdf
IND,expanded_2017,HS2017,537,30049092,30049092,300490,national8,exact,40,40,0,0,"30049092 40% Chloropheniramine Maleate, with or without other compounds (excluding",02_anexo_india_sa_2017.pdf
IND,expanded_2017,HS2017,538,30049093,30049093,300490,national8,exact,40,40,0,0,"30049093 40% steriods and alkaloids) Theophylline, Aminophylline and other",02_anexo_india_sa_2017.pdf
IND,expanded_2017,HS2017,539,30049094,30049094,300490,national8,exact,40,40,0,0,30049094 Broncho dilators 40% Carcino-chenotherapeutic drugs not,02_anexo_india_sa_2017.pdf
IND,expanded_2017,HS2017,540,30049095,30049095,300490,national8,exact,40,40,0,0,30049095 elsewhere specified or included 40% Ketamine,02_anexo_india_sa_2017.pdf
IND,expanded_2017,HS2017,541,30049096,30049096,300490,national8,exact,40,40,0,0,30049096 40% Other,02_anexo_india_sa_2017.pdf
IND,expanded_2017,HS2017,542,30049099,30049099,300490,national8,exact,40,40,0,0,"30049099 40% Ammonium nitrate, whether or not in",02_anexo_india_sa_2017.pdf
IND,expanded_2017,HS2017,543,31023000,31023000,310230,national8,exact,80,80,0,0,31023000 aqueous solution 80% Double salt or mixtures of calcium nitrate,02_anexo_india_sa_2017.pdf
IND,expanded_2017,HS2017,544,31029010,31029010,310290,national8,exact,80,80,0,0,31029010 and magnesium nitrate 80% Other,02_anexo_india_sa_2017.pdf
IND,expanded_2017,HS2017,545,31029090,31029090,310290,national8,exact,80,80,0,0,31029090 80% Potassium chloride,02_anexo_india_sa_2017.pdf
IND,expanded_2017,HS2017,546,31042000,31042000,310420,national8,exact,80,80,0,0,31042000 80% Potassium sulphate,02_anexo_india_sa_2017.pdf
IND,expanded_2017,HS2017,547,31043000,31043000,310430,national8,exact,80,80,0,0,31043000 80% Other,02_anexo_india_sa_2017.pdf
IND,expanded_2017,HS2017,548,31049000,31049000,310490,national8,exact,80,80,0,0,"31049000 80% Mineral or chemical fertilisers containing the three fertilising elements nitrogen,",02_anexo_india_sa_2017.pdf
IND,expanded_2017,HS2017,549,31052000,31052000,310520,national8,exact,80,80,0,0,31052000 80% phosphorus and potassium Ammonium dihydrogenortho phosphate (monoammonium phosphate) and mixtures thereof with diammonium hydrogenorthoph,02_anexo_india_sa_2017.pdf
IND,expanded_2017,HS2017,550,31054000,31054000,310540,national8,exact,80,80,0,0,31054000 phosphate) <br> Other mineral or 80% chemical fertilisers containing the two fertilising elements nitrogen and phosphorus: Other,02_anexo_india_sa_2017.pdf
IND,expanded_2017,HS2017,551,31055900,31055900,310559,national8,exact,80,80,0,0,31055900 80% Mineral or chemical fertilisers containing two fertilising elements nitrogen and,02_anexo_india_sa_2017.pdf
IND,expanded_2017,HS2017,552,31059010,31059010,310590,national8,exact,80,80,0,0,31059010 80% potassium Other,02_anexo_india_sa_2017.pdf
IND,expanded_2017,HS2017,553,31059090,31059090,310590,national8,exact,80,80,0,0,31059090 80% Other,02_anexo_india_sa_2017.pdf
IND,expanded_2017,HS2017,554,32061900,32061900,320619,national8,exact,80,80,0,0,32061900 80% Face creams,02_anexo_india_sa_2017.pdf
IND,expanded_2017,HS2017,555,33049910,33049910,330499,national8,exact,80,80,0,0,33049910 80% Nail polish/lacquers,02_anexo_india_sa_2017.pdf
IND,expanded_2017,HS2017,556,33049920,33049920,330499,national8,exact,80,80,0,0,33049920 80% Moisturising lotion,02_anexo_india_sa_2017.pdf
IND,expanded_2017,HS2017,557,33049930,33049930,330499,national8,exact,80,80,0,0,"33049930 80% Sindur, Bindi, Kum Kum",02_anexo_india_sa_2017.pdf
IND,expanded_2017,HS2017,558,33049940,33049940,330499,national8,exact,80,80,0,0,33049940 80% Turmeric preparations all type,02_anexo_india_sa_2017.pdf
IND,expanded_2017,HS2017,559,33049950,33049950,330499,national8,exact,80,80,0,0,33049950 80% Other,02_anexo_india_sa_2017.pdf
IND,expanded_2017,HS2017,560,33049990,33049990,330499,national8,exact,80,80,0,0,33049990 80% Containing spirit,02_anexo_india_sa_2017.pdf
IND,expanded_2017,HS2017,561,33051010,33051010,330510,national8,exact,80,80,0,0,33051010 80% Other,02_anexo_india_sa_2017.pdf
IND,expanded_2017,HS2017,562,33051090,33051090,330510,national8,exact,80,80,0,0,33051090 80% Personal deodorants and anti-perspirants,02_anexo_india_sa_2017.pdf
IND,expanded_2017,HS2017,563,33072000,33072000,330720,national8,exact,80,80,0,0,33072000 80% Washing preparations (including auxiliary washing preparations) and cleaning,02_anexo_india_sa_2017.pdf
IND,expanded_2017,HS2017,564,34029011,34029011,340290,national8,exact,80,80,0,0,"34029011 preparations, having a basis of soap or 80% other organic surface active agents Cleaning or degreasing preparations not having a basis of soa",02_anexo_india_sa_2017.pdf
IND,expanded_2017,HS2017,565,34029012,34029012,340290,national8,exact,80,80,0,0,34029012 80% surface active agents Other:,02_anexo_india_sa_2017.pdf
IND,expanded_2017,HS2017,566,34029019,34029019,340290,national8,exact,80,80,0,0,34029019 80% Washing preparations (including auxiliary washing preparations) and cleaning,02_anexo_india_sa_2017.pdf
IND,expanded_2017,HS2017,567,34029041,34029041,340290,national8,exact,80,80,0,0,"34029041 preparations, having a basis of soap or 80% other organic surface active agents Cleaning or degreasing preparations not having a basis of soa",02_anexo_india_sa_2017.pdf
IND,expanded_2017,HS2017,568,34029042,34029042,340290,national8,exact,80,80,0,0,34029042 80% surface active agents Other <br> Washing preparations,02_anexo_india_sa_2017.pdf
IND,expanded_2017,HS2017,569,34029049,34029049,340290,national8,exact,80,80,0,0,34029049 whether or not containing soaps : 80% Washing preparations (including auxiliary washing preparations) and cleaning,02_anexo_india_sa_2017.pdf
IND,expanded_2017,HS2017,570,34029051,34029051,340290,national8,exact,80,80,0,0,"34029051 preparations, having a basis of soap or 80% other organic surface active agents Cleaning or degreasing preparations not having a basis of soa",02_anexo_india_sa_2017.pdf
IND,expanded_2017,HS2017,571,34029052,34029052,340290,national8,exact,80,80,0,0,34029052 80% surface active agents Other <br> Other:,02_anexo_india_sa_2017.pdf
IND,expanded_2017,HS2017,572,34029059,34029059,340290,national8,exact,80,80,0,0,34029059 80% Washing preparations (including auxiliary washing preparations) and cleaning,02_anexo_india_sa_2017.pdf
IND,expanded_2017,HS2017,573,34029091,34029091,340290,national8,exact,80,80,0,0,"34029091 preparations, having a basis of soap or 80% other organic surface active agents Cleaning or degreasing preparations not having a basis of soa",02_anexo_india_sa_2017.pdf
IND,expanded_2017,HS2017,574,34029092,34029092,340290,national8,exact,80,80,0,0,34029092 80% surface active agents Other,02_anexo_india_sa_2017.pdf
IND,expanded_2017,HS2017,575,34029099,34029099,340290,national8,exact,80,80,0,0,"34029099 80% Products suitable for use as glues or adhesives, put up for retail sale as glues",02_anexo_india_sa_2017.pdf
IND,expanded_2017,HS2017,576,35061000,35061000,350610,national8,exact,80,80,0,0,"35061000 or adhesives, not exceeding a net weight 80% of 1 kg. <br> Other: Industrial explosives",02_anexo_india_sa_2017.pdf
IND,expanded_2017,HS2017,577,36020010,36020010,360200,national8,exact,80,80,0,0,36020010 80% Other,02_anexo_india_sa_2017.pdf
IND,expanded_2017,HS2017,578,36020090,36020090,360200,national8,exact,80,80,0,0,36020090 80% For Mine blasting,02_anexo_india_sa_2017.pdf
IND,expanded_2017,HS2017,579,36030011,36030011,360300,national8,exact,80,80,0,0,36030011 80% Other,02_anexo_india_sa_2017.pdf
IND,expanded_2017,HS2017,580,36030019,36030019,360300,national8,exact,80,80,0,0,36030019 80% Detonating fuses <br> Percussion and,02_anexo_india_sa_2017.pdf
IND,expanded_2017,HS2017,581,36030020,36030020,360300,national8,exact,80,80,0,0,36030020 detonating caps: 80% Non-ordnance,02_anexo_india_sa_2017.pdf
IND,expanded_2017,HS2017,582,36030031,36030031,360300,national8,exact,80,80,0,0,36030031 80% Other <br> Igniters:,02_anexo_india_sa_2017.pdf
IND,expanded_2017,HS2017,583,36030039,36030039,360300,national8,exact,80,80,0,0,36030039 80% Non-ordnance,02_anexo_india_sa_2017.pdf
IND,expanded_2017,HS2017,584,36030041,36030041,360300,national8,exact,80,80,0,0,36030041 80% Other <br> Electric Detonators:,02_anexo_india_sa_2017.pdf
IND,expanded_2017,HS2017,585,36030049,36030049,360300,national8,exact,80,80,0,0,"36030049 80% Containing explosives electrically ignited,",02_anexo_india_sa_2017.pdf
IND,expanded_2017,HS2017,586,36030051,36030051,360300,national8,exact,80,80,0,0,36030051 non-ordnance 80% Other,02_anexo_india_sa_2017.pdf
IND,expanded_2017,HS2017,587,36030059,36030059,360300,national8,exact,80,80,0,0,36030059 80% Activated carbon,02_anexo_india_sa_2017.pdf
IND,expanded_2017,HS2017,588,38021000,38021000,380210,national8,exact,80,80,0,0,38021000 80% Activated alumina,02_anexo_india_sa_2017.pdf
IND,expanded_2017,HS2017,589,38029011,38029011,380290,national8,exact,80,80,0,0,38029011 80% Activated bauxite,02_anexo_india_sa_2017.pdf
IND,expanded_2017,HS2017,590,38029012,38029012,380290,national8,exact,80,80,0,0,38029012 80% Other,02_anexo_india_sa_2017.pdf
IND,expanded_2017,HS2017,591,38029019,38029019,380290,national8,exact,80,80,0,0,38029019 80% Animal black (e g. bone black and ivory,02_anexo_india_sa_2017.pdf
IND,expanded_2017,HS2017,592,38029020,38029020,380290,national8,exact,80,80,0,0,"38029020 black), including spent animal black 80%",02_anexo_india_sa_2017.pdf
IND,expanded_2017,HS2017,593,38085900,38085900,380859,national8,pending_concordance,80,80,0,1,38085900 Fungicides of sub-heading 380892 80% Maneb,02_anexo_india_sa_2017.pdf
IND,expanded_2017,HS2017,593,380892,380892,380892,subheading6,exact,80,80,0,0,38085900 Fungicides of sub-heading 380892 80% Maneb,02_anexo_india_sa_2017.pdf
IND,expanded_2017,HS2017,594,38089210,38089210,380892,national8,exact,80,80,0,0,38089210 80% Sodium penta chlorophenate (santobrite),02_anexo_india_sa_2017.pdf
IND,expanded_2017,HS2017,595,38089220,38089220,380892,national8,exact,80,80,0,0,38089220 80% Thiram (tetramethyl thiuram disulphide),02_anexo_india_sa_2017.pdf
IND,expanded_2017,HS2017,596,38089230,38089230,380892,national8,exact,80,80,0,0,38089230 80% Zineb,02_anexo_india_sa_2017.pdf
IND,expanded_2017,HS2017,597,38089240,38089240,380892,national8,exact,80,80,0,0,38089240 80% Copper oxychloride,02_anexo_india_sa_2017.pdf
IND,expanded_2017,HS2017,598,38089250,38089250,380892,national8,exact,80,80,0,0,38089250 80% Other,02_anexo_india_sa_2017.pdf
IND,expanded_2017,HS2017,599,38089290,38089290,380892,national8,exact,80,80,0,0,38089290 80% Other,02_anexo_india_sa_2017.pdf
IND,expanded_2017,HS2017,600,38119000,38119000,381190,national8,exact,80,80,0,0,"38119000 80% Mixtures of oligomers of 2, 2, 4-trimethyl-",02_anexo_india_sa_2017.pdf
IND,expanded_2017,HS2017,601,38123100,38123100,381231,national8,pending_concordance,80,80,0,1,"38123100 1, 2-dihydroquinoline (TMQ) 80% Anti-oxidants for rubber",02_anexo_india_sa_2017.pdf
IND,expanded_2017,HS2017,602,38123910,38123910,381239,national8,pending_concordance,80,80,0,1,38123910 80% Softeners for rubber,02_anexo_india_sa_2017.pdf
IND,expanded_2017,HS2017,603,38123920,38123920,381239,national8,pending_concordance,80,80,0,1,38123920 80% Vulcanizing agents for rubber,02_anexo_india_sa_2017.pdf
IND,expanded_2017,HS2017,604,38123930,38123930,381239,national8,pending_concordance,80,80,0,1,38123930 80% Other,02_anexo_india_sa_2017.pdf
IND,expanded_2017,HS2017,605,38123990,38123990,381239,national8,pending_concordance,80,80,0,1,38123990 80% Other,02_anexo_india_sa_2017.pdf
IND,expanded_2017,HS2017,606,38220090,38220090,382200,national8_range,exact,5,95,1,1,"38220090 80% 3824 84 00 Containing aldrin (ISO), camphechlor 80% (ISO) (toxaphene), chlordane (ISO), chlordecone (ISO), DDT (ISO) (clofenotane (INN), ",02_anexo_india_sa_2017.pdf
IND,expanded_2017,HS2017,606,38248400,38248400,382484,national8_range,pending_concordance,5,95,1,1,"38220090 80% 3824 84 00 Containing aldrin (ISO), camphechlor 80% (ISO) (toxaphene), chlordane (ISO), chlordecone (ISO), DDT (ISO) (clofenotane (INN), ",02_anexo_india_sa_2017.pdf
IND,expanded_2017,HS2017,606,38248500,38248500,382485,national8_range,pending_concordance,5,95,1,1,"38220090 80% 3824 84 00 Containing aldrin (ISO), camphechlor 80% (ISO) (toxaphene), chlordane (ISO), chlordecone (ISO), DDT (ISO) (clofenotane (INN), ",02_anexo_india_sa_2017.pdf
IND,expanded_2017,HS2017,606,38248600,38248600,382486,national8_range,pending_concordance,5,95,1,1,"38220090 80% 3824 84 00 Containing aldrin (ISO), camphechlor 80% (ISO) (toxaphene), chlordane (ISO), chlordecone (ISO), DDT (ISO) (clofenotane (INN), ",02_anexo_india_sa_2017.pdf
IND,expanded_2017,HS2017,606,38248700,38248700,382487,national8_range,pending_concordance,5,95,1,1,"38220090 80% 3824 84 00 Containing aldrin (ISO), camphechlor 80% (ISO) (toxaphene), chlordane (ISO), chlordecone (ISO), DDT (ISO) (clofenotane (INN), ",02_anexo_india_sa_2017.pdf
IND,expanded_2017,HS2017,606,38248800,38248800,382488,national8_range,pending_concordance,5,95,1,1,"38220090 80% 3824 84 00 Containing aldrin (ISO), camphechlor 80% (ISO) (toxaphene), chlordane (ISO), chlordecone (ISO), DDT (ISO) (clofenotane (INN), ",02_anexo_india_sa_2017.pdf
IND,expanded_2017,HS2017,606,38249100,38249100,382491,national8_range,pending_concordance,5,95,1,1,"38220090 80% 3824 84 00 Containing aldrin (ISO), camphechlor 80% (ISO) (toxaphene), chlordane (ISO), chlordecone (ISO), DDT (ISO) (clofenotane (INN), ",02_anexo_india_sa_2017.pdf
IND,expanded_2017,HS2017,606,38249911,38249911,382499,national8_range,pending_concordance,5,95,1,1,"38220090 80% 3824 84 00 Containing aldrin (ISO), camphechlor 80% (ISO) (toxaphene), chlordane (ISO), chlordecone (ISO), DDT (ISO) (clofenotane (INN), ",02_anexo_india_sa_2017.pdf
IND,expanded_2017,HS2017,606,38249912,38249912,382499,national8_range,pending_concordance,5,95,1,1,"38220090 80% 3824 84 00 Containing aldrin (ISO), camphechlor 80% (ISO) (toxaphene), chlordane (ISO), chlordecone (ISO), DDT (ISO) (clofenotane (INN), ",02_anexo_india_sa_2017.pdf
IND,expanded_2017,HS2017,606,38249913,38249913,382499,national8_range,pending_concordance,5,95,1,1,"38220090 80% 3824 84 00 Containing aldrin (ISO), camphechlor 80% (ISO) (toxaphene), chlordane (ISO), chlordecone (ISO), DDT (ISO) (clofenotane (INN), ",02_anexo_india_sa_2017.pdf
IND,expanded_2017,HS2017,606,38249914,38249914,382499,national8_range,pending_concordance,5,95,1,1,"38220090 80% 3824 84 00 Containing aldrin (ISO), camphechlor 80% (ISO) (toxaphene), chlordane (ISO), chlordecone (ISO), DDT (ISO) (clofenotane (INN), ",02_anexo_india_sa_2017.pdf
IND,expanded_2017,HS2017,606,38249915,38249915,382499,national8_range,pending_concordance,5,95,1,1,"38220090 80% 3824 84 00 Containing aldrin (ISO), camphechlor 80% (ISO) (toxaphene), chlordane (ISO), chlordecone (ISO), DDT (ISO) (clofenotane (INN), ",02_anexo_india_sa_2017.pdf
IND,expanded_2017,HS2017,606,38249916,38249916,382499,national8_range,pending_concordance,5,95,1,1,"38220090 80% 3824 84 00 Containing aldrin (ISO), camphechlor 80% (ISO) (toxaphene), chlordane (ISO), chlordecone (ISO), DDT (ISO) (clofenotane (INN), ",02_anexo_india_sa_2017.pdf
IND,expanded_2017,HS2017,606,38249917,38249917,382499,national8_range,pending_concordance,5,95,1,1,"38220090 80% 3824 84 00 Containing aldrin (ISO), camphechlor 80% (ISO) (toxaphene), chlordane (ISO), chlordecone (ISO), DDT (ISO) (clofenotane (INN), ",02_anexo_india_sa_2017.pdf
IND,expanded_2017,HS2017,606,38249921,38249921,382499,national8_range,pending_concordance,5,95,1,1,"38220090 80% 3824 84 00 Containing aldrin (ISO), camphechlor 80% (ISO) (toxaphene), chlordane (ISO), chlordecone (ISO), DDT (ISO) (clofenotane (INN), ",02_anexo_india_sa_2017.pdf
IND,expanded_2017,HS2017,606,38249922,38249922,382499,national8_range,pending_concordance,5,95,1,1,"38220090 80% 3824 84 00 Containing aldrin (ISO), camphechlor 80% (ISO) (toxaphene), chlordane (ISO), chlordecone (ISO), DDT (ISO) (clofenotane (INN), ",02_anexo_india_sa_2017.pdf
IND,expanded_2017,HS2017,606,38249923,38249923,382499,national8_range,pending_concordance,5,95,1,1,"38220090 80% 3824 84 00 Containing aldrin (ISO), camphechlor 80% (ISO) (toxaphene), chlordane (ISO), chlordecone (ISO), DDT (ISO) (clofenotane (INN), ",02_anexo_india_sa_2017.pdf
IND,expanded_2017,HS2017,606,38249924,38249924,382499,national8_range,pending_concordance,5,95,1,1,"38220090 80% 3824 84 00 Containing aldrin (ISO), camphechlor 80% (ISO) (toxaphene), chlordane (ISO), chlordecone (ISO), DDT (ISO) (clofenotane (INN), ",02_anexo_india_sa_2017.pdf
IND,expanded_2017,HS2017,606,38249925,38249925,382499,national8_range,pending_concordance,5,95,1,1,"38220090 80% 3824 84 00 Containing aldrin (ISO), camphechlor 80% (ISO) (toxaphene), chlordane (ISO), chlordecone (ISO), DDT (ISO) (clofenotane (INN), ",02_anexo_india_sa_2017.pdf
IND,expanded_2017,HS2017,606,38249926,38249926,382499,national8_range,pending_concordance,5,95,1,1,"38220090 80% 3824 84 00 Containing aldrin (ISO), camphechlor 80% (ISO) (toxaphene), chlordane (ISO), chlordecone (ISO), DDT (ISO) (clofenotane (INN), ",02_anexo_india_sa_2017.pdf
IND,expanded_2017,HS2017,606,38249931,38249931,382499,national8_range,pending_concordance,5,95,1,1,"38220090 80% 3824 84 00 Containing aldrin (ISO), camphechlor 80% (ISO) (toxaphene), chlordane (ISO), chlordecone (ISO), DDT (ISO) (clofenotane (INN), ",02_anexo_india_sa_2017.pdf
IND,expanded_2017,HS2017,606,38249932,38249932,382499,national8_range,pending_concordance,5,95,1,1,"38220090 80% 3824 84 00 Containing aldrin (ISO), camphechlor 80% (ISO) (toxaphene), chlordane (ISO), chlordecone (ISO), DDT (ISO) (clofenotane (INN), ",02_anexo_india_sa_2017.pdf
IND,expanded_2017,HS2017,606,38249933,38249933,382499,national8_range,pending_concordance,5,95,1,1,"38220090 80% 3824 84 00 Containing aldrin (ISO), camphechlor 80% (ISO) (toxaphene), chlordane (ISO), chlordecone (ISO), DDT (ISO) (clofenotane (INN), ",02_anexo_india_sa_2017.pdf
IND,expanded_2017,HS2017,606,38249934,38249934,382499,national8_range,pending_concordance,5,95,1,1,"38220090 80% 3824 84 00 Containing aldrin (ISO), camphechlor 80% (ISO) (toxaphene), chlordane (ISO), chlordecone (ISO), DDT (ISO) (clofenotane (INN), ",02_anexo_india_sa_2017.pdf
IND,expanded_2017,HS2017,606,38249935,38249935,382499,national8_range,pending_concordance,5,95,1,1,"38220090 80% 3824 84 00 Containing aldrin (ISO), camphechlor 80% (ISO) (toxaphene), chlordane (ISO), chlordecone (ISO), DDT (ISO) (clofenotane (INN), ",02_anexo_india_sa_2017.pdf
IND,expanded_2017,HS2017,606,38249936,38249936,382499,national8_range,pending_concordance,5,95,1,1,"38220090 80% 3824 84 00 Containing aldrin (ISO), camphechlor 80% (ISO) (toxaphene), chlordane (ISO), chlordecone (ISO), DDT (ISO) (clofenotane (INN), ",02_anexo_india_sa_2017.pdf
IND,expanded_2017,HS2017,606,38249937,38249937,382499,national8_range,pending_concordance,5,95,1,1,"38220090 80% 3824 84 00 Containing aldrin (ISO), camphechlor 80% (ISO) (toxaphene), chlordane (ISO), chlordecone (ISO), DDT (ISO) (clofenotane (INN), ",02_anexo_india_sa_2017.pdf
IND,expanded_2017,HS2017,606,38249990,38249990,382499,national8_range,pending_concordance,5,95,1,1,"38220090 80% 3824 84 00 Containing aldrin (ISO), camphechlor 80% (ISO) (toxaphene), chlordane (ISO), chlordecone (ISO), DDT (ISO) (clofenotane (INN), ",02_anexo_india_sa_2017.pdf
IND,expanded_2017,HS2017,606,39074000,39074000,390740,national8_range,exact,5,95,1,1,"38220090 80% 3824 84 00 Containing aldrin (ISO), camphechlor 80% (ISO) (toxaphene), chlordane (ISO), chlordecone (ISO), DDT (ISO) (clofenotane (INN), ",02_anexo_india_sa_2017.pdf
IND,expanded_2017,HS2017,606,39093910,39093910,390939,national8_range,pending_concordance,5,95,1,1,"38220090 80% 3824 84 00 Containing aldrin (ISO), camphechlor 80% (ISO) (toxaphene), chlordane (ISO), chlordecone (ISO), DDT (ISO) (clofenotane (INN), ",02_anexo_india_sa_2017.pdf
IND,expanded_2017,HS2017,606,39131010,39131010,391310,national8_range,exact,5,95,1,1,"38220090 80% 3824 84 00 Containing aldrin (ISO), camphechlor 80% (ISO) (toxaphene), chlordane (ISO), chlordecone (ISO), DDT (ISO) (clofenotane (INN), ",02_anexo_india_sa_2017.pdf
IND,expanded_2017,HS2017,606,39131090,39131090,391310,national8_range,exact,5,95,1,1,"38220090 80% 3824 84 00 Containing aldrin (ISO), camphechlor 80% (ISO) (toxaphene), chlordane (ISO), chlordecone (ISO), DDT (ISO) (clofenotane (INN), ",02_anexo_india_sa_2017.pdf
IND,expanded_2017,HS2017,606,39172110,39172110,391721,national8_range,exact,5,95,1,1,"38220090 80% 3824 84 00 Containing aldrin (ISO), camphechlor 80% (ISO) (toxaphene), chlordane (ISO), chlordecone (ISO), DDT (ISO) (clofenotane (INN), ",02_anexo_india_sa_2017.pdf
IND,expanded_2017,HS2017,606,39172190,39172190,391721,national8_range,exact,5,95,1,1,"38220090 80% 3824 84 00 Containing aldrin (ISO), camphechlor 80% (ISO) (toxaphene), chlordane (ISO), chlordecone (ISO), DDT (ISO) (clofenotane (INN), ",02_anexo_india_sa_2017.pdf
IND,expanded_2017,HS2017,606,39173210,39173210,391732,national8_range,exact,5,95,1,1,"38220090 80% 3824 84 00 Containing aldrin (ISO), camphechlor 80% (ISO) (toxaphene), chlordane (ISO), chlordecone (ISO), DDT (ISO) (clofenotane (INN), ",02_anexo_india_sa_2017.pdf
IND,expanded_2017,HS2017,606,39173220,39173220,391732,national8_range,exact,5,95,1,1,"38220090 80% 3824 84 00 Containing aldrin (ISO), camphechlor 80% (ISO) (toxaphene), chlordane (ISO), chlordecone (ISO), DDT (ISO) (clofenotane (INN), ",02_anexo_india_sa_2017.pdf
IND,expanded_2017,HS2017,606,39173290,39173290,391732,national8_range,exact,5,95,1,1,"38220090 80% 3824 84 00 Containing aldrin (ISO), camphechlor 80% (ISO) (toxaphene), chlordane (ISO), chlordecone (ISO), DDT (ISO) (clofenotane (INN), ",02_anexo_india_sa_2017.pdf
IND,expanded_2017,HS2017,606,39199010,39199010,391990,national8_range,exact,5,95,1,1,"38220090 80% 3824 84 00 Containing aldrin (ISO), camphechlor 80% (ISO) (toxaphene), chlordane (ISO), chlordecone (ISO), DDT (ISO) (clofenotane (INN), ",02_anexo_india_sa_2017.pdf
IND,expanded_2017,HS2017,606,39199090,39199090,391990,national8_range,exact,5,95,1,1,"38220090 80% 3824 84 00 Containing aldrin (ISO), camphechlor 80% (ISO) (toxaphene), chlordane (ISO), chlordecone (ISO), DDT (ISO) (clofenotane (INN), ",02_anexo_india_sa_2017.pdf
IND,expanded_2017,HS2017,606,39209211,39209211,392092,national8_range,exact,5,95,1,1,"38220090 80% 3824 84 00 Containing aldrin (ISO), camphechlor 80% (ISO) (toxaphene), chlordane (ISO), chlordecone (ISO), DDT (ISO) (clofenotane (INN), ",02_anexo_india_sa_2017.pdf
IND,expanded_2017,HS2017,606,39209212,39209212,392092,national8_range,exact,5,95,1,1,"38220090 80% 3824 84 00 Containing aldrin (ISO), camphechlor 80% (ISO) (toxaphene), chlordane (ISO), chlordecone (ISO), DDT (ISO) (clofenotane (INN), ",02_anexo_india_sa_2017.pdf
IND,expanded_2017,HS2017,606,39209219,39209219,392092,national8_range,exact,5,95,1,1,"38220090 80% 3824 84 00 Containing aldrin (ISO), camphechlor 80% (ISO) (toxaphene), chlordane (ISO), chlordecone (ISO), DDT (ISO) (clofenotane (INN), ",02_anexo_india_sa_2017.pdf
IND,expanded_2017,HS2017,606,39209291,39209291,392092,national8_range,exact,5,95,1,1,"38220090 80% 3824 84 00 Containing aldrin (ISO), camphechlor 80% (ISO) (toxaphene), chlordane (ISO), chlordecone (ISO), DDT (ISO) (clofenotane (INN), ",02_anexo_india_sa_2017.pdf
IND,expanded_2017,HS2017,606,39209292,39209292,392092,national8_range,exact,5,95,1,1,"38220090 80% 3824 84 00 Containing aldrin (ISO), camphechlor 80% (ISO) (toxaphene), chlordane (ISO), chlordecone (ISO), DDT (ISO) (clofenotane (INN), ",02_anexo_india_sa_2017.pdf
IND,expanded_2017,HS2017,606,39209299,39209299,392092,national8_range,exact,5,95,1,1,"38220090 80% 3824 84 00 Containing aldrin (ISO), camphechlor 80% (ISO) (toxaphene), chlordane (ISO), chlordecone (ISO), DDT (ISO) (clofenotane (INN), ",02_anexo_india_sa_2017.pdf
IND,expanded_2017,HS2017,606,39269010,39269010,392690,national8_range,exact,5,95,1,1,"38220090 80% 3824 84 00 Containing aldrin (ISO), camphechlor 80% (ISO) (toxaphene), chlordane (ISO), chlordecone (ISO), DDT (ISO) (clofenotane (INN), ",02_anexo_india_sa_2017.pdf
IND,expanded_2017,HS2017,606,39269021,39269021,392690,national8_range,exact,5,95,1,1,"38220090 80% 3824 84 00 Containing aldrin (ISO), camphechlor 80% (ISO) (toxaphene), chlordane (ISO), chlordecone (ISO), DDT (ISO) (clofenotane (INN), ",02_anexo_india_sa_2017.pdf
IND,expanded_2017,HS2017,606,39269029,39269029,392690,national8_range,exact,5,95,1,1,"38220090 80% 3824 84 00 Containing aldrin (ISO), camphechlor 80% (ISO) (toxaphene), chlordane (ISO), chlordecone (ISO), DDT (ISO) (clofenotane (INN), ",02_anexo_india_sa_2017.pdf
IND,expanded_2017,HS2017,606,39269031,39269031,392690,national8_range,exact,5,95,1,1,"38220090 80% 3824 84 00 Containing aldrin (ISO), camphechlor 80% (ISO) (toxaphene), chlordane (ISO), chlordecone (ISO), DDT (ISO) (clofenotane (INN), ",02_anexo_india_sa_2017.pdf
IND,expanded_2017,HS2017,606,39269039,39269039,392690,national8_range,exact,5,95,1,1,"38220090 80% 3824 84 00 Containing aldrin (ISO), camphechlor 80% (ISO) (toxaphene), chlordane (ISO), chlordecone (ISO), DDT (ISO) (clofenotane (INN), ",02_anexo_india_sa_2017.pdf
IND,expanded_2017,HS2017,606,39269041,39269041,392690,national8_range,exact,5,95,1,1,"38220090 80% 3824 84 00 Containing aldrin (ISO), camphechlor 80% (ISO) (toxaphene), chlordane (ISO), chlordecone (ISO), DDT (ISO) (clofenotane (INN), ",02_anexo_india_sa_2017.pdf
IND,expanded_2017,HS2017,606,39269049,39269049,392690,national8_range,exact,5,95,1,1,"38220090 80% 3824 84 00 Containing aldrin (ISO), camphechlor 80% (ISO) (toxaphene), chlordane (ISO), chlordecone (ISO), DDT (ISO) (clofenotane (INN), ",02_anexo_india_sa_2017.pdf
IND,expanded_2017,HS2017,606,39269051,39269051,392690,national8_range,exact,5,95,1,1,"38220090 80% 3824 84 00 Containing aldrin (ISO), camphechlor 80% (ISO) (toxaphene), chlordane (ISO), chlordecone (ISO), DDT (ISO) (clofenotane (INN), ",02_anexo_india_sa_2017.pdf
IND,expanded_2017,HS2017,606,39269059,39269059,392690,national8_range,exact,5,95,1,1,"38220090 80% 3824 84 00 Containing aldrin (ISO), camphechlor 80% (ISO) (toxaphene), chlordane (ISO), chlordecone (ISO), DDT (ISO) (clofenotane (INN), ",02_anexo_india_sa_2017.pdf
IND,expanded_2017,HS2017,606,39269061,39269061,392690,national8_range,exact,5,95,1,1,"38220090 80% 3824 84 00 Containing aldrin (ISO), camphechlor 80% (ISO) (toxaphene), chlordane (ISO), chlordecone (ISO), DDT (ISO) (clofenotane (INN), ",02_anexo_india_sa_2017.pdf
IND,expanded_2017,HS2017,606,39269069,39269069,392690,national8_range,exact,5,95,1,1,"38220090 80% 3824 84 00 Containing aldrin (ISO), camphechlor 80% (ISO) (toxaphene), chlordane (ISO), chlordecone (ISO), DDT (ISO) (clofenotane (INN), ",02_anexo_india_sa_2017.pdf
IND,expanded_2017,HS2017,606,39269071,39269071,392690,national8_range,exact,5,95,1,1,"38220090 80% 3824 84 00 Containing aldrin (ISO), camphechlor 80% (ISO) (toxaphene), chlordane (ISO), chlordecone (ISO), DDT (ISO) (clofenotane (INN), ",02_anexo_india_sa_2017.pdf
IND,expanded_2017,HS2017,606,39269079,39269079,392690,national8_range,exact,5,95,1,1,"38220090 80% 3824 84 00 Containing aldrin (ISO), camphechlor 80% (ISO) (toxaphene), chlordane (ISO), chlordecone (ISO), DDT (ISO) (clofenotane (INN), ",02_anexo_india_sa_2017.pdf
IND,expanded_2017,HS2017,606,39269080,39269080,392690,national8_range,exact,5,95,1,1,"38220090 80% 3824 84 00 Containing aldrin (ISO), camphechlor 80% (ISO) (toxaphene), chlordane (ISO), chlordecone (ISO), DDT (ISO) (clofenotane (INN), ",02_anexo_india_sa_2017.pdf
IND,expanded_2017,HS2017,606,39269091,39269091,392690,national8_range,exact,5,95,1,1,"38220090 80% 3824 84 00 Containing aldrin (ISO), camphechlor 80% (ISO) (toxaphene), chlordane (ISO), chlordecone (ISO), DDT (ISO) (clofenotane (INN), ",02_anexo_india_sa_2017.pdf
IND,expanded_2017,HS2017,606,39269099,39269099,392690,national8_range,exact,5,95,1,1,"38220090 80% 3824 84 00 Containing aldrin (ISO), camphechlor 80% (ISO) (toxaphene), chlordane (ISO), chlordecone (ISO), DDT (ISO) (clofenotane (INN), ",02_anexo_india_sa_2017.pdf
IND,expanded_2017,HS2017,606,40119000,40119000,401190,national8_range,pending_concordance,5,95,1,1,"38220090 80% 3824 84 00 Containing aldrin (ISO), camphechlor 80% (ISO) (toxaphene), chlordane (ISO), chlordecone (ISO), DDT (ISO) (clofenotane (INN), ",02_anexo_india_sa_2017.pdf
IND,expanded_2017,HS2017,606,40119000,40119000,401190,national8_range,pending_concordance,5,95,1,1,"38220090 80% 3824 84 00 Containing aldrin (ISO), camphechlor 80% (ISO) (toxaphene), chlordane (ISO), chlordecone (ISO), DDT (ISO) (clofenotane (INN), ",02_anexo_india_sa_2017.pdf
IND,expanded_2017,HS2017,606,40169910,40169910,401699,national8_range,exact,5,95,1,1,"38220090 80% 3824 84 00 Containing aldrin (ISO), camphechlor 80% (ISO) (toxaphene), chlordane (ISO), chlordecone (ISO), DDT (ISO) (clofenotane (INN), ",02_anexo_india_sa_2017.pdf
IND,expanded_2017,HS2017,606,40169920,40169920,401699,national8_range,exact,5,95,1,1,"38220090 80% 3824 84 00 Containing aldrin (ISO), camphechlor 80% (ISO) (toxaphene), chlordane (ISO), chlordecone (ISO), DDT (ISO) (clofenotane (INN), ",02_anexo_india_sa_2017.pdf
IND,expanded_2017,HS2017,606,40169930,40169930,401699,national8_range,exact,5,95,1,1,"38220090 80% 3824 84 00 Containing aldrin (ISO), camphechlor 80% (ISO) (toxaphene), chlordane (ISO), chlordecone (ISO), DDT (ISO) (clofenotane (INN), ",02_anexo_india_sa_2017.pdf
IND,expanded_2017,HS2017,606,40169940,40169940,401699,national8_range,exact,5,95,1,1,"38220090 80% 3824 84 00 Containing aldrin (ISO), camphechlor 80% (ISO) (toxaphene), chlordane (ISO), chlordecone (ISO), DDT (ISO) (clofenotane (INN), ",02_anexo_india_sa_2017.pdf
IND,expanded_2017,HS2017,606,40169950,40169950,401699,national8_range,exact,5,95,1,1,"38220090 80% 3824 84 00 Containing aldrin (ISO), camphechlor 80% (ISO) (toxaphene), chlordane (ISO), chlordecone (ISO), DDT (ISO) (clofenotane (INN), ",02_anexo_india_sa_2017.pdf
IND,expanded_2017,HS2017,606,40169960,40169960,401699,national8_range,exact,5,95,1,1,"38220090 80% 3824 84 00 Containing aldrin (ISO), camphechlor 80% (ISO) (toxaphene), chlordane (ISO), chlordecone (ISO), DDT (ISO) (clofenotane (INN), ",02_anexo_india_sa_2017.pdf
IND,expanded_2017,HS2017,606,40169970,40169970,401699,national8_range,exact,5,95,1,1,"38220090 80% 3824 84 00 Containing aldrin (ISO), camphechlor 80% (ISO) (toxaphene), chlordane (ISO), chlordecone (ISO), DDT (ISO) (clofenotane (INN), ",02_anexo_india_sa_2017.pdf
IND,expanded_2017,HS2017,606,40169980,40169980,401699,national8_range,exact,5,95,1,1,"38220090 80% 3824 84 00 Containing aldrin (ISO), camphechlor 80% (ISO) (toxaphene), chlordane (ISO), chlordecone (ISO), DDT (ISO) (clofenotane (INN), ",02_anexo_india_sa_2017.pdf
IND,expanded_2017,HS2017,606,40169990,40169990,401699,national8_range,exact,5,95,1,1,"38220090 80% 3824 84 00 Containing aldrin (ISO), camphechlor 80% (ISO) (toxaphene), chlordane (ISO), chlordecone (ISO), DDT (ISO) (clofenotane (INN), ",02_anexo_india_sa_2017.pdf
IND,expanded_2017,HS2017,606,41041100,41041100,410411,national8_range,exact,5,95,1,1,"38220090 80% 3824 84 00 Containing aldrin (ISO), camphechlor 80% (ISO) (toxaphene), chlordane (ISO), chlordecone (ISO), DDT (ISO) (clofenotane (INN), ",02_anexo_india_sa_2017.pdf
IND,expanded_2017,HS2017,606,41041900,41041900,410419,national8_range,exact,5,95,1,1,"38220090 80% 3824 84 00 Containing aldrin (ISO), camphechlor 80% (ISO) (toxaphene), chlordane (ISO), chlordecone (ISO), DDT (ISO) (clofenotane (INN), ",02_anexo_india_sa_2017.pdf
IND,expanded_2017,HS2017,606,41044100,41044100,410441,national8_range,exact,5,95,1,1,"38220090 80% 3824 84 00 Containing aldrin (ISO), camphechlor 80% (ISO) (toxaphene), chlordane (ISO), chlordecone (ISO), DDT (ISO) (clofenotane (INN), ",02_anexo_india_sa_2017.pdf
IND,expanded_2017,HS2017,606,41044900,41044900,410449,national8_range,exact,5,95,1,1,"38220090 80% 3824 84 00 Containing aldrin (ISO), camphechlor 80% (ISO) (toxaphene), chlordane (ISO), chlordecone (ISO), DDT (ISO) (clofenotane (INN), ",02_anexo_india_sa_2017.pdf
IND,expanded_2017,HS2017,606,41069100,41069100,410691,national8_range,exact,5,95,1,1,"38220090 80% 3824 84 00 Containing aldrin (ISO), camphechlor 80% (ISO) (toxaphene), chlordane (ISO), chlordecone (ISO), DDT (ISO) (clofenotane (INN), ",02_anexo_india_sa_2017.pdf
IND,expanded_2017,HS2017,606,41079200,41079200,410792,national8_range,exact,5,95,1,1,"38220090 80% 3824 84 00 Containing aldrin (ISO), camphechlor 80% (ISO) (toxaphene), chlordane (ISO), chlordecone (ISO), DDT (ISO) (clofenotane (INN), ",02_anexo_india_sa_2017.pdf
IND,expanded_2017,HS2017,606,43031020,43031020,430310,national8_range,exact,5,95,1,1,"38220090 80% 3824 84 00 Containing aldrin (ISO), camphechlor 80% (ISO) (toxaphene), chlordane (ISO), chlordecone (ISO), DDT (ISO) (clofenotane (INN), ",02_anexo_india_sa_2017.pdf
IND,expanded_2017,HS2017,606,43031010,43031010,430310,national8_range,exact,5,95,1,1,"38220090 80% 3824 84 00 Containing aldrin (ISO), camphechlor 80% (ISO) (toxaphene), chlordane (ISO), chlordecone (ISO), DDT (ISO) (clofenotane (INN), ",02_anexo_india_sa_2017.pdf
IND,expanded_2017,HS2017,606,43031090,43031090,430310,national8_range,exact,5,95,1,1,"38220090 80% 3824 84 00 Containing aldrin (ISO), camphechlor 80% (ISO) (toxaphene), chlordane (ISO), chlordecone (ISO), DDT (ISO) (clofenotane (INN), ",02_anexo_india_sa_2017.pdf
IND,expanded_2017,HS2017,606,44012200,44012200,440122,national8_range,exact,5,95,1,1,"38220090 80% 3824 84 00 Containing aldrin (ISO), camphechlor 80% (ISO) (toxaphene), chlordane (ISO), chlordecone (ISO), DDT (ISO) (clofenotane (INN), ",02_anexo_india_sa_2017.pdf
IND,expanded_2017,HS2017,606,44031100,44031100,440311,national8_range,pending_concordance,5,95,1,1,"38220090 80% 3824 84 00 Containing aldrin (ISO), camphechlor 80% (ISO) (toxaphene), chlordane (ISO), chlordecone (ISO), DDT (ISO) (clofenotane (INN), ",02_anexo_india_sa_2017.pdf
IND,expanded_2017,HS2017,606,44031200,44031200,440312,national8_range,pending_concordance,5,95,1,1,"38220090 80% 3824 84 00 Containing aldrin (ISO), camphechlor 80% (ISO) (toxaphene), chlordane (ISO), chlordecone (ISO), DDT (ISO) (clofenotane (INN), ",02_anexo_india_sa_2017.pdf
IND,expanded_2017,HS2017,606,44032110,44032110,440321,national8_range,pending_concordance,5,95,1,1,"38220090 80% 3824 84 00 Containing aldrin (ISO), camphechlor 80% (ISO) (toxaphene), chlordane (ISO), chlordecone (ISO), DDT (ISO) (clofenotane (INN), ",02_anexo_india_sa_2017.pdf
IND,expanded_2017,HS2017,606,44032120,44032120,440321,national8_range,pending_concordance,5,95,1,1,"38220090 80% 3824 84 00 Containing aldrin (ISO), camphechlor 80% (ISO) (toxaphene), chlordane (ISO), chlordecone (ISO), DDT (ISO) (clofenotane (INN), ",02_anexo_india_sa_2017.pdf
IND,expanded_2017,HS2017,606,44032190,44032190,440321,national8_range,pending_concordance,5,95,1,1,"38220090 80% 3824 84 00 Containing aldrin (ISO), camphechlor 80% (ISO) (toxaphene), chlordane (ISO), chlordecone (ISO), DDT (ISO) (clofenotane (INN), ",02_anexo_india_sa_2017.pdf
IND,expanded_2017,HS2017,606,44032210,44032210,440322,national8_range,pending_concordance,5,95,1,1,"38220090 80% 3824 84 00 Containing aldrin (ISO), camphechlor 80% (ISO) (toxaphene), chlordane (ISO), chlordecone (ISO), DDT (ISO) (clofenotane (INN), ",02_anexo_india_sa_2017.pdf
IND,expanded_2017,HS2017,606,44032220,44032220,440322,national8_range,pending_concordance,5,95,1,1,"38220090 80% 3824 84 00 Containing aldrin (ISO), camphechlor 80% (ISO) (toxaphene), chlordane (ISO), chlordecone (ISO), DDT (ISO) (clofenotane (INN), ",02_anexo_india_sa_2017.pdf
IND,expanded_2017,HS2017,606,44032290,44032290,440322,national8_range,pending_concordance,5,95,1,1,"38220090 80% 3824 84 00 Containing aldrin (ISO), camphechlor 80% (ISO) (toxaphene), chlordane (ISO), chlordecone (ISO), DDT (ISO) (clofenotane (INN), ",02_anexo_india_sa_2017.pdf
IND,expanded_2017,HS2017,606,44032310,44032310,440323,national8_range,pending_concordance,5,95,1,1,"38220090 80% 3824 84 00 Containing aldrin (ISO), camphechlor 80% (ISO) (toxaphene), chlordane (ISO), chlordecone (ISO), DDT (ISO) (clofenotane (INN), ",02_anexo_india_sa_2017.pdf
IND,expanded_2017,HS2017,606,44032320,44032320,440323,national8_range,pending_concordance,5,95,1,1,"38220090 80% 3824 84 00 Containing aldrin (ISO), camphechlor 80% (ISO) (toxaphene), chlordane (ISO), chlordecone (ISO), DDT (ISO) (clofenotane (INN), ",02_anexo_india_sa_2017.pdf
IND,expanded_2017,HS2017,606,44032390,44032390,440323,national8_range,pending_concordance,5,95,1,1,"38220090 80% 3824 84 00 Containing aldrin (ISO), camphechlor 80% (ISO) (toxaphene), chlordane (ISO), chlordecone (ISO), DDT (ISO) (clofenotane (INN), ",02_anexo_india_sa_2017.pdf
IND,expanded_2017,HS2017,606,44032310,44032310,440323,national8_range,pending_concordance,5,95,1,1,"38220090 80% 3824 84 00 Containing aldrin (ISO), camphechlor 80% (ISO) (toxaphene), chlordane (ISO), chlordecone (ISO), DDT (ISO) (clofenotane (INN), ",02_anexo_india_sa_2017.pdf
IND,expanded_2017,HS2017,606,44032410,44032410,440324,national8_range,pending_concordance,5,95,1,1,"38220090 80% 3824 84 00 Containing aldrin (ISO), camphechlor 80% (ISO) (toxaphene), chlordane (ISO), chlordecone (ISO), DDT (ISO) (clofenotane (INN), ",02_anexo_india_sa_2017.pdf
IND,expanded_2017,HS2017,606,44032420,44032420,440324,national8_range,pending_concordance,5,95,1,1,"38220090 80% 3824 84 00 Containing aldrin (ISO), camphechlor 80% (ISO) (toxaphene), chlordane (ISO), chlordecone (ISO), DDT (ISO) (clofenotane (INN), ",02_anexo_india_sa_2017.pdf
IND,expanded_2017,HS2017,606,44032490,44032490,440324,national8_range,pending_concordance,5,95,1,1,"38220090 80% 3824 84 00 Containing aldrin (ISO), camphechlor 80% (ISO) (toxaphene), chlordane (ISO), chlordecone (ISO), DDT (ISO) (clofenotane (INN), ",02_anexo_india_sa_2017.pdf
IND,expanded_2017,HS2017,606,44032510,44032510,440325,national8_range,pending_concordance,5,95,1,1,"38220090 80% 3824 84 00 Containing aldrin (ISO), camphechlor 80% (ISO) (toxaphene), chlordane (ISO), chlordecone (ISO), DDT (ISO) (clofenotane (INN), ",02_anexo_india_sa_2017.pdf
IND,expanded_2017,HS2017,606,44032520,44032520,440325,national8_range,pending_concordance,5,95,1,1,"38220090 80% 3824 84 00 Containing aldrin (ISO), camphechlor 80% (ISO) (toxaphene), chlordane (ISO), chlordecone (ISO), DDT (ISO) (clofenotane (INN), ",02_anexo_india_sa_2017.pdf
IND,expanded_2017,HS2017,606,44032590,44032590,440325,national8_range,pending_concordance,5,95,1,1,"38220090 80% 3824 84 00 Containing aldrin (ISO), camphechlor 80% (ISO) (toxaphene), chlordane (ISO), chlordecone (ISO), DDT (ISO) (clofenotane (INN), ",02_anexo_india_sa_2017.pdf
IND,expanded_2017,HS2017,606,44032610,44032610,440326,national8_range,pending_concordance,5,95,1,1,"38220090 80% 3824 84 00 Containing aldrin (ISO), camphechlor 80% (ISO) (toxaphene), chlordane (ISO), chlordecone (ISO), DDT (ISO) (clofenotane (INN), ",02_anexo_india_sa_2017.pdf
IND,expanded_2017,HS2017,606,44032620,44032620,440326,national8_range,pending_concordance,5,95,1,1,"38220090 80% 3824 84 00 Containing aldrin (ISO), camphechlor 80% (ISO) (toxaphene), chlordane (ISO), chlordecone (ISO), DDT (ISO) (clofenotane (INN), ",02_anexo_india_sa_2017.pdf
IND,expanded_2017,HS2017,606,44032690,44032690,440326,national8_range,pending_concordance,5,95,1,1,"38220090 80% 3824 84 00 Containing aldrin (ISO), camphechlor 80% (ISO) (toxaphene), chlordane (ISO), chlordecone (ISO), DDT (ISO) (clofenotane (INN), ",02_anexo_india_sa_2017.pdf
IND,expanded_2017,HS2017,606,44071100,44071100,440711,national8_range,pending_concordance,5,95,1,1,"38220090 80% 3824 84 00 Containing aldrin (ISO), camphechlor 80% (ISO) (toxaphene), chlordane (ISO), chlordecone (ISO), DDT (ISO) (clofenotane (INN), ",02_anexo_india_sa_2017.pdf
IND,expanded_2017,HS2017,606,44071200,44071200,440712,national8_range,pending_concordance,5,95,1,1,"38220090 80% 3824 84 00 Containing aldrin (ISO), camphechlor 80% (ISO) (toxaphene), chlordane (ISO), chlordecone (ISO), DDT (ISO) (clofenotane (INN), ",02_anexo_india_sa_2017.pdf
IND,expanded_2017,HS2017,606,44071910,44071910,440719,national8_range,pending_concordance,5,95,1,1,"38220090 80% 3824 84 00 Containing aldrin (ISO), camphechlor 80% (ISO) (toxaphene), chlordane (ISO), chlordecone (ISO), DDT (ISO) (clofenotane (INN), ",02_anexo_india_sa_2017.pdf
IND,expanded_2017,HS2017,606,44071990,44071990,440719,national8_range,pending_concordance,5,95,1,1,"38220090 80% 3824 84 00 Containing aldrin (ISO), camphechlor 80% (ISO) (toxaphene), chlordane (ISO), chlordecone (ISO), DDT (ISO) (clofenotane (INN), ",02_anexo_india_sa_2017.pdf
IND,expanded_2017,HS2017,606,44079600,44079600,440796,national8_range,pending_concordance,5,95,1,1,"38220090 80% 3824 84 00 Containing aldrin (ISO), camphechlor 80% (ISO) (toxaphene), chlordane (ISO), chlordecone (ISO), DDT (ISO) (clofenotane (INN), ",02_anexo_india_sa_2017.pdf
IND,expanded_2017,HS2017,606,44079700,44079700,440797,national8_range,pending_concordance,5,95,1,1,"38220090 80% 3824 84 00 Containing aldrin (ISO), camphechlor 80% (ISO) (toxaphene), chlordane (ISO), chlordecone (ISO), DDT (ISO) (clofenotane (INN), ",02_anexo_india_sa_2017.pdf
IND,expanded_2017,HS2017,606,44079920,44079920,440799,national8_range,exact,5,95,1,1,"38220090 80% 3824 84 00 Containing aldrin (ISO), camphechlor 80% (ISO) (toxaphene), chlordane (ISO), chlordecone (ISO), DDT (ISO) (clofenotane (INN), ",02_anexo_india_sa_2017.pdf
IND,expanded_2017,HS2017,606,44079990,44079990,440799,national8_range,exact,5,95,1,1,"38220090 80% 3824 84 00 Containing aldrin (ISO), camphechlor 80% (ISO) (toxaphene), chlordane (ISO), chlordecone (ISO), DDT (ISO) (clofenotane (INN), ",02_anexo_india_sa_2017.pdf
IND,expanded_2017,HS2017,606,44081010,44081010,440810,national8_range,exact,5,95,1,1,"38220090 80% 3824 84 00 Containing aldrin (ISO), camphechlor 80% (ISO) (toxaphene), chlordane (ISO), chlordecone (ISO), DDT (ISO) (clofenotane (INN), ",02_anexo_india_sa_2017.pdf
IND,expanded_2017,HS2017,606,44081020,44081020,440810,national8_range,exact,5,95,1,1,"38220090 80% 3824 84 00 Containing aldrin (ISO), camphechlor 80% (ISO) (toxaphene), chlordane (ISO), chlordecone (ISO), DDT (ISO) (clofenotane (INN), ",02_anexo_india_sa_2017.pdf
IND,expanded_2017,HS2017,606,44081030,44081030,440810,national8_range,exact,5,95,1,1,"38220090 80% 3824 84 00 Containing aldrin (ISO), camphechlor 80% (ISO) (toxaphene), chlordane (ISO), chlordecone (ISO), DDT (ISO) (clofenotane (INN), ",02_anexo_india_sa_2017.pdf
IND,expanded_2017,HS2017,606,44081090,44081090,440810,national8_range,exact,5,95,1,1,"38220090 80% 3824 84 00 Containing aldrin (ISO), camphechlor 80% (ISO) (toxaphene), chlordane (ISO), chlordecone (ISO), DDT (ISO) (clofenotane (INN), ",02_anexo_india_sa_2017.pdf
IND,expanded_2017,HS2017,606,44091010,44091010,440910,national8_range,exact,5,95,1,1,"38220090 80% 3824 84 00 Containing aldrin (ISO), camphechlor 80% (ISO) (toxaphene), chlordane (ISO), chlordecone (ISO), DDT (ISO) (clofenotane (INN), ",02_anexo_india_sa_2017.pdf
IND,expanded_2017,HS2017,606,44091020,44091020,440910,national8_range,exact,5,95,1,1,"38220090 80% 3824 84 00 Containing aldrin (ISO), camphechlor 80% (ISO) (toxaphene), chlordane (ISO), chlordecone (ISO), DDT (ISO) (clofenotane (INN), ",02_anexo_india_sa_2017.pdf
IND,expanded_2017,HS2017,606,44091090,44091090,440910,national8_range,exact,5,95,1,1,"38220090 80% 3824 84 00 Containing aldrin (ISO), camphechlor 80% (ISO) (toxaphene), chlordane (ISO), chlordecone (ISO), DDT (ISO) (clofenotane (INN), ",02_anexo_india_sa_2017.pdf
IND,expanded_2017,HS2017,606,44101110,44101110,441011,national8_range,exact,5,95,1,1,"38220090 80% 3824 84 00 Containing aldrin (ISO), camphechlor 80% (ISO) (toxaphene), chlordane (ISO), chlordecone (ISO), DDT (ISO) (clofenotane (INN), ",02_anexo_india_sa_2017.pdf
IND,expanded_2017,HS2017,606,44101120,44101120,441011,national8_range,exact,5,95,1,1,"38220090 80% 3824 84 00 Containing aldrin (ISO), camphechlor 80% (ISO) (toxaphene), chlordane (ISO), chlordecone (ISO), DDT (ISO) (clofenotane (INN), ",02_anexo_india_sa_2017.pdf
IND,expanded_2017,HS2017,606,44101130,44101130,441011,national8_range,exact,5,95,1,1,"38220090 80% 3824 84 00 Containing aldrin (ISO), camphechlor 80% (ISO) (toxaphene), chlordane (ISO), chlordecone (ISO), DDT (ISO) (clofenotane (INN), ",02_anexo_india_sa_2017.pdf
IND,expanded_2017,HS2017,606,44101190,44101190,441011,national8_range,exact,5,95,1,1,"38220090 80% 3824 84 00 Containing aldrin (ISO), camphechlor 80% (ISO) (toxaphene), chlordane (ISO), chlordecone (ISO), DDT (ISO) (clofenotane (INN), ",02_anexo_india_sa_2017.pdf
IND,expanded_2017,HS2017,606,44101210,44101210,441012,national8_range,exact,5,95,1,1,"38220090 80% 3824 84 00 Containing aldrin (ISO), camphechlor 80% (ISO) (toxaphene), chlordane (ISO), chlordecone (ISO), DDT (ISO) (clofenotane (INN), ",02_anexo_india_sa_2017.pdf
IND,expanded_2017,HS2017,606,44101290,44101290,441012,national8_range,exact,5,95,1,1,"38220090 80% 3824 84 00 Containing aldrin (ISO), camphechlor 80% (ISO) (toxaphene), chlordane (ISO), chlordecone (ISO), DDT (ISO) (clofenotane (INN), ",02_anexo_india_sa_2017.pdf
IND,expanded_2017,HS2017,606,44101900,44101900,441019,national8_range,exact,5,95,1,1,"38220090 80% 3824 84 00 Containing aldrin (ISO), camphechlor 80% (ISO) (toxaphene), chlordane (ISO), chlordecone (ISO), DDT (ISO) (clofenotane (INN), ",02_anexo_india_sa_2017.pdf
IND,expanded_2017,HS2017,606,44111200,44111200,441112,national8_range,exact,5,95,1,1,"38220090 80% 3824 84 00 Containing aldrin (ISO), camphechlor 80% (ISO) (toxaphene), chlordane (ISO), chlordecone (ISO), DDT (ISO) (clofenotane (INN), ",02_anexo_india_sa_2017.pdf
IND,expanded_2017,HS2017,606,44111300,44111300,441113,national8_range,exact,5,95,1,1,"38220090 80% 3824 84 00 Containing aldrin (ISO), camphechlor 80% (ISO) (toxaphene), chlordane (ISO), chlordecone (ISO), DDT (ISO) (clofenotane (INN), ",02_anexo_india_sa_2017.pdf
IND,expanded_2017,HS2017,606,44111400,44111400,441114,national8_range,exact,5,95,1,1,"38220090 80% 3824 84 00 Containing aldrin (ISO), camphechlor 80% (ISO) (toxaphene), chlordane (ISO), chlordecone (ISO), DDT (ISO) (clofenotane (INN), ",02_anexo_india_sa_2017.pdf
IND,expanded_2017,HS2017,606,44119211,44119211,441192,national8_range,exact,5,95,1,1,"38220090 80% 3824 84 00 Containing aldrin (ISO), camphechlor 80% (ISO) (toxaphene), chlordane (ISO), chlordecone (ISO), DDT (ISO) (clofenotane (INN), ",02_anexo_india_sa_2017.pdf
IND,expanded_2017,HS2017,606,44119219,44119219,441192,national8_range,exact,5,95,1,1,"38220090 80% 3824 84 00 Containing aldrin (ISO), camphechlor 80% (ISO) (toxaphene), chlordane (ISO), chlordecone (ISO), DDT (ISO) (clofenotane (INN), ",02_anexo_india_sa_2017.pdf
IND,expanded_2017,HS2017,606,44119221,44119221,441192,national8_range,exact,5,95,1,1,"38220090 80% 3824 84 00 Containing aldrin (ISO), camphechlor 80% (ISO) (toxaphene), chlordane (ISO), chlordecone (ISO), DDT (ISO) (clofenotane (INN), ",02_anexo_india_sa_2017.pdf
IND,expanded_2017,HS2017,606,44119229,44119229,441192,national8_range,exact,5,95,1,1,"38220090 80% 3824 84 00 Containing aldrin (ISO), camphechlor 80% (ISO) (toxaphene), chlordane (ISO), chlordecone (ISO), DDT (ISO) (clofenotane (INN), ",02_anexo_india_sa_2017.pdf
IND,expanded_2017,HS2017,606,44119311,44119311,441193,national8_range,exact,5,95,1,1,"38220090 80% 3824 84 00 Containing aldrin (ISO), camphechlor 80% (ISO) (toxaphene), chlordane (ISO), chlordecone (ISO), DDT (ISO) (clofenotane (INN), ",02_anexo_india_sa_2017.pdf
IND,expanded_2017,HS2017,606,44119319,44119319,441193,national8_range,exact,5,95,1,1,"38220090 80% 3824 84 00 Containing aldrin (ISO), camphechlor 80% (ISO) (toxaphene), chlordane (ISO), chlordecone (ISO), DDT (ISO) (clofenotane (INN), ",02_anexo_india_sa_2017.pdf
IND,expanded_2017,HS2017,606,44119321,44119321,441193,national8_range,exact,5,95,1,1,"38220090 80% 3824 84 00 Containing aldrin (ISO), camphechlor 80% (ISO) (toxaphene), chlordane (ISO), chlordecone (ISO), DDT (ISO) (clofenotane (INN), ",02_anexo_india_sa_2017.pdf
IND,expanded_2017,HS2017,606,44119329,44119329,441193,national8_range,exact,5,95,1,1,"38220090 80% 3824 84 00 Containing aldrin (ISO), camphechlor 80% (ISO) (toxaphene), chlordane (ISO), chlordecone (ISO), DDT (ISO) (clofenotane (INN), ",02_anexo_india_sa_2017.pdf
IND,expanded_2017,HS2017,606,44119411,44119411,441194,national8_range,exact,5,95,1,1,"38220090 80% 3824 84 00 Containing aldrin (ISO), camphechlor 80% (ISO) (toxaphene), chlordane (ISO), chlordecone (ISO), DDT (ISO) (clofenotane (INN), ",02_anexo_india_sa_2017.pdf
IND,expanded_2017,HS2017,606,44119419,44119419,441194,national8_range,exact,5,95,1,1,"38220090 80% 3824 84 00 Containing aldrin (ISO), camphechlor 80% (ISO) (toxaphene), chlordane (ISO), chlordecone (ISO), DDT (ISO) (clofenotane (INN), ",02_anexo_india_sa_2017.pdf
IND,expanded_2017,HS2017,606,44119421,44119421,441194,national8_range,exact,5,95,1,1,"38220090 80% 3824 84 00 Containing aldrin (ISO), camphechlor 80% (ISO) (toxaphene), chlordane (ISO), chlordecone (ISO), DDT (ISO) (clofenotane (INN), ",02_anexo_india_sa_2017.pdf
IND,expanded_2017,HS2017,606,44119429,44119429,441194,national8_range,exact,5,95,1,1,"38220090 80% 3824 84 00 Containing aldrin (ISO), camphechlor 80% (ISO) (toxaphene), chlordane (ISO), chlordecone (ISO), DDT (ISO) (clofenotane (INN), ",02_anexo_india_sa_2017.pdf
IND,expanded_2017,HS2017,606,44123910,44123910,441239,national8_range,exact,5,95,1,1,"38220090 80% 3824 84 00 Containing aldrin (ISO), camphechlor 80% (ISO) (toxaphene), chlordane (ISO), chlordecone (ISO), DDT (ISO) (clofenotane (INN), ",02_anexo_india_sa_2017.pdf
IND,expanded_2017,HS2017,606,44123920,44123920,441239,national8_range,exact,5,95,1,1,"38220090 80% 3824 84 00 Containing aldrin (ISO), camphechlor 80% (ISO) (toxaphene), chlordane (ISO), chlordecone (ISO), DDT (ISO) (clofenotane (INN), ",02_anexo_india_sa_2017.pdf
IND,expanded_2017,HS2017,606,44123930,44123930,441239,national8_range,exact,5,95,1,1,"38220090 80% 3824 84 00 Containing aldrin (ISO), camphechlor 80% (ISO) (toxaphene), chlordane (ISO), chlordecone (ISO), DDT (ISO) (clofenotane (INN), ",02_anexo_india_sa_2017.pdf
IND,expanded_2017,HS2017,606,44123940,44123940,441239,national8_range,exact,5,95,1,1,"38220090 80% 3824 84 00 Containing aldrin (ISO), camphechlor 80% (ISO) (toxaphene), chlordane (ISO), chlordecone (ISO), DDT (ISO) (clofenotane (INN), ",02_anexo_india_sa_2017.pdf
IND,expanded_2017,HS2017,606,44123990,44123990,441239,national8_range,exact,5,95,1,1,"38220090 80% 3824 84 00 Containing aldrin (ISO), camphechlor 80% (ISO) (toxaphene), chlordane (ISO), chlordecone (ISO), DDT (ISO) (clofenotane (INN), ",02_anexo_india_sa_2017.pdf
IND,expanded_2017,HS2017,606,44129910,44129910,441299,national8_range,exact,5,95,1,1,"38220090 80% 3824 84 00 Containing aldrin (ISO), camphechlor 80% (ISO) (toxaphene), chlordane (ISO), chlordecone (ISO), DDT (ISO) (clofenotane (INN), ",02_anexo_india_sa_2017.pdf
IND,expanded_2017,HS2017,606,44129920,44129920,441299,national8_range,exact,5,95,1,1,"38220090 80% 3824 84 00 Containing aldrin (ISO), camphechlor 80% (ISO) (toxaphene), chlordane (ISO), chlordecone (ISO), DDT (ISO) (clofenotane (INN), ",02_anexo_india_sa_2017.pdf
IND,expanded_2017,HS2017,606,44129930,44129930,441299,national8_range,exact,5,95,1,1,"38220090 80% 3824 84 00 Containing aldrin (ISO), camphechlor 80% (ISO) (toxaphene), chlordane (ISO), chlordecone (ISO), DDT (ISO) (clofenotane (INN), ",02_anexo_india_sa_2017.pdf
IND,expanded_2017,HS2017,606,44129940,44129940,441299,national8_range,exact,5,95,1,1,"38220090 80% 3824 84 00 Containing aldrin (ISO), camphechlor 80% (ISO) (toxaphene), chlordane (ISO), chlordecone (ISO), DDT (ISO) (clofenotane (INN), ",02_anexo_india_sa_2017.pdf
IND,expanded_2017,HS2017,606,44129990,44129990,441299,national8_range,exact,5,95,1,1,"38220090 80% 3824 84 00 Containing aldrin (ISO), camphechlor 80% (ISO) (toxaphene), chlordane (ISO), chlordecone (ISO), DDT (ISO) (clofenotane (INN), ",02_anexo_india_sa_2017.pdf
IND,expanded_2017,HS2017,606,44151000,44151000,441510,national8_range,exact,5,95,1,1,"38220090 80% 3824 84 00 Containing aldrin (ISO), camphechlor 80% (ISO) (toxaphene), chlordane (ISO), chlordecone (ISO), DDT (ISO) (clofenotane (INN), ",02_anexo_india_sa_2017.pdf
IND,expanded_2017,HS2017,606,44152000,44152000,441520,national8_range,exact,5,95,1,1,"38220090 80% 3824 84 00 Containing aldrin (ISO), camphechlor 80% (ISO) (toxaphene), chlordane (ISO), chlordecone (ISO), DDT (ISO) (clofenotane (INN), ",02_anexo_india_sa_2017.pdf
IND,expanded_2017,HS2017,606,44160010,44160010,441600,national8_range,exact,5,95,1,1,"38220090 80% 3824 84 00 Containing aldrin (ISO), camphechlor 80% (ISO) (toxaphene), chlordane (ISO), chlordecone (ISO), DDT (ISO) (clofenotane (INN), ",02_anexo_india_sa_2017.pdf
IND,expanded_2017,HS2017,606,44160020,44160020,441600,national8_range,exact,5,95,1,1,"38220090 80% 3824 84 00 Containing aldrin (ISO), camphechlor 80% (ISO) (toxaphene), chlordane (ISO), chlordecone (ISO), DDT (ISO) (clofenotane (INN), ",02_anexo_india_sa_2017.pdf
IND,expanded_2017,HS2017,606,44160091,44160091,441600,national8_range,exact,5,95,1,1,"38220090 80% 3824 84 00 Containing aldrin (ISO), camphechlor 80% (ISO) (toxaphene), chlordane (ISO), chlordecone (ISO), DDT (ISO) (clofenotane (INN), ",02_anexo_india_sa_2017.pdf
IND,expanded_2017,HS2017,606,44160099,44160099,441600,national8_range,exact,5,95,1,1,"38220090 80% 3824 84 00 Containing aldrin (ISO), camphechlor 80% (ISO) (toxaphene), chlordane (ISO), chlordecone (ISO), DDT (ISO) (clofenotane (INN), ",02_anexo_india_sa_2017.pdf
IND,expanded_2017,HS2017,606,44170000,44170000,441700,national8_range,exact,5,95,1,1,"38220090 80% 3824 84 00 Containing aldrin (ISO), camphechlor 80% (ISO) (toxaphene), chlordane (ISO), chlordecone (ISO), DDT (ISO) (clofenotane (INN), ",02_anexo_india_sa_2017.pdf
IND,expanded_2017,HS2017,606,44181000,44181000,441810,national8_range,exact,5,95,1,1,"38220090 80% 3824 84 00 Containing aldrin (ISO), camphechlor 80% (ISO) (toxaphene), chlordane (ISO), chlordecone (ISO), DDT (ISO) (clofenotane (INN), ",02_anexo_india_sa_2017.pdf
IND,expanded_2017,HS2017,606,44182010,44182010,441820,national8_range,exact,5,95,1,1,"38220090 80% 3824 84 00 Containing aldrin (ISO), camphechlor 80% (ISO) (toxaphene), chlordane (ISO), chlordecone (ISO), DDT (ISO) (clofenotane (INN), ",02_anexo_india_sa_2017.pdf
IND,expanded_2017,HS2017,606,44182020,44182020,441820,national8_range,exact,5,95,1,1,"38220090 80% 3824 84 00 Containing aldrin (ISO), camphechlor 80% (ISO) (toxaphene), chlordane (ISO), chlordecone (ISO), DDT (ISO) (clofenotane (INN), ",02_anexo_india_sa_2017.pdf
IND,expanded_2017,HS2017,606,44182090,44182090,441820,national8_range,exact,5,95,1,1,"38220090 80% 3824 84 00 Containing aldrin (ISO), camphechlor 80% (ISO) (toxaphene), chlordane (ISO), chlordecone (ISO), DDT (ISO) (clofenotane (INN), ",02_anexo_india_sa_2017.pdf
IND,expanded_2017,HS2017,606,44219111,44219111,442191,national8_range,pending_concordance,5,95,1,1,"38220090 80% 3824 84 00 Containing aldrin (ISO), camphechlor 80% (ISO) (toxaphene), chlordane (ISO), chlordecone (ISO), DDT (ISO) (clofenotane (INN), ",02_anexo_india_sa_2017.pdf
IND,expanded_2017,HS2017,606,44219112,44219112,442191,national8_range,pending_concordance,5,95,1,1,"38220090 80% 3824 84 00 Containing aldrin (ISO), camphechlor 80% (ISO) (toxaphene), chlordane (ISO), chlordecone (ISO), DDT (ISO) (clofenotane (INN), ",02_anexo_india_sa_2017.pdf
IND,expanded_2017,HS2017,606,44219113,44219113,442191,national8_range,pending_concordance,5,95,1,1,"38220090 80% 3824 84 00 Containing aldrin (ISO), camphechlor 80% (ISO) (toxaphene), chlordane (ISO), chlordecone (ISO), DDT (ISO) (clofenotane (INN), ",02_anexo_india_sa_2017.pdf
IND,expanded_2017,HS2017,606,44219114,44219114,442191,national8_range,pending_concordance,5,95,1,1,"38220090 80% 3824 84 00 Containing aldrin (ISO), camphechlor 80% (ISO) (toxaphene), chlordane (ISO), chlordecone (ISO), DDT (ISO) (clofenotane (INN), ",02_anexo_india_sa_2017.pdf
IND,expanded_2017,HS2017,606,44219119,44219119,442191,national8_range,pending_concordance,5,95,1,1,"38220090 80% 3824 84 00 Containing aldrin (ISO), camphechlor 80% (ISO) (toxaphene), chlordane (ISO), chlordecone (ISO), DDT (ISO) (clofenotane (INN), ",02_anexo_india_sa_2017.pdf
IND,expanded_2017,HS2017,606,44219120,44219120,442191,national8_range,pending_concordance,5,95,1,1,"38220090 80% 3824 84 00 Containing aldrin (ISO), camphechlor 80% (ISO) (toxaphene), chlordane (ISO), chlordecone (ISO), DDT (ISO) (clofenotane (INN), ",02_anexo_india_sa_2017.pdf
IND,expanded_2017,HS2017,606,44219130,44219130,442191,national8_range,pending_concordance,5,95,1,1,"38220090 80% 3824 84 00 Containing aldrin (ISO), camphechlor 80% (ISO) (toxaphene), chlordane (ISO), chlordecone (ISO), DDT (ISO) (clofenotane (INN), ",02_anexo_india_sa_2017.pdf
IND,expanded_2017,HS2017,606,44219140,44219140,442191,national8_range,pending_concordance,5,95,1,1,"38220090 80% 3824 84 00 Containing aldrin (ISO), camphechlor 80% (ISO) (toxaphene), chlordane (ISO), chlordecone (ISO), DDT (ISO) (clofenotane (INN), ",02_anexo_india_sa_2017.pdf
IND,expanded_2017,HS2017,606,44219150,44219150,442191,national8_range,pending_concordance,5,95,1,1,"38220090 80% 3824 84 00 Containing aldrin (ISO), camphechlor 80% (ISO) (toxaphene), chlordane (ISO), chlordecone (ISO), DDT (ISO) (clofenotane (INN), ",02_anexo_india_sa_2017.pdf
IND,expanded_2017,HS2017,606,44219160,44219160,442191,national8_range,pending_concordance,5,95,1,1,"38220090 80% 3824 84 00 Containing aldrin (ISO), camphechlor 80% (ISO) (toxaphene), chlordane (ISO), chlordecone (ISO), DDT (ISO) (clofenotane (INN), ",02_anexo_india_sa_2017.pdf
IND,expanded_2017,HS2017,606,44219170,44219170,442191,national8_range,pending_concordance,5,95,1,1,"38220090 80% 3824 84 00 Containing aldrin (ISO), camphechlor 80% (ISO) (toxaphene), chlordane (ISO), chlordecone (ISO), DDT (ISO) (clofenotane (INN), ",02_anexo_india_sa_2017.pdf
IND,expanded_2017,HS2017,606,44219190,44219190,442191,national8_range,pending_concordance,5,95,1,1,"38220090 80% 3824 84 00 Containing aldrin (ISO), camphechlor 80% (ISO) (toxaphene), chlordane (ISO), chlordecone (ISO), DDT (ISO) (clofenotane (INN), ",02_anexo_india_sa_2017.pdf
IND,expanded_2017,HS2017,606,44219911,44219911,442199,national8_range,pending_concordance,5,95,1,1,"38220090 80% 3824 84 00 Containing aldrin (ISO), camphechlor 80% (ISO) (toxaphene), chlordane (ISO), chlordecone (ISO), DDT (ISO) (clofenotane (INN), ",02_anexo_india_sa_2017.pdf
IND,expanded_2017,HS2017,606,44219912,44219912,442199,national8_range,pending_concordance,5,95,1,1,"38220090 80% 3824 84 00 Containing aldrin (ISO), camphechlor 80% (ISO) (toxaphene), chlordane (ISO), chlordecone (ISO), DDT (ISO) (clofenotane (INN), ",02_anexo_india_sa_2017.pdf
IND,expanded_2017,HS2017,606,44219913,44219913,442199,national8_range,pending_concordance,5,95,1,1,"38220090 80% 3824 84 00 Containing aldrin (ISO), camphechlor 80% (ISO) (toxaphene), chlordane (ISO), chlordecone (ISO), DDT (ISO) (clofenotane (INN), ",02_anexo_india_sa_2017.pdf
IND,expanded_2017,HS2017,606,44219914,44219914,442199,national8_range,pending_concordance,5,95,1,1,"38220090 80% 3824 84 00 Containing aldrin (ISO), camphechlor 80% (ISO) (toxaphene), chlordane (ISO), chlordecone (ISO), DDT (ISO) (clofenotane (INN), ",02_anexo_india_sa_2017.pdf
IND,expanded_2017,HS2017,606,44219919,44219919,442199,national8_range,pending_concordance,5,95,1,1,"38220090 80% 3824 84 00 Containing aldrin (ISO), camphechlor 80% (ISO) (toxaphene), chlordane (ISO), chlordecone (ISO), DDT (ISO) (clofenotane (INN), ",02_anexo_india_sa_2017.pdf
IND,expanded_2017,HS2017,606,44219920,44219920,442199,national8_range,pending_concordance,5,95,1,1,"38220090 80% 3824 84 00 Containing aldrin (ISO), camphechlor 80% (ISO) (toxaphene), chlordane (ISO), chlordecone (ISO), DDT (ISO) (clofenotane (INN), ",02_anexo_india_sa_2017.pdf
IND,expanded_2017,HS2017,606,44219930,44219930,442199,national8_range,pending_concordance,5,95,1,1,"38220090 80% 3824 84 00 Containing aldrin (ISO), camphechlor 80% (ISO) (toxaphene), chlordane (ISO), chlordecone (ISO), DDT (ISO) (clofenotane (INN), ",02_anexo_india_sa_2017.pdf
IND,expanded_2017,HS2017,606,44219940,44219940,442199,national8_range,pending_concordance,5,95,1,1,"38220090 80% 3824 84 00 Containing aldrin (ISO), camphechlor 80% (ISO) (toxaphene), chlordane (ISO), chlordecone (ISO), DDT (ISO) (clofenotane (INN), ",02_anexo_india_sa_2017.pdf
IND,expanded_2017,HS2017,606,44219950,44219950,442199,national8_range,pending_concordance,5,95,1,1,"38220090 80% 3824 84 00 Containing aldrin (ISO), camphechlor 80% (ISO) (toxaphene), chlordane (ISO), chlordecone (ISO), DDT (ISO) (clofenotane (INN), ",02_anexo_india_sa_2017.pdf
IND,expanded_2017,HS2017,606,44219960,44219960,442199,national8_range,pending_concordance,5,95,1,1,"38220090 80% 3824 84 00 Containing aldrin (ISO), camphechlor 80% (ISO) (toxaphene), chlordane (ISO), chlordecone (ISO), DDT (ISO) (clofenotane (INN), ",02_anexo_india_sa_2017.pdf
IND,expanded_2017,HS2017,606,44219970,44219970,442199,national8_range,pending_concordance,5,95,1,1,"38220090 80% 3824 84 00 Containing aldrin (ISO), camphechlor 80% (ISO) (toxaphene), chlordane (ISO), chlordecone (ISO), DDT (ISO) (clofenotane (INN), ",02_anexo_india_sa_2017.pdf
IND,expanded_2017,HS2017,606,44219990,44219990,442199,national8_range,pending_concordance,5,95,1,1,"38220090 80% 3824 84 00 Containing aldrin (ISO), camphechlor 80% (ISO) (toxaphene), chlordane (ISO), chlordecone (ISO), DDT (ISO) (clofenotane (INN), ",02_anexo_india_sa_2017.pdf
IND,expanded_2017,HS2017,606,45031000,45031000,450310,national8_range,exact,5,95,1,1,"38220090 80% 3824 84 00 Containing aldrin (ISO), camphechlor 80% (ISO) (toxaphene), chlordane (ISO), chlordecone (ISO), DDT (ISO) (clofenotane (INN), ",02_anexo_india_sa_2017.pdf
IND,expanded_2017,HS2017,606,45049000,45049000,450490,national8_range,exact,5,95,1,1,"38220090 80% 3824 84 00 Containing aldrin (ISO), camphechlor 80% (ISO) (toxaphene), chlordane (ISO), chlordecone (ISO), DDT (ISO) (clofenotane (INN), ",02_anexo_india_sa_2017.pdf
IND,expanded_2017,HS2017,606,47031100,47031100,470311,national8_range,exact,5,95,1,1,"38220090 80% 3824 84 00 Containing aldrin (ISO), camphechlor 80% (ISO) (toxaphene), chlordane (ISO), chlordecone (ISO), DDT (ISO) (clofenotane (INN), ",02_anexo_india_sa_2017.pdf
IND,expanded_2017,HS2017,606,47031900,47031900,470319,national8_range,exact,5,95,1,1,"38220090 80% 3824 84 00 Containing aldrin (ISO), camphechlor 80% (ISO) (toxaphene), chlordane (ISO), chlordecone (ISO), DDT (ISO) (clofenotane (INN), ",02_anexo_india_sa_2017.pdf
IND,expanded_2017,HS2017,606,47032100,47032100,470321,national8_range,exact,5,95,1,1,"38220090 80% 3824 84 00 Containing aldrin (ISO), camphechlor 80% (ISO) (toxaphene), chlordane (ISO), chlordecone (ISO), DDT (ISO) (clofenotane (INN), ",02_anexo_india_sa_2017.pdf
IND,expanded_2017,HS2017,606,47032900,47032900,470329,national8_range,exact,5,95,1,1,"38220090 80% 3824 84 00 Containing aldrin (ISO), camphechlor 80% (ISO) (toxaphene), chlordane (ISO), chlordecone (ISO), DDT (ISO) (clofenotane (INN), ",02_anexo_india_sa_2017.pdf
IND,expanded_2017,HS2017,606,47079000,47079000,470790,national8_range,exact,5,95,1,1,"38220090 80% 3824 84 00 Containing aldrin (ISO), camphechlor 80% (ISO) (toxaphene), chlordane (ISO), chlordecone (ISO), DDT (ISO) (clofenotane (INN), ",02_anexo_india_sa_2017.pdf
IND,expanded_2017,HS2017,606,48010010,48010010,480100,national8_range,exact,5,95,1,1,"38220090 80% 3824 84 00 Containing aldrin (ISO), camphechlor 80% (ISO) (toxaphene), chlordane (ISO), chlordecone (ISO), DDT (ISO) (clofenotane (INN), ",02_anexo_india_sa_2017.pdf
IND,expanded_2017,HS2017,606,48010090,48010090,480100,national8_range,exact,5,95,1,1,"38220090 80% 3824 84 00 Containing aldrin (ISO), camphechlor 80% (ISO) (toxaphene), chlordane (ISO), chlordecone (ISO), DDT (ISO) (clofenotane (INN), ",02_anexo_india_sa_2017.pdf
IND,expanded_2017,HS2017,606,48025510,48025510,480255,national8_range,exact,5,95,1,1,"38220090 80% 3824 84 00 Containing aldrin (ISO), camphechlor 80% (ISO) (toxaphene), chlordane (ISO), chlordecone (ISO), DDT (ISO) (clofenotane (INN), ",02_anexo_india_sa_2017.pdf
IND,expanded_2017,HS2017,606,48025520,48025520,480255,national8_range,exact,5,95,1,1,"38220090 80% 3824 84 00 Containing aldrin (ISO), camphechlor 80% (ISO) (toxaphene), chlordane (ISO), chlordecone (ISO), DDT (ISO) (clofenotane (INN), ",02_anexo_india_sa_2017.pdf
IND,expanded_2017,HS2017,606,48025530,48025530,480255,national8_range,exact,5,95,1,1,"38220090 80% 3824 84 00 Containing aldrin (ISO), camphechlor 80% (ISO) (toxaphene), chlordane (ISO), chlordecone (ISO), DDT (ISO) (clofenotane (INN), ",02_anexo_india_sa_2017.pdf
IND,expanded_2017,HS2017,606,48025540,48025540,480255,national8_range,exact,5,95,1,1,"38220090 80% 3824 84 00 Containing aldrin (ISO), camphechlor 80% (ISO) (toxaphene), chlordane (ISO), chlordecone (ISO), DDT (ISO) (clofenotane (INN), ",02_anexo_india_sa_2017.pdf
IND,expanded_2017,HS2017,606,48025550,48025550,480255,national8_range,exact,5,95,1,1,"38220090 80% 3824 84 00 Containing aldrin (ISO), camphechlor 80% (ISO) (toxaphene), chlordane (ISO), chlordecone (ISO), DDT (ISO) (clofenotane (INN), ",02_anexo_india_sa_2017.pdf
IND,expanded_2017,HS2017,606,48025560,48025560,480255,national8_range,exact,5,95,1,1,"38220090 80% 3824 84 00 Containing aldrin (ISO), camphechlor 80% (ISO) (toxaphene), chlordane (ISO), chlordecone (ISO), DDT (ISO) (clofenotane (INN), ",02_anexo_india_sa_2017.pdf
IND,expanded_2017,HS2017,606,48025570,48025570,480255,national8_range,exact,5,95,1,1,"38220090 80% 3824 84 00 Containing aldrin (ISO), camphechlor 80% (ISO) (toxaphene), chlordane (ISO), chlordecone (ISO), DDT (ISO) (clofenotane (INN), ",02_anexo_india_sa_2017.pdf
IND,expanded_2017,HS2017,606,48025590,48025590,480255,national8_range,exact,5,95,1,1,"38220090 80% 3824 84 00 Containing aldrin (ISO), camphechlor 80% (ISO) (toxaphene), chlordane (ISO), chlordecone (ISO), DDT (ISO) (clofenotane (INN), ",02_anexo_india_sa_2017.pdf
IND,expanded_2017,HS2017,606,48025890,48025890,480258,national8_range,exact,5,95,1,1,"38220090 80% 3824 84 00 Containing aldrin (ISO), camphechlor 80% (ISO) (toxaphene), chlordane (ISO), chlordecone (ISO), DDT (ISO) (clofenotane (INN), ",02_anexo_india_sa_2017.pdf
IND,expanded_2017,HS2017,606,48030010,48030010,480300,national8_range,exact,5,95,1,1,"38220090 80% 3824 84 00 Containing aldrin (ISO), camphechlor 80% (ISO) (toxaphene), chlordane (ISO), chlordecone (ISO), DDT (ISO) (clofenotane (INN), ",02_anexo_india_sa_2017.pdf
IND,expanded_2017,HS2017,606,48030090,48030090,480300,national8_range,exact,5,95,1,1,"38220090 80% 3824 84 00 Containing aldrin (ISO), camphechlor 80% (ISO) (toxaphene), chlordane (ISO), chlordecone (ISO), DDT (ISO) (clofenotane (INN), ",02_anexo_india_sa_2017.pdf
IND,expanded_2017,HS2017,606,48042100,48042100,480421,national8_range,exact,5,95,1,1,"38220090 80% 3824 84 00 Containing aldrin (ISO), camphechlor 80% (ISO) (toxaphene), chlordane (ISO), chlordecone (ISO), DDT (ISO) (clofenotane (INN), ",02_anexo_india_sa_2017.pdf
IND,expanded_2017,HS2017,606,48042900,48042900,480429,national8_range,exact,5,95,1,1,"38220090 80% 3824 84 00 Containing aldrin (ISO), camphechlor 80% (ISO) (toxaphene), chlordane (ISO), chlordecone (ISO), DDT (ISO) (clofenotane (INN), ",02_anexo_india_sa_2017.pdf
IND,expanded_2017,HS2017,606,48051900,48051900,480519,national8_range,exact,5,95,1,1,"38220090 80% 3824 84 00 Containing aldrin (ISO), camphechlor 80% (ISO) (toxaphene), chlordane (ISO), chlordecone (ISO), DDT (ISO) (clofenotane (INN), ",02_anexo_india_sa_2017.pdf
IND,expanded_2017,HS2017,606,48052400,48052400,480524,national8_range,exact,5,95,1,1,"38220090 80% 3824 84 00 Containing aldrin (ISO), camphechlor 80% (ISO) (toxaphene), chlordane (ISO), chlordecone (ISO), DDT (ISO) (clofenotane (INN), ",02_anexo_india_sa_2017.pdf
IND,expanded_2017,HS2017,606,48052500,48052500,480525,national8_range,exact,5,95,1,1,"38220090 80% 3824 84 00 Containing aldrin (ISO), camphechlor 80% (ISO) (toxaphene), chlordane (ISO), chlordecone (ISO), DDT (ISO) (clofenotane (INN), ",02_anexo_india_sa_2017.pdf
IND,expanded_2017,HS2017,606,48059100,48059100,480591,national8_range,exact,5,95,1,1,"38220090 80% 3824 84 00 Containing aldrin (ISO), camphechlor 80% (ISO) (toxaphene), chlordane (ISO), chlordecone (ISO), DDT (ISO) (clofenotane (INN), ",02_anexo_india_sa_2017.pdf
IND,expanded_2017,HS2017,606,48059200,48059200,480592,national8_range,exact,5,95,1,1,"38220090 80% 3824 84 00 Containing aldrin (ISO), camphechlor 80% (ISO) (toxaphene), chlordane (ISO), chlordecone (ISO), DDT (ISO) (clofenotane (INN), ",02_anexo_india_sa_2017.pdf
IND,expanded_2017,HS2017,606,48081000,48081000,480810,national8_range,exact,5,95,1,1,"38220090 80% 3824 84 00 Containing aldrin (ISO), camphechlor 80% (ISO) (toxaphene), chlordane (ISO), chlordecone (ISO), DDT (ISO) (clofenotane (INN), ",02_anexo_india_sa_2017.pdf
IND,expanded_2017,HS2017,606,48101990,48101990,481019,national8_range,exact,5,95,1,1,"38220090 80% 3824 84 00 Containing aldrin (ISO), camphechlor 80% (ISO) (toxaphene), chlordane (ISO), chlordecone (ISO), DDT (ISO) (clofenotane (INN), ",02_anexo_india_sa_2017.pdf
IND,expanded_2017,HS2017,606,48103200,48103200,481032,national8_range,exact,5,95,1,1,"38220090 80% 3824 84 00 Containing aldrin (ISO), camphechlor 80% (ISO) (toxaphene), chlordane (ISO), chlordecone (ISO), DDT (ISO) (clofenotane (INN), ",02_anexo_india_sa_2017.pdf
IND,expanded_2017,HS2017,606,48109200,48109200,481092,national8_range,exact,5,95,1,1,"38220090 80% 3824 84 00 Containing aldrin (ISO), camphechlor 80% (ISO) (toxaphene), chlordane (ISO), chlordecone (ISO), DDT (ISO) (clofenotane (INN), ",02_anexo_india_sa_2017.pdf
IND,expanded_2017,HS2017,606,48109900,48109900,481099,national8_range,exact,5,95,1,1,"38220090 80% 3824 84 00 Containing aldrin (ISO), camphechlor 80% (ISO) (toxaphene), chlordane (ISO), chlordecone (ISO), DDT (ISO) (clofenotane (INN), ",02_anexo_india_sa_2017.pdf
IND,expanded_2017,HS2017,606,48114100,48114100,481141,national8_range,exact,5,95,1,1,"38220090 80% 3824 84 00 Containing aldrin (ISO), camphechlor 80% (ISO) (toxaphene), chlordane (ISO), chlordecone (ISO), DDT (ISO) (clofenotane (INN), ",02_anexo_india_sa_2017.pdf
IND,expanded_2017,HS2017,606,48119011,48119011,481190,national8_range,exact,5,95,1,1,"38220090 80% 3824 84 00 Containing aldrin (ISO), camphechlor 80% (ISO) (toxaphene), chlordane (ISO), chlordecone (ISO), DDT (ISO) (clofenotane (INN), ",02_anexo_india_sa_2017.pdf
IND,expanded_2017,HS2017,606,48119012,48119012,481190,national8_range,exact,5,95,1,1,"38220090 80% 3824 84 00 Containing aldrin (ISO), camphechlor 80% (ISO) (toxaphene), chlordane (ISO), chlordecone (ISO), DDT (ISO) (clofenotane (INN), ",02_anexo_india_sa_2017.pdf
IND,expanded_2017,HS2017,606,48119013,48119013,481190,national8_range,exact,5,95,1,1,"38220090 80% 3824 84 00 Containing aldrin (ISO), camphechlor 80% (ISO) (toxaphene), chlordane (ISO), chlordecone (ISO), DDT (ISO) (clofenotane (INN), ",02_anexo_india_sa_2017.pdf
IND,expanded_2017,HS2017,606,48119014,48119014,481190,national8_range,exact,5,95,1,1,"38220090 80% 3824 84 00 Containing aldrin (ISO), camphechlor 80% (ISO) (toxaphene), chlordane (ISO), chlordecone (ISO), DDT (ISO) (clofenotane (INN), ",02_anexo_india_sa_2017.pdf
IND,expanded_2017,HS2017,606,48119015,48119015,481190,national8_range,exact,5,95,1,1,"38220090 80% 3824 84 00 Containing aldrin (ISO), camphechlor 80% (ISO) (toxaphene), chlordane (ISO), chlordecone (ISO), DDT (ISO) (clofenotane (INN), ",02_anexo_india_sa_2017.pdf
IND,expanded_2017,HS2017,606,48119016,48119016,481190,national8_range,exact,5,95,1,1,"38220090 80% 3824 84 00 Containing aldrin (ISO), camphechlor 80% (ISO) (toxaphene), chlordane (ISO), chlordecone (ISO), DDT (ISO) (clofenotane (INN), ",02_anexo_india_sa_2017.pdf
IND,expanded_2017,HS2017,606,48119017,48119017,481190,national8_range,exact,5,95,1,1,"38220090 80% 3824 84 00 Containing aldrin (ISO), camphechlor 80% (ISO) (toxaphene), chlordane (ISO), chlordecone (ISO), DDT (ISO) (clofenotane (INN), ",02_anexo_india_sa_2017.pdf
IND,expanded_2017,HS2017,606,48119018,48119018,481190,national8_range,exact,5,95,1,1,"38220090 80% 3824 84 00 Containing aldrin (ISO), camphechlor 80% (ISO) (toxaphene), chlordane (ISO), chlordecone (ISO), DDT (ISO) (clofenotane (INN), ",02_anexo_india_sa_2017.pdf
IND,expanded_2017,HS2017,606,48119091,48119091,481190,national8_range,exact,5,95,1,1,"38220090 80% 3824 84 00 Containing aldrin (ISO), camphechlor 80% (ISO) (toxaphene), chlordane (ISO), chlordecone (ISO), DDT (ISO) (clofenotane (INN), ",02_anexo_india_sa_2017.pdf
IND,expanded_2017,HS2017,606,48115110,48115110,481151,national8_range,exact,5,95,1,1,"38220090 80% 3824 84 00 Containing aldrin (ISO), camphechlor 80% (ISO) (toxaphene), chlordane (ISO), chlordecone (ISO), DDT (ISO) (clofenotane (INN), ",02_anexo_india_sa_2017.pdf
IND,expanded_2017,HS2017,606,48115910,48115910,481159,national8_range,exact,5,95,1,1,"38220090 80% 3824 84 00 Containing aldrin (ISO), camphechlor 80% (ISO) (toxaphene), chlordane (ISO), chlordecone (ISO), DDT (ISO) (clofenotane (INN), ",02_anexo_india_sa_2017.pdf
IND,expanded_2017,HS2017,606,48119099,48119099,481190,national8_range,exact,5,95,1,1,"38220090 80% 3824 84 00 Containing aldrin (ISO), camphechlor 80% (ISO) (toxaphene), chlordane (ISO), chlordecone (ISO), DDT (ISO) (clofenotane (INN), ",02_anexo_india_sa_2017.pdf
IND,expanded_2017,HS2017,606,48119093,48119093,481190,national8_range,exact,5,95,1,1,"38220090 80% 3824 84 00 Containing aldrin (ISO), camphechlor 80% (ISO) (toxaphene), chlordane (ISO), chlordecone (ISO), DDT (ISO) (clofenotane (INN), ",02_anexo_india_sa_2017.pdf
IND,expanded_2017,HS2017,606,48119094,48119094,481190,national8_range,exact,5,95,1,1,"38220090 80% 3824 84 00 Containing aldrin (ISO), camphechlor 80% (ISO) (toxaphene), chlordane (ISO), chlordecone (ISO), DDT (ISO) (clofenotane (INN), ",02_anexo_india_sa_2017.pdf
IND,expanded_2017,HS2017,606,48119099,48119099,481190,national8_range,exact,5,95,1,1,"38220090 80% 3824 84 00 Containing aldrin (ISO), camphechlor 80% (ISO) (toxaphene), chlordane (ISO), chlordecone (ISO), DDT (ISO) (clofenotane (INN), ",02_anexo_india_sa_2017.pdf
IND,expanded_2017,HS2017,606,48142000,48142000,481420,national8_range,exact,5,95,1,1,"38220090 80% 3824 84 00 Containing aldrin (ISO), camphechlor 80% (ISO) (toxaphene), chlordane (ISO), chlordecone (ISO), DDT (ISO) (clofenotane (INN), ",02_anexo_india_sa_2017.pdf
IND,expanded_2017,HS2017,606,48162010,48162010,481620,national8_range,exact,5,95,1,1,"38220090 80% 3824 84 00 Containing aldrin (ISO), camphechlor 80% (ISO) (toxaphene), chlordane (ISO), chlordecone (ISO), DDT (ISO) (clofenotane (INN), ",02_anexo_india_sa_2017.pdf
IND,expanded_2017,HS2017,606,48162020,48162020,481620,national8_range,exact,5,95,1,1,"38220090 80% 3824 84 00 Containing aldrin (ISO), camphechlor 80% (ISO) (toxaphene), chlordane (ISO), chlordecone (ISO), DDT (ISO) (clofenotane (INN), ",02_anexo_india_sa_2017.pdf
IND,expanded_2017,HS2017,606,48162090,48162090,481620,national8_range,exact,5,95,1,1,"38220090 80% 3824 84 00 Containing aldrin (ISO), camphechlor 80% (ISO) (toxaphene), chlordane (ISO), chlordecone (ISO), DDT (ISO) (clofenotane (INN), ",02_anexo_india_sa_2017.pdf
IND,expanded_2017,HS2017,606,48181000,48181000,481810,national8_range,exact,5,95,1,1,"38220090 80% 3824 84 00 Containing aldrin (ISO), camphechlor 80% (ISO) (toxaphene), chlordane (ISO), chlordecone (ISO), DDT (ISO) (clofenotane (INN), ",02_anexo_india_sa_2017.pdf
IND,expanded_2017,HS2017,606,48182000,48182000,481820,national8_range,exact,5,95,1,1,"38220090 80% 3824 84 00 Containing aldrin (ISO), camphechlor 80% (ISO) (toxaphene), chlordane (ISO), chlordecone (ISO), DDT (ISO) (clofenotane (INN), ",02_anexo_india_sa_2017.pdf
IND,expanded_2017,HS2017,606,48183000,48183000,481830,national8_range,exact,5,95,1,1,"38220090 80% 3824 84 00 Containing aldrin (ISO), camphechlor 80% (ISO) (toxaphene), chlordane (ISO), chlordecone (ISO), DDT (ISO) (clofenotane (INN), ",02_anexo_india_sa_2017.pdf
IND,expanded_2017,HS2017,606,96190030,96190030,961900,national8_range,exact,5,95,1,1,"38220090 80% 3824 84 00 Containing aldrin (ISO), camphechlor 80% (ISO) (toxaphene), chlordane (ISO), chlordecone (ISO), DDT (ISO) (clofenotane (INN), ",02_anexo_india_sa_2017.pdf
IND,expanded_2017,HS2017,606,96190040,96190040,961900,national8_range,exact,5,95,1,1,"38220090 80% 3824 84 00 Containing aldrin (ISO), camphechlor 80% (ISO) (toxaphene), chlordane (ISO), chlordecone (ISO), DDT (ISO) (clofenotane (INN), ",02_anexo_india_sa_2017.pdf
IND,expanded_2017,HS2017,606,96190010,96190010,961900,national8_range,exact,5,95,1,1,"38220090 80% 3824 84 00 Containing aldrin (ISO), camphechlor 80% (ISO) (toxaphene), chlordane (ISO), chlordecone (ISO), DDT (ISO) (clofenotane (INN), ",02_anexo_india_sa_2017.pdf
IND,expanded_2017,HS2017,606,96190020,96190020,961900,national8_range,exact,5,95,1,1,"38220090 80% 3824 84 00 Containing aldrin (ISO), camphechlor 80% (ISO) (toxaphene), chlordane (ISO), chlordecone (ISO), DDT (ISO) (clofenotane (INN), ",02_anexo_india_sa_2017.pdf
IND,expanded_2017,HS2017,606,96190090,96190090,961900,national8_range,exact,5,95,1,1,"38220090 80% 3824 84 00 Containing aldrin (ISO), camphechlor 80% (ISO) (toxaphene), chlordane (ISO), chlordecone (ISO), DDT (ISO) (clofenotane (INN), ",02_anexo_india_sa_2017.pdf
IND,expanded_2017,HS2017,606,48189000,48189000,481890,national8_range,exact,5,95,1,1,"38220090 80% 3824 84 00 Containing aldrin (ISO), camphechlor 80% (ISO) (toxaphene), chlordane (ISO), chlordecone (ISO), DDT (ISO) (clofenotane (INN), ",02_anexo_india_sa_2017.pdf
IND,expanded_2017,HS2017,606,48191010,48191010,481910,national8_range,exact,5,95,1,1,"38220090 80% 3824 84 00 Containing aldrin (ISO), camphechlor 80% (ISO) (toxaphene), chlordane (ISO), chlordecone (ISO), DDT (ISO) (clofenotane (INN), ",02_anexo_india_sa_2017.pdf
IND,expanded_2017,HS2017,606,48191090,48191090,481910,national8_range,exact,5,95,1,1,"38220090 80% 3824 84 00 Containing aldrin (ISO), camphechlor 80% (ISO) (toxaphene), chlordane (ISO), chlordecone (ISO), DDT (ISO) (clofenotane (INN), ",02_anexo_india_sa_2017.pdf
IND,expanded_2017,HS2017,606,48193000,48193000,481930,national8_range,exact,5,95,1,1,"38220090 80% 3824 84 00 Containing aldrin (ISO), camphechlor 80% (ISO) (toxaphene), chlordane (ISO), chlordecone (ISO), DDT (ISO) (clofenotane (INN), ",02_anexo_india_sa_2017.pdf
IND,expanded_2017,HS2017,606,48194000,48194000,481940,national8_range,exact,5,95,1,1,"38220090 80% 3824 84 00 Containing aldrin (ISO), camphechlor 80% (ISO) (toxaphene), chlordane (ISO), chlordecone (ISO), DDT (ISO) (clofenotane (INN), ",02_anexo_india_sa_2017.pdf
IND,expanded_2017,HS2017,606,48195010,48195010,481950,national8_range,exact,5,95,1,1,"38220090 80% 3824 84 00 Containing aldrin (ISO), camphechlor 80% (ISO) (toxaphene), chlordane (ISO), chlordecone (ISO), DDT (ISO) (clofenotane (INN), ",02_anexo_india_sa_2017.pdf
IND,expanded_2017,HS2017,606,48195090,48195090,481950,national8_range,exact,5,95,1,1,"38220090 80% 3824 84 00 Containing aldrin (ISO), camphechlor 80% (ISO) (toxaphene), chlordane (ISO), chlordecone (ISO), DDT (ISO) (clofenotane (INN), ",02_anexo_india_sa_2017.pdf
IND,expanded_2017,HS2017,606,48201010,48201010,482010,national8_range,exact,5,95,1,1,"38220090 80% 3824 84 00 Containing aldrin (ISO), camphechlor 80% (ISO) (toxaphene), chlordane (ISO), chlordecone (ISO), DDT (ISO) (clofenotane (INN), ",02_anexo_india_sa_2017.pdf
IND,expanded_2017,HS2017,606,48201020,48201020,482010,national8_range,exact,5,95,1,1,"38220090 80% 3824 84 00 Containing aldrin (ISO), camphechlor 80% (ISO) (toxaphene), chlordane (ISO), chlordecone (ISO), DDT (ISO) (clofenotane (INN), ",02_anexo_india_sa_2017.pdf
IND,expanded_2017,HS2017,606,48201090,48201090,482010,national8_range,exact,5,95,1,1,"38220090 80% 3824 84 00 Containing aldrin (ISO), camphechlor 80% (ISO) (toxaphene), chlordane (ISO), chlordecone (ISO), DDT (ISO) (clofenotane (INN), ",02_anexo_india_sa_2017.pdf
IND,expanded_2017,HS2017,606,48202000,48202000,482020,national8_range,exact,5,95,1,1,"38220090 80% 3824 84 00 Containing aldrin (ISO), camphechlor 80% (ISO) (toxaphene), chlordane (ISO), chlordecone (ISO), DDT (ISO) (clofenotane (INN), ",02_anexo_india_sa_2017.pdf
IND,expanded_2017,HS2017,606,48203000,48203000,482030,national8_range,exact,5,95,1,1,"38220090 80% 3824 84 00 Containing aldrin (ISO), camphechlor 80% (ISO) (toxaphene), chlordane (ISO), chlordecone (ISO), DDT (ISO) (clofenotane (INN), ",02_anexo_india_sa_2017.pdf
IND,expanded_2017,HS2017,606,48204000,48204000,482040,national8_range,exact,5,95,1,1,"38220090 80% 3824 84 00 Containing aldrin (ISO), camphechlor 80% (ISO) (toxaphene), chlordane (ISO), chlordecone (ISO), DDT (ISO) (clofenotane (INN), ",02_anexo_india_sa_2017.pdf
IND,expanded_2017,HS2017,606,48221000,48221000,482210,national8_range,exact,5,95,1,1,"38220090 80% 3824 84 00 Containing aldrin (ISO), camphechlor 80% (ISO) (toxaphene), chlordane (ISO), chlordecone (ISO), DDT (ISO) (clofenotane (INN), ",02_anexo_india_sa_2017.pdf
IND,expanded_2017,HS2017,606,48229010,48229010,482290,national8_range,exact,5,95,1,1,"38220090 80% 3824 84 00 Containing aldrin (ISO), camphechlor 80% (ISO) (toxaphene), chlordane (ISO), chlordecone (ISO), DDT (ISO) (clofenotane (INN), ",02_anexo_india_sa_2017.pdf
IND,expanded_2017,HS2017,606,48229090,48229090,482290,national8_range,exact,5,95,1,1,"38220090 80% 3824 84 00 Containing aldrin (ISO), camphechlor 80% (ISO) (toxaphene), chlordane (ISO), chlordecone (ISO), DDT (ISO) (clofenotane (INN), ",02_anexo_india_sa_2017.pdf
IND,expanded_2017,HS2017,606,48237010,48237010,482370,national8_range,exact,5,95,1,1,"38220090 80% 3824 84 00 Containing aldrin (ISO), camphechlor 80% (ISO) (toxaphene), chlordane (ISO), chlordecone (ISO), DDT (ISO) (clofenotane (INN), ",02_anexo_india_sa_2017.pdf
IND,expanded_2017,HS2017,606,48237020,48237020,482370,national8_range,exact,5,95,1,1,"38220090 80% 3824 84 00 Containing aldrin (ISO), camphechlor 80% (ISO) (toxaphene), chlordane (ISO), chlordecone (ISO), DDT (ISO) (clofenotane (INN), ",02_anexo_india_sa_2017.pdf
IND,expanded_2017,HS2017,606,48237030,48237030,482370,national8_range,exact,5,95,1,1,"38220090 80% 3824 84 00 Containing aldrin (ISO), camphechlor 80% (ISO) (toxaphene), chlordane (ISO), chlordecone (ISO), DDT (ISO) (clofenotane (INN), ",02_anexo_india_sa_2017.pdf
IND,expanded_2017,HS2017,606,48237090,48237090,482370,national8_range,exact,5,95,1,1,"38220090 80% 3824 84 00 Containing aldrin (ISO), camphechlor 80% (ISO) (toxaphene), chlordane (ISO), chlordecone (ISO), DDT (ISO) (clofenotane (INN), ",02_anexo_india_sa_2017.pdf
IND,expanded_2017,HS2017,606,48239013,48239013,482390,national8_range,exact,5,95,1,1,"38220090 80% 3824 84 00 Containing aldrin (ISO), camphechlor 80% (ISO) (toxaphene), chlordane (ISO), chlordecone (ISO), DDT (ISO) (clofenotane (INN), ",02_anexo_india_sa_2017.pdf
IND,expanded_2017,HS2017,606,48239014,48239014,482390,national8_range,exact,5,95,1,1,"38220090 80% 3824 84 00 Containing aldrin (ISO), camphechlor 80% (ISO) (toxaphene), chlordane (ISO), chlordecone (ISO), DDT (ISO) (clofenotane (INN), ",02_anexo_india_sa_2017.pdf
IND,expanded_2017,HS2017,606,48239016,48239016,482390,national8_range,exact,5,95,1,1,"38220090 80% 3824 84 00 Containing aldrin (ISO), camphechlor 80% (ISO) (toxaphene), chlordane (ISO), chlordecone (ISO), DDT (ISO) (clofenotane (INN), ",02_anexo_india_sa_2017.pdf
IND,expanded_2017,HS2017,606,48239019,48239019,482390,national8_range,exact,5,95,1,1,"38220090 80% 3824 84 00 Containing aldrin (ISO), camphechlor 80% (ISO) (toxaphene), chlordane (ISO), chlordecone (ISO), DDT (ISO) (clofenotane (INN), ",02_anexo_india_sa_2017.pdf
IND,expanded_2017,HS2017,606,49019100,49019100,490191,national8_range,exact,5,95,1,1,"38220090 80% 3824 84 00 Containing aldrin (ISO), camphechlor 80% (ISO) (toxaphene), chlordane (ISO), chlordecone (ISO), DDT (ISO) (clofenotane (INN), ",02_anexo_india_sa_2017.pdf
IND,expanded_2017,HS2017,606,49019900,49019900,490199,national8_range,exact,5,95,1,1,"38220090 80% 3824 84 00 Containing aldrin (ISO), camphechlor 80% (ISO) (toxaphene), chlordane (ISO), chlordecone (ISO), DDT (ISO) (clofenotane (INN), ",02_anexo_india_sa_2017.pdf
IND,expanded_2017,HS2017,606,49111010,49111010,491110,national8_range,exact,5,95,1,1,"38220090 80% 3824 84 00 Containing aldrin (ISO), camphechlor 80% (ISO) (toxaphene), chlordane (ISO), chlordecone (ISO), DDT (ISO) (clofenotane (INN), ",02_anexo_india_sa_2017.pdf
IND,expanded_2017,HS2017,606,49111020,49111020,491110,national8_range,exact,5,95,1,1,"38220090 80% 3824 84 00 Containing aldrin (ISO), camphechlor 80% (ISO) (toxaphene), chlordane (ISO), chlordecone (ISO), DDT (ISO) (clofenotane (INN), ",02_anexo_india_sa_2017.pdf
IND,expanded_2017,HS2017,606,49111030,49111030,491110,national8_range,exact,5,95,1,1,"38220090 80% 3824 84 00 Containing aldrin (ISO), camphechlor 80% (ISO) (toxaphene), chlordane (ISO), chlordecone (ISO), DDT (ISO) (clofenotane (INN), ",02_anexo_india_sa_2017.pdf
IND,expanded_2017,HS2017,606,49111090,49111090,491110,national8_range,exact,5,95,1,1,"38220090 80% 3824 84 00 Containing aldrin (ISO), camphechlor 80% (ISO) (toxaphene), chlordane (ISO), chlordecone (ISO), DDT (ISO) (clofenotane (INN), ",02_anexo_india_sa_2017.pdf
IND,expanded_2017,HS2017,606,49119910,49119910,491199,national8_range,exact,5,95,1,1,"38220090 80% 3824 84 00 Containing aldrin (ISO), camphechlor 80% (ISO) (toxaphene), chlordane (ISO), chlordecone (ISO), DDT (ISO) (clofenotane (INN), ",02_anexo_india_sa_2017.pdf
IND,expanded_2017,HS2017,606,49119990,49119990,491199,national8_range,exact,5,95,1,1,"38220090 80% 3824 84 00 Containing aldrin (ISO), camphechlor 80% (ISO) (toxaphene), chlordane (ISO), chlordecone (ISO), DDT (ISO) (clofenotane (INN), ",02_anexo_india_sa_2017.pdf
IND,expanded_2017,HS2017,606,51011100,51011100,510111,national8_range,exact,5,95,1,1,"38220090 80% 3824 84 00 Containing aldrin (ISO), camphechlor 80% (ISO) (toxaphene), chlordane (ISO), chlordecone (ISO), DDT (ISO) (clofenotane (INN), ",02_anexo_india_sa_2017.pdf
IND,expanded_2017,HS2017,606,51012900,51012900,510129,national8_range,exact,5,95,1,1,"38220090 80% 3824 84 00 Containing aldrin (ISO), camphechlor 80% (ISO) (toxaphene), chlordane (ISO), chlordecone (ISO), DDT (ISO) (clofenotane (INN), ",02_anexo_india_sa_2017.pdf
IND,expanded_2017,HS2017,606,51021910,51021910,510219,national8_range,exact,5,95,1,1,"38220090 80% 3824 84 00 Containing aldrin (ISO), camphechlor 80% (ISO) (toxaphene), chlordane (ISO), chlordecone (ISO), DDT (ISO) (clofenotane (INN), ",02_anexo_india_sa_2017.pdf
IND,expanded_2017,HS2017,606,51021990,51021990,510219,national8_range,exact,5,95,1,1,"38220090 80% 3824 84 00 Containing aldrin (ISO), camphechlor 80% (ISO) (toxaphene), chlordane (ISO), chlordecone (ISO), DDT (ISO) (clofenotane (INN), ",02_anexo_india_sa_2017.pdf
IND,expanded_2017,HS2017,606,51031010,51031010,510310,national8_range,exact,5,95,1,1,"38220090 80% 3824 84 00 Containing aldrin (ISO), camphechlor 80% (ISO) (toxaphene), chlordane (ISO), chlordecone (ISO), DDT (ISO) (clofenotane (INN), ",02_anexo_india_sa_2017.pdf
IND,expanded_2017,HS2017,606,51031090,51031090,510310,national8_range,exact,5,95,1,1,"38220090 80% 3824 84 00 Containing aldrin (ISO), camphechlor 80% (ISO) (toxaphene), chlordane (ISO), chlordecone (ISO), DDT (ISO) (clofenotane (INN), ",02_anexo_india_sa_2017.pdf
IND,expanded_2017,HS2017,606,51052910,51052910,510529,national8_range,exact,5,95,1,1,"38220090 80% 3824 84 00 Containing aldrin (ISO), camphechlor 80% (ISO) (toxaphene), chlordane (ISO), chlordecone (ISO), DDT (ISO) (clofenotane (INN), ",02_anexo_india_sa_2017.pdf
IND,expanded_2017,HS2017,606,51052990,51052990,510529,national8_range,exact,5,95,1,1,"38220090 80% 3824 84 00 Containing aldrin (ISO), camphechlor 80% (ISO) (toxaphene), chlordane (ISO), chlordecone (ISO), DDT (ISO) (clofenotane (INN), ",02_anexo_india_sa_2017.pdf
IND,expanded_2017,HS2017,606,51091010,51091010,510910,national8_range,exact,5,95,1,1,"38220090 80% 3824 84 00 Containing aldrin (ISO), camphechlor 80% (ISO) (toxaphene), chlordane (ISO), chlordecone (ISO), DDT (ISO) (clofenotane (INN), ",02_anexo_india_sa_2017.pdf
IND,expanded_2017,HS2017,606,51091090,51091090,510910,national8_range,exact,5,95,1,1,"38220090 80% 3824 84 00 Containing aldrin (ISO), camphechlor 80% (ISO) (toxaphene), chlordane (ISO), chlordecone (ISO), DDT (ISO) (clofenotane (INN), ",02_anexo_india_sa_2017.pdf
IND,expanded_2017,HS2017,606,51099000,51099000,510990,national8_range,exact,5,95,1,1,"38220090 80% 3824 84 00 Containing aldrin (ISO), camphechlor 80% (ISO) (toxaphene), chlordane (ISO), chlordecone (ISO), DDT (ISO) (clofenotane (INN), ",02_anexo_india_sa_2017.pdf
IND,expanded_2017,HS2017,606,54072010,54072010,540720,national8_range,exact,5,95,1,1,"38220090 80% 3824 84 00 Containing aldrin (ISO), camphechlor 80% (ISO) (toxaphene), chlordane (ISO), chlordecone (ISO), DDT (ISO) (clofenotane (INN), ",02_anexo_india_sa_2017.pdf
IND,expanded_2017,HS2017,606,54072020,54072020,540720,national8_range,exact,5,95,1,1,"38220090 80% 3824 84 00 Containing aldrin (ISO), camphechlor 80% (ISO) (toxaphene), chlordane (ISO), chlordecone (ISO), DDT (ISO) (clofenotane (INN), ",02_anexo_india_sa_2017.pdf
IND,expanded_2017,HS2017,606,54072030,54072030,540720,national8_range,exact,5,95,1,1,"38220090 80% 3824 84 00 Containing aldrin (ISO), camphechlor 80% (ISO) (toxaphene), chlordane (ISO), chlordecone (ISO), DDT (ISO) (clofenotane (INN), ",02_anexo_india_sa_2017.pdf
IND,expanded_2017,HS2017,606,54072040,54072040,540720,national8_range,exact,5,95,1,1,"38220090 80% 3824 84 00 Containing aldrin (ISO), camphechlor 80% (ISO) (toxaphene), chlordane (ISO), chlordecone (ISO), DDT (ISO) (clofenotane (INN), ",02_anexo_india_sa_2017.pdf
IND,expanded_2017,HS2017,606,54072090,54072090,540720,national8_range,exact,5,95,1,1,"38220090 80% 3824 84 00 Containing aldrin (ISO), camphechlor 80% (ISO) (toxaphene), chlordane (ISO), chlordecone (ISO), DDT (ISO) (clofenotane (INN), ",02_anexo_india_sa_2017.pdf
IND,expanded_2017,HS2017,606,55051090,55051090,550510,national8_range,exact,5,95,1,1,"38220090 80% 3824 84 00 Containing aldrin (ISO), camphechlor 80% (ISO) (toxaphene), chlordane (ISO), chlordecone (ISO), DDT (ISO) (clofenotane (INN), ",02_anexo_india_sa_2017.pdf
IND,expanded_2017,HS2017,606,55093200,55093200,550932,national8_range,exact,5,95,1,1,"38220090 80% 3824 84 00 Containing aldrin (ISO), camphechlor 80% (ISO) (toxaphene), chlordane (ISO), chlordecone (ISO), DDT (ISO) (clofenotane (INN), ",02_anexo_india_sa_2017.pdf
IND,expanded_2017,HS2017,606,63053300,63053300,630533,national8_range,exact,5,95,1,1,"38220090 80% 3824 84 00 Containing aldrin (ISO), camphechlor 80% (ISO) (toxaphene), chlordane (ISO), chlordecone (ISO), DDT (ISO) (clofenotane (INN), ",02_anexo_india_sa_2017.pdf
IND,expanded_2017,HS2017,606,64039190,64039190,640391,national8_range,exact,5,95,1,1,"38220090 80% 3824 84 00 Containing aldrin (ISO), camphechlor 80% (ISO) (toxaphene), chlordane (ISO), chlordecone (ISO), DDT (ISO) (clofenotane (INN), ",02_anexo_india_sa_2017.pdf
IND,expanded_2017,HS2017,606,64039910,64039910,640399,national8_range,exact,5,95,1,1,"38220090 80% 3824 84 00 Containing aldrin (ISO), camphechlor 80% (ISO) (toxaphene), chlordane (ISO), chlordecone (ISO), DDT (ISO) (clofenotane (INN), ",02_anexo_india_sa_2017.pdf
IND,expanded_2017,HS2017,606,64039920,64039920,640399,national8_range,exact,5,95,1,1,"38220090 80% 3824 84 00 Containing aldrin (ISO), camphechlor 80% (ISO) (toxaphene), chlordane (ISO), chlordecone (ISO), DDT (ISO) (clofenotane (INN), ",02_anexo_india_sa_2017.pdf
IND,expanded_2017,HS2017,606,64039990,64039990,640399,national8_range,exact,5,95,1,1,"38220090 80% 3824 84 00 Containing aldrin (ISO), camphechlor 80% (ISO) (toxaphene), chlordane (ISO), chlordecone (ISO), DDT (ISO) (clofenotane (INN), ",02_anexo_india_sa_2017.pdf
IND,expanded_2017,HS2017,606,68042190,68042190,680421,national8_range,exact,5,95,1,1,"38220090 80% 3824 84 00 Containing aldrin (ISO), camphechlor 80% (ISO) (toxaphene), chlordane (ISO), chlordecone (ISO), DDT (ISO) (clofenotane (INN), ",02_anexo_india_sa_2017.pdf
IND,expanded_2017,HS2017,606,68091100,68091100,680911,national8_range,exact,5,95,1,1,"38220090 80% 3824 84 00 Containing aldrin (ISO), camphechlor 80% (ISO) (toxaphene), chlordane (ISO), chlordecone (ISO), DDT (ISO) (clofenotane (INN), ",02_anexo_india_sa_2017.pdf
IND,expanded_2017,HS2017,606,68118200,68118200,681182,national8_range,exact,5,95,1,1,"38220090 80% 3824 84 00 Containing aldrin (ISO), camphechlor 80% (ISO) (toxaphene), chlordane (ISO), chlordecone (ISO), DDT (ISO) (clofenotane (INN), ",02_anexo_india_sa_2017.pdf
IND,expanded_2017,HS2017,606,68159910,68159910,681599,national8_range,exact,5,95,1,1,"38220090 80% 3824 84 00 Containing aldrin (ISO), camphechlor 80% (ISO) (toxaphene), chlordane (ISO), chlordecone (ISO), DDT (ISO) (clofenotane (INN), ",02_anexo_india_sa_2017.pdf
IND,expanded_2017,HS2017,606,68159920,68159920,681599,national8_range,exact,5,95,1,1,"38220090 80% 3824 84 00 Containing aldrin (ISO), camphechlor 80% (ISO) (toxaphene), chlordane (ISO), chlordecone (ISO), DDT (ISO) (clofenotane (INN), ",02_anexo_india_sa_2017.pdf
IND,expanded_2017,HS2017,606,68159990,68159990,681599,national8_range,exact,5,95,1,1,"38220090 80% 3824 84 00 Containing aldrin (ISO), camphechlor 80% (ISO) (toxaphene), chlordane (ISO), chlordecone (ISO), DDT (ISO) (clofenotane (INN), ",02_anexo_india_sa_2017.pdf
IND,expanded_2017,HS2017,606,69109000,69109000,691090,national8_range,exact,5,95,1,1,"38220090 80% 3824 84 00 Containing aldrin (ISO), camphechlor 80% (ISO) (toxaphene), chlordane (ISO), chlordecone (ISO), DDT (ISO) (clofenotane (INN), ",02_anexo_india_sa_2017.pdf
IND,expanded_2017,HS2017,606,70052910,70052910,700529,national8_range,exact,5,95,1,1,"38220090 80% 3824 84 00 Containing aldrin (ISO), camphechlor 80% (ISO) (toxaphene), chlordane (ISO), chlordecone (ISO), DDT (ISO) (clofenotane (INN), ",02_anexo_india_sa_2017.pdf
IND,expanded_2017,HS2017,606,70052990,70052990,700529,national8_range,exact,5,95,1,1,"38220090 80% 3824 84 00 Containing aldrin (ISO), camphechlor 80% (ISO) (toxaphene), chlordane (ISO), chlordecone (ISO), DDT (ISO) (clofenotane (INN), ",02_anexo_india_sa_2017.pdf
IND,expanded_2017,HS2017,606,70072900,70072900,700729,national8_range,exact,5,95,1,1,"38220090 80% 3824 84 00 Containing aldrin (ISO), camphechlor 80% (ISO) (toxaphene), chlordane (ISO), chlordecone (ISO), DDT (ISO) (clofenotane (INN), ",02_anexo_india_sa_2017.pdf
IND,expanded_2017,HS2017,606,70109000,70109000,701090,national8_range,exact,5,95,1,1,"38220090 80% 3824 84 00 Containing aldrin (ISO), camphechlor 80% (ISO) (toxaphene), chlordane (ISO), chlordecone (ISO), DDT (ISO) (clofenotane (INN), ",02_anexo_india_sa_2017.pdf
IND,expanded_2017,HS2017,606,70199090,70199090,701990,national8_range,exact,5,95,1,1,"38220090 80% 3824 84 00 Containing aldrin (ISO), camphechlor 80% (ISO) (toxaphene), chlordane (ISO), chlordecone (ISO), DDT (ISO) (clofenotane (INN), ",02_anexo_india_sa_2017.pdf
IND,expanded_2017,HS2017,606,71023910,71023910,710239,national8_range,exact,5,95,1,1,"38220090 80% 3824 84 00 Containing aldrin (ISO), camphechlor 80% (ISO) (toxaphene), chlordane (ISO), chlordecone (ISO), DDT (ISO) (clofenotane (INN), ",02_anexo_india_sa_2017.pdf
IND,expanded_2017,HS2017,606,71051000,71051000,710510,national8_range,exact,5,95,1,1,"38220090 80% 3824 84 00 Containing aldrin (ISO), camphechlor 80% (ISO) (toxaphene), chlordane (ISO), chlordecone (ISO), DDT (ISO) (clofenotane (INN), ",02_anexo_india_sa_2017.pdf
IND,expanded_2017,HS2017,606,71069100,71069100,710691,national8_range,exact,5,95,1,1,"38220090 80% 3824 84 00 Containing aldrin (ISO), camphechlor 80% (ISO) (toxaphene), chlordane (ISO), chlordecone (ISO), DDT (ISO) (clofenotane (INN), ",02_anexo_india_sa_2017.pdf
IND,expanded_2017,HS2017,606,71081200,71081200,710812,national8_range,exact,5,95,1,1,"38220090 80% 3824 84 00 Containing aldrin (ISO), camphechlor 80% (ISO) (toxaphene), chlordane (ISO), chlordecone (ISO), DDT (ISO) (clofenotane (INN), ",02_anexo_india_sa_2017.pdf
IND,expanded_2017,HS2017,606,71129200,71129200,711292,national8_range,exact,5,95,1,1,"38220090 80% 3824 84 00 Containing aldrin (ISO), camphechlor 80% (ISO) (toxaphene), chlordane (ISO), chlordecone (ISO), DDT (ISO) (clofenotane (INN), ",02_anexo_india_sa_2017.pdf
IND,expanded_2017,HS2017,606,71129910,71129910,711299,national8_range,exact,5,95,1,1,"38220090 80% 3824 84 00 Containing aldrin (ISO), camphechlor 80% (ISO) (toxaphene), chlordane (ISO), chlordecone (ISO), DDT (ISO) (clofenotane (INN), ",02_anexo_india_sa_2017.pdf
IND,expanded_2017,HS2017,606,71129920,71129920,711299,national8_range,exact,5,95,1,1,"38220090 80% 3824 84 00 Containing aldrin (ISO), camphechlor 80% (ISO) (toxaphene), chlordane (ISO), chlordecone (ISO), DDT (ISO) (clofenotane (INN), ",02_anexo_india_sa_2017.pdf
IND,expanded_2017,HS2017,606,71129990,71129990,711299,national8_range,exact,5,95,1,1,"38220090 80% 3824 84 00 Containing aldrin (ISO), camphechlor 80% (ISO) (toxaphene), chlordane (ISO), chlordecone (ISO), DDT (ISO) (clofenotane (INN), ",02_anexo_india_sa_2017.pdf
IND,expanded_2017,HS2017,606,71181000,71181000,711810,national8_range,exact,5,95,1,1,"38220090 80% 3824 84 00 Containing aldrin (ISO), camphechlor 80% (ISO) (toxaphene), chlordane (ISO), chlordecone (ISO), DDT (ISO) (clofenotane (INN), ",02_anexo_india_sa_2017.pdf
IND,expanded_2017,HS2017,606,72022900,72022900,720229,national8_range,exact,5,95,1,1,"38220090 80% 3824 84 00 Containing aldrin (ISO), camphechlor 80% (ISO) (toxaphene), chlordane (ISO), chlordecone (ISO), DDT (ISO) (clofenotane (INN), ",02_anexo_india_sa_2017.pdf
IND,expanded_2017,HS2017,606,72027000,72027000,720270,national8_range,exact,5,95,1,1,"38220090 80% 3824 84 00 Containing aldrin (ISO), camphechlor 80% (ISO) (toxaphene), chlordane (ISO), chlordecone (ISO), DDT (ISO) (clofenotane (INN), ",02_anexo_india_sa_2017.pdf
IND,expanded_2017,HS2017,606,72042110,72042110,720421,national8_range,exact,5,95,1,1,"38220090 80% 3824 84 00 Containing aldrin (ISO), camphechlor 80% (ISO) (toxaphene), chlordane (ISO), chlordecone (ISO), DDT (ISO) (clofenotane (INN), ",02_anexo_india_sa_2017.pdf
IND,expanded_2017,HS2017,606,72042190,72042190,720421,national8_range,exact,5,95,1,1,"38220090 80% 3824 84 00 Containing aldrin (ISO), camphechlor 80% (ISO) (toxaphene), chlordane (ISO), chlordecone (ISO), DDT (ISO) (clofenotane (INN), ",02_anexo_india_sa_2017.pdf
IND,expanded_2017,HS2017,606,72042910,72042910,720429,national8_range,exact,5,95,1,1,"38220090 80% 3824 84 00 Containing aldrin (ISO), camphechlor 80% (ISO) (toxaphene), chlordane (ISO), chlordecone (ISO), DDT (ISO) (clofenotane (INN), ",02_anexo_india_sa_2017.pdf
IND,expanded_2017,HS2017,606,72042920,72042920,720429,national8_range,exact,5,95,1,1,"38220090 80% 3824 84 00 Containing aldrin (ISO), camphechlor 80% (ISO) (toxaphene), chlordane (ISO), chlordecone (ISO), DDT (ISO) (clofenotane (INN), ",02_anexo_india_sa_2017.pdf
IND,expanded_2017,HS2017,606,72042990,72042990,720429,national8_range,exact,5,95,1,1,"38220090 80% 3824 84 00 Containing aldrin (ISO), camphechlor 80% (ISO) (toxaphene), chlordane (ISO), chlordecone (ISO), DDT (ISO) (clofenotane (INN), ",02_anexo_india_sa_2017.pdf
IND,expanded_2017,HS2017,606,72044900,72044900,720449,national8_range,exact,5,95,1,1,"38220090 80% 3824 84 00 Containing aldrin (ISO), camphechlor 80% (ISO) (toxaphene), chlordane (ISO), chlordecone (ISO), DDT (ISO) (clofenotane (INN), ",02_anexo_india_sa_2017.pdf
IND,expanded_2017,HS2017,606,72106100,72106100,721061,national8_range,exact,5,95,1,1,"38220090 80% 3824 84 00 Containing aldrin (ISO), camphechlor 80% (ISO) (toxaphene), chlordane (ISO), chlordecone (ISO), DDT (ISO) (clofenotane (INN), ",02_anexo_india_sa_2017.pdf
IND,expanded_2017,HS2017,606,72124000,72124000,721240,national8_range,exact,5,95,1,1,"38220090 80% 3824 84 00 Containing aldrin (ISO), camphechlor 80% (ISO) (toxaphene), chlordane (ISO), chlordecone (ISO), DDT (ISO) (clofenotane (INN), ",02_anexo_india_sa_2017.pdf
IND,expanded_2017,HS2017,606,72139110,72139110,721391,national8_range,exact,5,95,1,1,"38220090 80% 3824 84 00 Containing aldrin (ISO), camphechlor 80% (ISO) (toxaphene), chlordane (ISO), chlordecone (ISO), DDT (ISO) (clofenotane (INN), ",02_anexo_india_sa_2017.pdf
IND,expanded_2017,HS2017,606,72139120,72139120,721391,national8_range,exact,5,95,1,1,"38220090 80% 3824 84 00 Containing aldrin (ISO), camphechlor 80% (ISO) (toxaphene), chlordane (ISO), chlordecone (ISO), DDT (ISO) (clofenotane (INN), ",02_anexo_india_sa_2017.pdf
IND,expanded_2017,HS2017,606,72139190,72139190,721391,national8_range,exact,5,95,1,1,"38220090 80% 3824 84 00 Containing aldrin (ISO), camphechlor 80% (ISO) (toxaphene), chlordane (ISO), chlordecone (ISO), DDT (ISO) (clofenotane (INN), ",02_anexo_india_sa_2017.pdf
IND,expanded_2017,HS2017,606,72142010,72142010,721420,national8_range,exact,5,95,1,1,"38220090 80% 3824 84 00 Containing aldrin (ISO), camphechlor 80% (ISO) (toxaphene), chlordane (ISO), chlordecone (ISO), DDT (ISO) (clofenotane (INN), ",02_anexo_india_sa_2017.pdf
IND,expanded_2017,HS2017,606,72142090,72142090,721420,national8_range,exact,5,95,1,1,"38220090 80% 3824 84 00 Containing aldrin (ISO), camphechlor 80% (ISO) (toxaphene), chlordane (ISO), chlordecone (ISO), DDT (ISO) (clofenotane (INN), ",02_anexo_india_sa_2017.pdf
IND,expanded_2017,HS2017,606,72149910,72149910,721499,national8_range,exact,5,95,1,1,"38220090 80% 3824 84 00 Containing aldrin (ISO), camphechlor 80% (ISO) (toxaphene), chlordane (ISO), chlordecone (ISO), DDT (ISO) (clofenotane (INN), ",02_anexo_india_sa_2017.pdf
IND,expanded_2017,HS2017,606,72149990,72149990,721499,national8_range,exact,5,95,1,1,"38220090 80% 3824 84 00 Containing aldrin (ISO), camphechlor 80% (ISO) (toxaphene), chlordane (ISO), chlordecone (ISO), DDT (ISO) (clofenotane (INN), ",02_anexo_india_sa_2017.pdf
IND,expanded_2017,HS2017,606,72162100,72162100,721621,national8_range,exact,5,95,1,1,"38220090 80% 3824 84 00 Containing aldrin (ISO), camphechlor 80% (ISO) (toxaphene), chlordane (ISO), chlordecone (ISO), DDT (ISO) (clofenotane (INN), ",02_anexo_india_sa_2017.pdf
IND,expanded_2017,HS2017,606,72261100,72261100,722611,national8_range,exact,5,95,1,1,"38220090 80% 3824 84 00 Containing aldrin (ISO), camphechlor 80% (ISO) (toxaphene), chlordane (ISO), chlordecone (ISO), DDT (ISO) (clofenotane (INN), ",02_anexo_india_sa_2017.pdf
IND,expanded_2017,HS2017,606,72288010,72288010,722880,national8_range,exact,5,95,1,1,"38220090 80% 3824 84 00 Containing aldrin (ISO), camphechlor 80% (ISO) (toxaphene), chlordane (ISO), chlordecone (ISO), DDT (ISO) (clofenotane (INN), ",02_anexo_india_sa_2017.pdf
IND,expanded_2017,HS2017,606,72288020,72288020,722880,national8_range,exact,5,95,1,1,"38220090 80% 3824 84 00 Containing aldrin (ISO), camphechlor 80% (ISO) (toxaphene), chlordane (ISO), chlordecone (ISO), DDT (ISO) (clofenotane (INN), ",02_anexo_india_sa_2017.pdf
IND,expanded_2017,HS2017,606,72288090,72288090,722880,national8_range,exact,5,95,1,1,"38220090 80% 3824 84 00 Containing aldrin (ISO), camphechlor 80% (ISO) (toxaphene), chlordane (ISO), chlordecone (ISO), DDT (ISO) (clofenotane (INN), ",02_anexo_india_sa_2017.pdf
IND,expanded_2017,HS2017,606,72292000,72292000,722920,national8_range,exact,5,95,1,1,"38220090 80% 3824 84 00 Containing aldrin (ISO), camphechlor 80% (ISO) (toxaphene), chlordane (ISO), chlordecone (ISO), DDT (ISO) (clofenotane (INN), ",02_anexo_india_sa_2017.pdf
IND,expanded_2017,HS2017,606,73045910,73045910,730459,national8_range,exact,5,95,1,1,"38220090 80% 3824 84 00 Containing aldrin (ISO), camphechlor 80% (ISO) (toxaphene), chlordane (ISO), chlordecone (ISO), DDT (ISO) (clofenotane (INN), ",02_anexo_india_sa_2017.pdf
IND,expanded_2017,HS2017,606,73045920,73045920,730459,national8_range,exact,5,95,1,1,"38220090 80% 3824 84 00 Containing aldrin (ISO), camphechlor 80% (ISO) (toxaphene), chlordane (ISO), chlordecone (ISO), DDT (ISO) (clofenotane (INN), ",02_anexo_india_sa_2017.pdf
IND,expanded_2017,HS2017,606,73045930,73045930,730459,national8_range,exact,5,95,1,1,"38220090 80% 3824 84 00 Containing aldrin (ISO), camphechlor 80% (ISO) (toxaphene), chlordane (ISO), chlordecone (ISO), DDT (ISO) (clofenotane (INN), ",02_anexo_india_sa_2017.pdf
IND,expanded_2017,HS2017,606,73063010,73063010,730630,national8_range,exact,5,95,1,1,"38220090 80% 3824 84 00 Containing aldrin (ISO), camphechlor 80% (ISO) (toxaphene), chlordane (ISO), chlordecone (ISO), DDT (ISO) (clofenotane (INN), ",02_anexo_india_sa_2017.pdf
IND,expanded_2017,HS2017,606,73063090,73063090,730630,national8_range,exact,5,95,1,1,"38220090 80% 3824 84 00 Containing aldrin (ISO), camphechlor 80% (ISO) (toxaphene), chlordane (ISO), chlordecone (ISO), DDT (ISO) (clofenotane (INN), ",02_anexo_india_sa_2017.pdf
IND,expanded_2017,HS2017,606,73082011,73082011,730820,national8_range,exact,5,95,1,1,"38220090 80% 3824 84 00 Containing aldrin (ISO), camphechlor 80% (ISO) (toxaphene), chlordane (ISO), chlordecone (ISO), DDT (ISO) (clofenotane (INN), ",02_anexo_india_sa_2017.pdf
IND,expanded_2017,HS2017,606,73082019,73082019,730820,national8_range,exact,5,95,1,1,"38220090 80% 3824 84 00 Containing aldrin (ISO), camphechlor 80% (ISO) (toxaphene), chlordane (ISO), chlordecone (ISO), DDT (ISO) (clofenotane (INN), ",02_anexo_india_sa_2017.pdf
IND,expanded_2017,HS2017,606,73082020,73082020,730820,national8_range,exact,5,95,1,1,"38220090 80% 3824 84 00 Containing aldrin (ISO), camphechlor 80% (ISO) (toxaphene), chlordane (ISO), chlordecone (ISO), DDT (ISO) (clofenotane (INN), ",02_anexo_india_sa_2017.pdf
IND,expanded_2017,HS2017,606,73084000,73084000,730840,national8_range,exact,5,95,1,1,"38220090 80% 3824 84 00 Containing aldrin (ISO), camphechlor 80% (ISO) (toxaphene), chlordane (ISO), chlordecone (ISO), DDT (ISO) (clofenotane (INN), ",02_anexo_india_sa_2017.pdf
IND,expanded_2017,HS2017,606,73089010,73089010,730890,national8_range,exact,5,95,1,1,"38220090 80% 3824 84 00 Containing aldrin (ISO), camphechlor 80% (ISO) (toxaphene), chlordane (ISO), chlordecone (ISO), DDT (ISO) (clofenotane (INN), ",02_anexo_india_sa_2017.pdf
IND,expanded_2017,HS2017,606,73089020,73089020,730890,national8_range,exact,5,95,1,1,"38220090 80% 3824 84 00 Containing aldrin (ISO), camphechlor 80% (ISO) (toxaphene), chlordane (ISO), chlordecone (ISO), DDT (ISO) (clofenotane (INN), ",02_anexo_india_sa_2017.pdf
IND,expanded_2017,HS2017,606,73089030,73089030,730890,national8_range,exact,5,95,1,1,"38220090 80% 3824 84 00 Containing aldrin (ISO), camphechlor 80% (ISO) (toxaphene), chlordane (ISO), chlordecone (ISO), DDT (ISO) (clofenotane (INN), ",02_anexo_india_sa_2017.pdf
IND,expanded_2017,HS2017,606,73089040,73089040,730890,national8_range,exact,5,95,1,1,"38220090 80% 3824 84 00 Containing aldrin (ISO), camphechlor 80% (ISO) (toxaphene), chlordane (ISO), chlordecone (ISO), DDT (ISO) (clofenotane (INN), ",02_anexo_india_sa_2017.pdf
IND,expanded_2017,HS2017,606,73089050,73089050,730890,national8_range,exact,5,95,1,1,"38220090 80% 3824 84 00 Containing aldrin (ISO), camphechlor 80% (ISO) (toxaphene), chlordane (ISO), chlordecone (ISO), DDT (ISO) (clofenotane (INN), ",02_anexo_india_sa_2017.pdf
IND,expanded_2017,HS2017,606,73089060,73089060,730890,national8_range,exact,5,95,1,1,"38220090 80% 3824 84 00 Containing aldrin (ISO), camphechlor 80% (ISO) (toxaphene), chlordane (ISO), chlordecone (ISO), DDT (ISO) (clofenotane (INN), ",02_anexo_india_sa_2017.pdf
IND,expanded_2017,HS2017,606,73089070,73089070,730890,national8_range,exact,5,95,1,1,"38220090 80% 3824 84 00 Containing aldrin (ISO), camphechlor 80% (ISO) (toxaphene), chlordane (ISO), chlordecone (ISO), DDT (ISO) (clofenotane (INN), ",02_anexo_india_sa_2017.pdf
IND,expanded_2017,HS2017,606,73089090,73089090,730890,national8_range,exact,5,95,1,1,"38220090 80% 3824 84 00 Containing aldrin (ISO), camphechlor 80% (ISO) (toxaphene), chlordane (ISO), chlordecone (ISO), DDT (ISO) (clofenotane (INN), ",02_anexo_india_sa_2017.pdf
IND,expanded_2017,HS2017,606,73101010,73101010,731010,national8_range,exact,5,95,1,1,"38220090 80% 3824 84 00 Containing aldrin (ISO), camphechlor 80% (ISO) (toxaphene), chlordane (ISO), chlordecone (ISO), DDT (ISO) (clofenotane (INN), ",02_anexo_india_sa_2017.pdf
IND,expanded_2017,HS2017,606,73101020,73101020,731010,national8_range,exact,5,95,1,1,"38220090 80% 3824 84 00 Containing aldrin (ISO), camphechlor 80% (ISO) (toxaphene), chlordane (ISO), chlordecone (ISO), DDT (ISO) (clofenotane (INN), ",02_anexo_india_sa_2017.pdf
IND,expanded_2017,HS2017,606,73101090,73101090,731010,national8_range,exact,5,95,1,1,"38220090 80% 3824 84 00 Containing aldrin (ISO), camphechlor 80% (ISO) (toxaphene), chlordane (ISO), chlordecone (ISO), DDT (ISO) (clofenotane (INN), ",02_anexo_india_sa_2017.pdf
IND,expanded_2017,HS2017,606,73102990,73102990,731029,national8_range,exact,5,95,1,1,"38220090 80% 3824 84 00 Containing aldrin (ISO), camphechlor 80% (ISO) (toxaphene), chlordane (ISO), chlordecone (ISO), DDT (ISO) (clofenotane (INN), ",02_anexo_india_sa_2017.pdf
IND,expanded_2017,HS2017,606,73121010,73121010,731210,national8_range,exact,5,95,1,1,"38220090 80% 3824 84 00 Containing aldrin (ISO), camphechlor 80% (ISO) (toxaphene), chlordane (ISO), chlordecone (ISO), DDT (ISO) (clofenotane (INN), ",02_anexo_india_sa_2017.pdf
IND,expanded_2017,HS2017,606,73121020,73121020,731210,national8_range,exact,5,95,1,1,"38220090 80% 3824 84 00 Containing aldrin (ISO), camphechlor 80% (ISO) (toxaphene), chlordane (ISO), chlordecone (ISO), DDT (ISO) (clofenotane (INN), ",02_anexo_india_sa_2017.pdf
IND,expanded_2017,HS2017,606,73121030,73121030,731210,national8_range,exact,5,95,1,1,"38220090 80% 3824 84 00 Containing aldrin (ISO), camphechlor 80% (ISO) (toxaphene), chlordane (ISO), chlordecone (ISO), DDT (ISO) (clofenotane (INN), ",02_anexo_india_sa_2017.pdf
IND,expanded_2017,HS2017,606,73121090,73121090,731210,national8_range,exact,5,95,1,1,"38220090 80% 3824 84 00 Containing aldrin (ISO), camphechlor 80% (ISO) (toxaphene), chlordane (ISO), chlordecone (ISO), DDT (ISO) (clofenotane (INN), ",02_anexo_india_sa_2017.pdf
IND,expanded_2017,HS2017,606,73211110,73211110,732111,national8_range,exact,5,95,1,1,"38220090 80% 3824 84 00 Containing aldrin (ISO), camphechlor 80% (ISO) (toxaphene), chlordane (ISO), chlordecone (ISO), DDT (ISO) (clofenotane (INN), ",02_anexo_india_sa_2017.pdf
IND,expanded_2017,HS2017,606,73211120,73211120,732111,national8_range,exact,5,95,1,1,"38220090 80% 3824 84 00 Containing aldrin (ISO), camphechlor 80% (ISO) (toxaphene), chlordane (ISO), chlordecone (ISO), DDT (ISO) (clofenotane (INN), ",02_anexo_india_sa_2017.pdf
IND,expanded_2017,HS2017,606,73211190,73211190,732111,national8_range,exact,5,95,1,1,"38220090 80% 3824 84 00 Containing aldrin (ISO), camphechlor 80% (ISO) (toxaphene), chlordane (ISO), chlordecone (ISO), DDT (ISO) (clofenotane (INN), ",02_anexo_india_sa_2017.pdf
IND,expanded_2017,HS2017,606,73259100,73259100,732591,national8_range,exact,5,95,1,1,"38220090 80% 3824 84 00 Containing aldrin (ISO), camphechlor 80% (ISO) (toxaphene), chlordane (ISO), chlordecone (ISO), DDT (ISO) (clofenotane (INN), ",02_anexo_india_sa_2017.pdf
IND,expanded_2017,HS2017,606,73261100,73261100,732611,national8_range,exact,5,95,1,1,"38220090 80% 3824 84 00 Containing aldrin (ISO), camphechlor 80% (ISO) (toxaphene), chlordane (ISO), chlordecone (ISO), DDT (ISO) (clofenotane (INN), ",02_anexo_india_sa_2017.pdf
IND,expanded_2017,HS2017,606,73269010,73269010,732690,national8_range,exact,5,95,1,1,"38220090 80% 3824 84 00 Containing aldrin (ISO), camphechlor 80% (ISO) (toxaphene), chlordane (ISO), chlordecone (ISO), DDT (ISO) (clofenotane (INN), ",02_anexo_india_sa_2017.pdf
IND,expanded_2017,HS2017,606,73269020,73269020,732690,national8_range,exact,5,95,1,1,"38220090 80% 3824 84 00 Containing aldrin (ISO), camphechlor 80% (ISO) (toxaphene), chlordane (ISO), chlordecone (ISO), DDT (ISO) (clofenotane (INN), ",02_anexo_india_sa_2017.pdf
IND,expanded_2017,HS2017,606,73269030,73269030,732690,national8_range,exact,5,95,1,1,"38220090 80% 3824 84 00 Containing aldrin (ISO), camphechlor 80% (ISO) (toxaphene), chlordane (ISO), chlordecone (ISO), DDT (ISO) (clofenotane (INN), ",02_anexo_india_sa_2017.pdf
IND,expanded_2017,HS2017,606,73269040,73269040,732690,national8_range,exact,5,95,1,1,"38220090 80% 3824 84 00 Containing aldrin (ISO), camphechlor 80% (ISO) (toxaphene), chlordane (ISO), chlordecone (ISO), DDT (ISO) (clofenotane (INN), ",02_anexo_india_sa_2017.pdf
IND,expanded_2017,HS2017,606,73269050,73269050,732690,national8_range,exact,5,95,1,1,"38220090 80% 3824 84 00 Containing aldrin (ISO), camphechlor 80% (ISO) (toxaphene), chlordane (ISO), chlordecone (ISO), DDT (ISO) (clofenotane (INN), ",02_anexo_india_sa_2017.pdf
IND,expanded_2017,HS2017,606,73269060,73269060,732690,national8_range,exact,5,95,1,1,"38220090 80% 3824 84 00 Containing aldrin (ISO), camphechlor 80% (ISO) (toxaphene), chlordane (ISO), chlordecone (ISO), DDT (ISO) (clofenotane (INN), ",02_anexo_india_sa_2017.pdf
IND,expanded_2017,HS2017,606,73269070,73269070,732690,national8_range,exact,5,95,1,1,"38220090 80% 3824 84 00 Containing aldrin (ISO), camphechlor 80% (ISO) (toxaphene), chlordane (ISO), chlordecone (ISO), DDT (ISO) (clofenotane (INN), ",02_anexo_india_sa_2017.pdf
IND,expanded_2017,HS2017,606,73269080,73269080,732690,national8_range,exact,5,95,1,1,"38220090 80% 3824 84 00 Containing aldrin (ISO), camphechlor 80% (ISO) (toxaphene), chlordane (ISO), chlordecone (ISO), DDT (ISO) (clofenotane (INN), ",02_anexo_india_sa_2017.pdf
IND,expanded_2017,HS2017,606,73269091,73269091,732690,national8_range,exact,5,95,1,1,"38220090 80% 3824 84 00 Containing aldrin (ISO), camphechlor 80% (ISO) (toxaphene), chlordane (ISO), chlordecone (ISO), DDT (ISO) (clofenotane (INN), ",02_anexo_india_sa_2017.pdf
IND,expanded_2017,HS2017,606,73269099,73269099,732690,national8_range,exact,5,95,1,1,"38220090 80% 3824 84 00 Containing aldrin (ISO), camphechlor 80% (ISO) (toxaphene), chlordane (ISO), chlordecone (ISO), DDT (ISO) (clofenotane (INN), ",02_anexo_india_sa_2017.pdf
IND,expanded_2017,HS2017,606,74010010,74010010,740100,national8_range,exact,5,95,1,1,"38220090 80% 3824 84 00 Containing aldrin (ISO), camphechlor 80% (ISO) (toxaphene), chlordane (ISO), chlordecone (ISO), DDT (ISO) (clofenotane (INN), ",02_anexo_india_sa_2017.pdf
IND,expanded_2017,HS2017,606,74010090,74010090,740100,national8_range,exact,5,95,1,1,"38220090 80% 3824 84 00 Containing aldrin (ISO), camphechlor 80% (ISO) (toxaphene), chlordane (ISO), chlordecone (ISO), DDT (ISO) (clofenotane (INN), ",02_anexo_india_sa_2017.pdf
IND,expanded_2017,HS2017,606,74020010,74020010,740200,national8_range,exact,5,95,1,1,"38220090 80% 3824 84 00 Containing aldrin (ISO), camphechlor 80% (ISO) (toxaphene), chlordane (ISO), chlordecone (ISO), DDT (ISO) (clofenotane (INN), ",02_anexo_india_sa_2017.pdf
IND,expanded_2017,HS2017,606,74020090,74020090,740200,national8_range,exact,5,95,1,1,"38220090 80% 3824 84 00 Containing aldrin (ISO), camphechlor 80% (ISO) (toxaphene), chlordane (ISO), chlordecone (ISO), DDT (ISO) (clofenotane (INN), ",02_anexo_india_sa_2017.pdf
IND,expanded_2017,HS2017,606,74031100,74031100,740311,national8_range,exact,5,95,1,1,"38220090 80% 3824 84 00 Containing aldrin (ISO), camphechlor 80% (ISO) (toxaphene), chlordane (ISO), chlordecone (ISO), DDT (ISO) (clofenotane (INN), ",02_anexo_india_sa_2017.pdf
IND,expanded_2017,HS2017,606,74031300,74031300,740313,national8_range,exact,5,95,1,1,"38220090 80% 3824 84 00 Containing aldrin (ISO), camphechlor 80% (ISO) (toxaphene), chlordane (ISO), chlordecone (ISO), DDT (ISO) (clofenotane (INN), ",02_anexo_india_sa_2017.pdf
IND,expanded_2017,HS2017,606,74031900,74031900,740319,national8_range,exact,5,95,1,1,"38220090 80% 3824 84 00 Containing aldrin (ISO), camphechlor 80% (ISO) (toxaphene), chlordane (ISO), chlordecone (ISO), DDT (ISO) (clofenotane (INN), ",02_anexo_india_sa_2017.pdf
IND,expanded_2017,HS2017,606,74072110,74072110,740721,national8_range,exact,5,95,1,1,"38220090 80% 3824 84 00 Containing aldrin (ISO), camphechlor 80% (ISO) (toxaphene), chlordane (ISO), chlordecone (ISO), DDT (ISO) (clofenotane (INN), ",02_anexo_india_sa_2017.pdf
IND,expanded_2017,HS2017,606,74072120,74072120,740721,national8_range,exact,5,95,1,1,"38220090 80% 3824 84 00 Containing aldrin (ISO), camphechlor 80% (ISO) (toxaphene), chlordane (ISO), chlordecone (ISO), DDT (ISO) (clofenotane (INN), ",02_anexo_india_sa_2017.pdf
IND,expanded_2017,HS2017,606,74072130,74072130,740721,national8_range,exact,5,95,1,1,"38220090 80% 3824 84 00 Containing aldrin (ISO), camphechlor 80% (ISO) (toxaphene), chlordane (ISO), chlordecone (ISO), DDT (ISO) (clofenotane (INN), ",02_anexo_india_sa_2017.pdf
IND,expanded_2017,HS2017,606,74072190,74072190,740721,national8_range,exact,5,95,1,1,"38220090 80% 3824 84 00 Containing aldrin (ISO), camphechlor 80% (ISO) (toxaphene), chlordane (ISO), chlordecone (ISO), DDT (ISO) (clofenotane (INN), ",02_anexo_india_sa_2017.pdf
IND,expanded_2017,HS2017,606,74072990,74072990,740729,national8_range,exact,5,95,1,1,"38220090 80% 3824 84 00 Containing aldrin (ISO), camphechlor 80% (ISO) (toxaphene), chlordane (ISO), chlordecone (ISO), DDT (ISO) (clofenotane (INN), ",02_anexo_india_sa_2017.pdf
IND,expanded_2017,HS2017,606,74091900,74091900,740919,national8_range,exact,5,95,1,1,"38220090 80% 3824 84 00 Containing aldrin (ISO), camphechlor 80% (ISO) (toxaphene), chlordane (ISO), chlordecone (ISO), DDT (ISO) (clofenotane (INN), ",02_anexo_india_sa_2017.pdf
IND,expanded_2017,HS2017,606,74111000,74111000,741110,national8_range,exact,5,95,1,1,"38220090 80% 3824 84 00 Containing aldrin (ISO), camphechlor 80% (ISO) (toxaphene), chlordane (ISO), chlordecone (ISO), DDT (ISO) (clofenotane (INN), ",02_anexo_india_sa_2017.pdf
IND,expanded_2017,HS2017,606,74130000,74130000,741300,national8_range,exact,5,95,1,1,"38220090 80% 3824 84 00 Containing aldrin (ISO), camphechlor 80% (ISO) (toxaphene), chlordane (ISO), chlordecone (ISO), DDT (ISO) (clofenotane (INN), ",02_anexo_india_sa_2017.pdf
IND,expanded_2017,HS2017,606,74199910,74199910,741999,national8_range,exact,5,95,1,1,"38220090 80% 3824 84 00 Containing aldrin (ISO), camphechlor 80% (ISO) (toxaphene), chlordane (ISO), chlordecone (ISO), DDT (ISO) (clofenotane (INN), ",02_anexo_india_sa_2017.pdf
IND,expanded_2017,HS2017,606,74199920,74199920,741999,national8_range,exact,5,95,1,1,"38220090 80% 3824 84 00 Containing aldrin (ISO), camphechlor 80% (ISO) (toxaphene), chlordane (ISO), chlordecone (ISO), DDT (ISO) (clofenotane (INN), ",02_anexo_india_sa_2017.pdf
IND,expanded_2017,HS2017,606,74199930,74199930,741999,national8_range,exact,5,95,1,1,"38220090 80% 3824 84 00 Containing aldrin (ISO), camphechlor 80% (ISO) (toxaphene), chlordane (ISO), chlordecone (ISO), DDT (ISO) (clofenotane (INN), ",02_anexo_india_sa_2017.pdf
IND,expanded_2017,HS2017,606,74199940,74199940,741999,national8_range,exact,5,95,1,1,"38220090 80% 3824 84 00 Containing aldrin (ISO), camphechlor 80% (ISO) (toxaphene), chlordane (ISO), chlordecone (ISO), DDT (ISO) (clofenotane (INN), ",02_anexo_india_sa_2017.pdf
IND,expanded_2017,HS2017,606,74199990,74199990,741999,national8_range,exact,5,95,1,1,"38220090 80% 3824 84 00 Containing aldrin (ISO), camphechlor 80% (ISO) (toxaphene), chlordane (ISO), chlordecone (ISO), DDT (ISO) (clofenotane (INN), ",02_anexo_india_sa_2017.pdf
IND,expanded_2017,HS2017,606,76020010,76020010,760200,national8_range,exact,5,95,1,1,"38220090 80% 3824 84 00 Containing aldrin (ISO), camphechlor 80% (ISO) (toxaphene), chlordane (ISO), chlordecone (ISO), DDT (ISO) (clofenotane (INN), ",02_anexo_india_sa_2017.pdf
IND,expanded_2017,HS2017,606,76020090,76020090,760200,national8_range,exact,5,95,1,1,"38220090 80% 3824 84 00 Containing aldrin (ISO), camphechlor 80% (ISO) (toxaphene), chlordane (ISO), chlordecone (ISO), DDT (ISO) (clofenotane (INN), ",02_anexo_india_sa_2017.pdf
IND,expanded_2017,HS2017,606,76072010,76072010,760720,national8_range,exact,5,95,1,1,"38220090 80% 3824 84 00 Containing aldrin (ISO), camphechlor 80% (ISO) (toxaphene), chlordane (ISO), chlordecone (ISO), DDT (ISO) (clofenotane (INN), ",02_anexo_india_sa_2017.pdf
IND,expanded_2017,HS2017,606,76072090,76072090,760720,national8_range,exact,5,95,1,1,"38220090 80% 3824 84 00 Containing aldrin (ISO), camphechlor 80% (ISO) (toxaphene), chlordane (ISO), chlordecone (ISO), DDT (ISO) (clofenotane (INN), ",02_anexo_india_sa_2017.pdf
IND,expanded_2017,HS2017,606,76109010,76109010,761090,national8_range,exact,5,95,1,1,"38220090 80% 3824 84 00 Containing aldrin (ISO), camphechlor 80% (ISO) (toxaphene), chlordane (ISO), chlordecone (ISO), DDT (ISO) (clofenotane (INN), ",02_anexo_india_sa_2017.pdf
IND,expanded_2017,HS2017,606,76109020,76109020,761090,national8_range,exact,5,95,1,1,"38220090 80% 3824 84 00 Containing aldrin (ISO), camphechlor 80% (ISO) (toxaphene), chlordane (ISO), chlordecone (ISO), DDT (ISO) (clofenotane (INN), ",02_anexo_india_sa_2017.pdf
IND,expanded_2017,HS2017,606,76109030,76109030,761090,national8_range,exact,5,95,1,1,"38220090 80% 3824 84 00 Containing aldrin (ISO), camphechlor 80% (ISO) (toxaphene), chlordane (ISO), chlordecone (ISO), DDT (ISO) (clofenotane (INN), ",02_anexo_india_sa_2017.pdf
IND,expanded_2017,HS2017,606,76109090,76109090,761090,national8_range,exact,5,95,1,1,"38220090 80% 3824 84 00 Containing aldrin (ISO), camphechlor 80% (ISO) (toxaphene), chlordane (ISO), chlordecone (ISO), DDT (ISO) (clofenotane (INN), ",02_anexo_india_sa_2017.pdf
IND,expanded_2017,HS2017,606,76129010,76129010,761290,national8_range,exact,5,95,1,1,"38220090 80% 3824 84 00 Containing aldrin (ISO), camphechlor 80% (ISO) (toxaphene), chlordane (ISO), chlordecone (ISO), DDT (ISO) (clofenotane (INN), ",02_anexo_india_sa_2017.pdf
IND,expanded_2017,HS2017,606,76129020,76129020,761290,national8_range,exact,5,95,1,1,"38220090 80% 3824 84 00 Containing aldrin (ISO), camphechlor 80% (ISO) (toxaphene), chlordane (ISO), chlordecone (ISO), DDT (ISO) (clofenotane (INN), ",02_anexo_india_sa_2017.pdf
IND,expanded_2017,HS2017,606,76129030,76129030,761290,national8_range,exact,5,95,1,1,"38220090 80% 3824 84 00 Containing aldrin (ISO), camphechlor 80% (ISO) (toxaphene), chlordane (ISO), chlordecone (ISO), DDT (ISO) (clofenotane (INN), ",02_anexo_india_sa_2017.pdf
IND,expanded_2017,HS2017,606,76129090,76129090,761290,national8_range,exact,5,95,1,1,"38220090 80% 3824 84 00 Containing aldrin (ISO), camphechlor 80% (ISO) (toxaphene), chlordane (ISO), chlordecone (ISO), DDT (ISO) (clofenotane (INN), ",02_anexo_india_sa_2017.pdf
IND,expanded_2017,HS2017,606,78019100,78019100,780191,national8_range,exact,5,95,1,1,"38220090 80% 3824 84 00 Containing aldrin (ISO), camphechlor 80% (ISO) (toxaphene), chlordane (ISO), chlordecone (ISO), DDT (ISO) (clofenotane (INN), ",02_anexo_india_sa_2017.pdf
IND,expanded_2017,HS2017,606,78019920,78019920,780199,national8_range,exact,5,95,1,1,"38220090 80% 3824 84 00 Containing aldrin (ISO), camphechlor 80% (ISO) (toxaphene), chlordane (ISO), chlordecone (ISO), DDT (ISO) (clofenotane (INN), ",02_anexo_india_sa_2017.pdf
IND,expanded_2017,HS2017,606,78020010,78020010,780200,national8_range,exact,5,95,1,1,"38220090 80% 3824 84 00 Containing aldrin (ISO), camphechlor 80% (ISO) (toxaphene), chlordane (ISO), chlordecone (ISO), DDT (ISO) (clofenotane (INN), ",02_anexo_india_sa_2017.pdf
IND,expanded_2017,HS2017,606,78060010,78060010,780600,national8_range,exact,5,95,1,1,"38220090 80% 3824 84 00 Containing aldrin (ISO), camphechlor 80% (ISO) (toxaphene), chlordane (ISO), chlordecone (ISO), DDT (ISO) (clofenotane (INN), ",02_anexo_india_sa_2017.pdf
IND,expanded_2017,HS2017,606,78060020,78060020,780600,national8_range,exact,5,95,1,1,"38220090 80% 3824 84 00 Containing aldrin (ISO), camphechlor 80% (ISO) (toxaphene), chlordane (ISO), chlordecone (ISO), DDT (ISO) (clofenotane (INN), ",02_anexo_india_sa_2017.pdf
IND,expanded_2017,HS2017,606,78060030,78060030,780600,national8_range,exact,5,95,1,1,"38220090 80% 3824 84 00 Containing aldrin (ISO), camphechlor 80% (ISO) (toxaphene), chlordane (ISO), chlordecone (ISO), DDT (ISO) (clofenotane (INN), ",02_anexo_india_sa_2017.pdf
IND,expanded_2017,HS2017,606,78060090,78060090,780600,national8_range,exact,5,95,1,1,"38220090 80% 3824 84 00 Containing aldrin (ISO), camphechlor 80% (ISO) (toxaphene), chlordane (ISO), chlordecone (ISO), DDT (ISO) (clofenotane (INN), ",02_anexo_india_sa_2017.pdf
IND,expanded_2017,HS2017,606,81129900,81129900,811299,national8_range,exact,5,95,1,1,"38220090 80% 3824 84 00 Containing aldrin (ISO), camphechlor 80% (ISO) (toxaphene), chlordane (ISO), chlordecone (ISO), DDT (ISO) (clofenotane (INN), ",02_anexo_india_sa_2017.pdf
IND,expanded_2017,HS2017,606,82071300,82071300,820713,national8_range,exact,5,95,1,1,"38220090 80% 3824 84 00 Containing aldrin (ISO), camphechlor 80% (ISO) (toxaphene), chlordane (ISO), chlordecone (ISO), DDT (ISO) (clofenotane (INN), ",02_anexo_india_sa_2017.pdf
IND,expanded_2017,HS2017,606,82071900,82071900,820719,national8_range,exact,5,95,1,1,"38220090 80% 3824 84 00 Containing aldrin (ISO), camphechlor 80% (ISO) (toxaphene), chlordane (ISO), chlordecone (ISO), DDT (ISO) (clofenotane (INN), ",02_anexo_india_sa_2017.pdf
IND,expanded_2017,HS2017,606,82090090,82090090,820900,national8_range,exact,5,95,1,1,"38220090 80% 3824 84 00 Containing aldrin (ISO), camphechlor 80% (ISO) (toxaphene), chlordane (ISO), chlordecone (ISO), DDT (ISO) (clofenotane (INN), ",02_anexo_india_sa_2017.pdf
IND,expanded_2017,HS2017,606,82119390,82119390,821193,national8_range,exact,5,95,1,1,"38220090 80% 3824 84 00 Containing aldrin (ISO), camphechlor 80% (ISO) (toxaphene), chlordane (ISO), chlordecone (ISO), DDT (ISO) (clofenotane (INN), ",02_anexo_india_sa_2017.pdf
IND,expanded_2017,HS2017,606,83024200,83024200,830242,national8_range,exact,5,95,1,1,"38220090 80% 3824 84 00 Containing aldrin (ISO), camphechlor 80% (ISO) (toxaphene), chlordane (ISO), chlordecone (ISO), DDT (ISO) (clofenotane (INN), ",02_anexo_india_sa_2017.pdf
IND,expanded_2017,HS2017,606,83099010,83099010,830990,national8_range,exact,5,95,1,1,"38220090 80% 3824 84 00 Containing aldrin (ISO), camphechlor 80% (ISO) (toxaphene), chlordane (ISO), chlordecone (ISO), DDT (ISO) (clofenotane (INN), ",02_anexo_india_sa_2017.pdf
IND,expanded_2017,HS2017,606,83099020,83099020,830990,national8_range,exact,5,95,1,1,"38220090 80% 3824 84 00 Containing aldrin (ISO), camphechlor 80% (ISO) (toxaphene), chlordane (ISO), chlordecone (ISO), DDT (ISO) (clofenotane (INN), ",02_anexo_india_sa_2017.pdf
IND,expanded_2017,HS2017,606,83099030,83099030,830990,national8_range,exact,5,95,1,1,"38220090 80% 3824 84 00 Containing aldrin (ISO), camphechlor 80% (ISO) (toxaphene), chlordane (ISO), chlordecone (ISO), DDT (ISO) (clofenotane (INN), ",02_anexo_india_sa_2017.pdf
IND,expanded_2017,HS2017,606,83099090,83099090,830990,national8_range,exact,5,95,1,1,"38220090 80% 3824 84 00 Containing aldrin (ISO), camphechlor 80% (ISO) (toxaphene), chlordane (ISO), chlordecone (ISO), DDT (ISO) (clofenotane (INN), ",02_anexo_india_sa_2017.pdf
IND,expanded_2017,HS2017,606,83111000,83111000,831110,national8_range,exact,5,95,1,1,"38220090 80% 3824 84 00 Containing aldrin (ISO), camphechlor 80% (ISO) (toxaphene), chlordane (ISO), chlordecone (ISO), DDT (ISO) (clofenotane (INN), ",02_anexo_india_sa_2017.pdf
IND,expanded_2017,HS2017,606,84119900,84119900,841199,national8_range,exact,5,95,1,1,"38220090 80% 3824 84 00 Containing aldrin (ISO), camphechlor 80% (ISO) (toxaphene), chlordane (ISO), chlordecone (ISO), DDT (ISO) (clofenotane (INN), ",02_anexo_india_sa_2017.pdf
IND,expanded_2017,HS2017,606,84139190,84139190,841391,national8_range,exact,5,95,1,1,"38220090 80% 3824 84 00 Containing aldrin (ISO), camphechlor 80% (ISO) (toxaphene), chlordane (ISO), chlordecone (ISO), DDT (ISO) (clofenotane (INN), ",02_anexo_india_sa_2017.pdf
IND,expanded_2017,HS2017,606,84149090,84149090,841490,national8_range,exact,5,95,1,1,"38220090 80% 3824 84 00 Containing aldrin (ISO), camphechlor 80% (ISO) (toxaphene), chlordane (ISO), chlordecone (ISO), DDT (ISO) (clofenotane (INN), ",02_anexo_india_sa_2017.pdf
IND,expanded_2017,HS2017,606,84191190,84191190,841911,national8_range,exact,5,95,1,1,"38220090 80% 3824 84 00 Containing aldrin (ISO), camphechlor 80% (ISO) (toxaphene), chlordane (ISO), chlordecone (ISO), DDT (ISO) (clofenotane (INN), ",02_anexo_india_sa_2017.pdf
IND,expanded_2017,HS2017,606,84219900,84219900,842199,national8_range,exact,5,95,1,1,"38220090 80% 3824 84 00 Containing aldrin (ISO), camphechlor 80% (ISO) (toxaphene), chlordane (ISO), chlordecone (ISO), DDT (ISO) (clofenotane (INN), ",02_anexo_india_sa_2017.pdf
IND,expanded_2017,HS2017,606,84249000,84249000,842490,national8_range,exact,5,95,1,1,"38220090 80% 3824 84 00 Containing aldrin (ISO), camphechlor 80% (ISO) (toxaphene), chlordane (ISO), chlordecone (ISO), DDT (ISO) (clofenotane (INN), ",02_anexo_india_sa_2017.pdf
IND,expanded_2017,HS2017,606,84264900,84264900,842649,national8_range,exact,5,95,1,1,"38220090 80% 3824 84 00 Containing aldrin (ISO), camphechlor 80% (ISO) (toxaphene), chlordane (ISO), chlordecone (ISO), DDT (ISO) (clofenotane (INN), ",02_anexo_india_sa_2017.pdf
IND,expanded_2017,HS2017,606,84289090,84289090,842890,national8_range,exact,5,95,1,1,"38220090 80% 3824 84 00 Containing aldrin (ISO), camphechlor 80% (ISO) (toxaphene), chlordane (ISO), chlordecone (ISO), DDT (ISO) (clofenotane (INN), ",02_anexo_india_sa_2017.pdf
IND,expanded_2017,HS2017,606,84304190,84304190,843041,national8_range,exact,5,95,1,1,"38220090 80% 3824 84 00 Containing aldrin (ISO), camphechlor 80% (ISO) (toxaphene), chlordane (ISO), chlordecone (ISO), DDT (ISO) (clofenotane (INN), ",02_anexo_india_sa_2017.pdf
IND,expanded_2017,HS2017,606,84304900,84304900,843049,national8_range,exact,5,95,1,1,"38220090 80% 3824 84 00 Containing aldrin (ISO), camphechlor 80% (ISO) (toxaphene), chlordane (ISO), chlordecone (ISO), DDT (ISO) (clofenotane (INN), ",02_anexo_india_sa_2017.pdf
IND,expanded_2017,HS2017,606,84313910,84313910,843139,national8_range,exact,5,95,1,1,"38220090 80% 3824 84 00 Containing aldrin (ISO), camphechlor 80% (ISO) (toxaphene), chlordane (ISO), chlordecone (ISO), DDT (ISO) (clofenotane (INN), ",02_anexo_india_sa_2017.pdf
IND,expanded_2017,HS2017,606,84313990,84313990,843139,national8_range,exact,5,95,1,1,"38220090 80% 3824 84 00 Containing aldrin (ISO), camphechlor 80% (ISO) (toxaphene), chlordane (ISO), chlordecone (ISO), DDT (ISO) (clofenotane (INN), ",02_anexo_india_sa_2017.pdf
IND,expanded_2017,HS2017,606,84314310,84314310,843143,national8_range,exact,5,95,1,1,"38220090 80% 3824 84 00 Containing aldrin (ISO), camphechlor 80% (ISO) (toxaphene), chlordane (ISO), chlordecone (ISO), DDT (ISO) (clofenotane (INN), ",02_anexo_india_sa_2017.pdf
IND,expanded_2017,HS2017,606,84314390,84314390,843143,national8_range,exact,5,95,1,1,"38220090 80% 3824 84 00 Containing aldrin (ISO), camphechlor 80% (ISO) (toxaphene), chlordane (ISO), chlordecone (ISO), DDT (ISO) (clofenotane (INN), ",02_anexo_india_sa_2017.pdf
IND,expanded_2017,HS2017,606,84314910,84314910,843149,national8_range,exact,5,95,1,1,"38220090 80% 3824 84 00 Containing aldrin (ISO), camphechlor 80% (ISO) (toxaphene), chlordane (ISO), chlordecone (ISO), DDT (ISO) (clofenotane (INN), ",02_anexo_india_sa_2017.pdf
IND,expanded_2017,HS2017,606,84314920,84314920,843149,national8_range,exact,5,95,1,1,"38220090 80% 3824 84 00 Containing aldrin (ISO), camphechlor 80% (ISO) (toxaphene), chlordane (ISO), chlordecone (ISO), DDT (ISO) (clofenotane (INN), ",02_anexo_india_sa_2017.pdf
IND,expanded_2017,HS2017,606,84314930,84314930,843149,national8_range,exact,5,95,1,1,"38220090 80% 3824 84 00 Containing aldrin (ISO), camphechlor 80% (ISO) (toxaphene), chlordane (ISO), chlordecone (ISO), DDT (ISO) (clofenotane (INN), ",02_anexo_india_sa_2017.pdf
IND,expanded_2017,HS2017,606,84314940,84314940,843149,national8_range,exact,5,95,1,1,"38220090 80% 3824 84 00 Containing aldrin (ISO), camphechlor 80% (ISO) (toxaphene), chlordane (ISO), chlordecone (ISO), DDT (ISO) (clofenotane (INN), ",02_anexo_india_sa_2017.pdf
IND,expanded_2017,HS2017,606,84314990,84314990,843149,national8_range,exact,5,95,1,1,"38220090 80% 3824 84 00 Containing aldrin (ISO), camphechlor 80% (ISO) (toxaphene), chlordane (ISO), chlordecone (ISO), DDT (ISO) (clofenotane (INN), ",02_anexo_india_sa_2017.pdf
IND,expanded_2017,HS2017,606,84509010,84509010,845090,national8_range,exact,5,95,1,1,"38220090 80% 3824 84 00 Containing aldrin (ISO), camphechlor 80% (ISO) (toxaphene), chlordane (ISO), chlordecone (ISO), DDT (ISO) (clofenotane (INN), ",02_anexo_india_sa_2017.pdf
IND,expanded_2017,HS2017,606,84509090,84509090,845090,national8_range,exact,5,95,1,1,"38220090 80% 3824 84 00 Containing aldrin (ISO), camphechlor 80% (ISO) (toxaphene), chlordane (ISO), chlordecone (ISO), DDT (ISO) (clofenotane (INN), ",02_anexo_india_sa_2017.pdf
IND,expanded_2017,HS2017,606,84519000,84519000,845190,national8_range,exact,5,95,1,1,"38220090 80% 3824 84 00 Containing aldrin (ISO), camphechlor 80% (ISO) (toxaphene), chlordane (ISO), chlordecone (ISO), DDT (ISO) (clofenotane (INN), ",02_anexo_india_sa_2017.pdf
IND,expanded_2017,HS2017,606,84592990,84592990,845929,national8_range,exact,5,95,1,1,"38220090 80% 3824 84 00 Containing aldrin (ISO), camphechlor 80% (ISO) (toxaphene), chlordane (ISO), chlordecone (ISO), DDT (ISO) (clofenotane (INN), ",02_anexo_india_sa_2017.pdf
IND,expanded_2017,HS2017,606,84669100,84669100,846691,national8_range,exact,5,95,1,1,"38220090 80% 3824 84 00 Containing aldrin (ISO), camphechlor 80% (ISO) (toxaphene), chlordane (ISO), chlordecone (ISO), DDT (ISO) (clofenotane (INN), ",02_anexo_india_sa_2017.pdf
IND,expanded_2017,HS2017,606,84741090,84741090,847410,national8_range,exact,5,95,1,1,"38220090 80% 3824 84 00 Containing aldrin (ISO), camphechlor 80% (ISO) (toxaphene), chlordane (ISO), chlordecone (ISO), DDT (ISO) (clofenotane (INN), ",02_anexo_india_sa_2017.pdf
IND,expanded_2017,HS2017,606,84749000,84749000,847490,national8_range,exact,5,95,1,1,"38220090 80% 3824 84 00 Containing aldrin (ISO), camphechlor 80% (ISO) (toxaphene), chlordane (ISO), chlordecone (ISO), DDT (ISO) (clofenotane (INN), ",02_anexo_india_sa_2017.pdf
IND,expanded_2017,HS2017,606,84798940,84798940,847989,national8_range,exact,5,95,1,1,"38220090 80% 3824 84 00 Containing aldrin (ISO), camphechlor 80% (ISO) (toxaphene), chlordane (ISO), chlordecone (ISO), DDT (ISO) (clofenotane (INN), ",02_anexo_india_sa_2017.pdf
IND,expanded_2017,HS2017,606,84799010,84799010,847990,national8_range,exact,5,95,1,1,"38220090 80% 3824 84 00 Containing aldrin (ISO), camphechlor 80% (ISO) (toxaphene), chlordane (ISO), chlordecone (ISO), DDT (ISO) (clofenotane (INN), ",02_anexo_india_sa_2017.pdf
IND,expanded_2017,HS2017,606,84799020,84799020,847990,national8_range,exact,5,95,1,1,"38220090 80% 3824 84 00 Containing aldrin (ISO), camphechlor 80% (ISO) (toxaphene), chlordane (ISO), chlordecone (ISO), DDT (ISO) (clofenotane (INN), ",02_anexo_india_sa_2017.pdf
IND,expanded_2017,HS2017,606,84799030,84799030,847990,national8_range,exact,5,95,1,1,"38220090 80% 3824 84 00 Containing aldrin (ISO), camphechlor 80% (ISO) (toxaphene), chlordane (ISO), chlordecone (ISO), DDT (ISO) (clofenotane (INN), ",02_anexo_india_sa_2017.pdf
IND,expanded_2017,HS2017,606,84799040,84799040,847990,national8_range,exact,5,95,1,1,"38220090 80% 3824 84 00 Containing aldrin (ISO), camphechlor 80% (ISO) (toxaphene), chlordane (ISO), chlordecone (ISO), DDT (ISO) (clofenotane (INN), ",02_anexo_india_sa_2017.pdf
IND,expanded_2017,HS2017,606,84818041,84818041,848180,national8_range,exact,5,95,1,1,"38220090 80% 3824 84 00 Containing aldrin (ISO), camphechlor 80% (ISO) (toxaphene), chlordane (ISO), chlordecone (ISO), DDT (ISO) (clofenotane (INN), ",02_anexo_india_sa_2017.pdf
IND,expanded_2017,HS2017,606,84818049,84818049,848180,national8_range,exact,5,95,1,1,"38220090 80% 3824 84 00 Containing aldrin (ISO), camphechlor 80% (ISO) (toxaphene), chlordane (ISO), chlordecone (ISO), DDT (ISO) (clofenotane (INN), ",02_anexo_india_sa_2017.pdf
IND,expanded_2017,HS2017,606,84818090,84818090,848180,national8_range,exact,5,95,1,1,"38220090 80% 3824 84 00 Containing aldrin (ISO), camphechlor 80% (ISO) (toxaphene), chlordane (ISO), chlordecone (ISO), DDT (ISO) (clofenotane (INN), ",02_anexo_india_sa_2017.pdf
IND,expanded_2017,HS2017,606,84829900,84829900,848299,national8_range,exact,5,95,1,1,"38220090 80% 3824 84 00 Containing aldrin (ISO), camphechlor 80% (ISO) (toxaphene), chlordane (ISO), chlordecone (ISO), DDT (ISO) (clofenotane (INN), ",02_anexo_india_sa_2017.pdf
IND,expanded_2017,HS2017,606,85049010,85049010,850490,national8_range,exact,5,95,1,1,"38220090 80% 3824 84 00 Containing aldrin (ISO), camphechlor 80% (ISO) (toxaphene), chlordane (ISO), chlordecone (ISO), DDT (ISO) (clofenotane (INN), ",02_anexo_india_sa_2017.pdf
IND,expanded_2017,HS2017,606,85068090,85068090,850680,national8_range,exact,5,95,1,1,"38220090 80% 3824 84 00 Containing aldrin (ISO), camphechlor 80% (ISO) (toxaphene), chlordane (ISO), chlordecone (ISO), DDT (ISO) (clofenotane (INN), ",02_anexo_india_sa_2017.pdf
IND,expanded_2017,HS2017,606,85098000,85098000,850980,national8_range,exact,5,95,1,1,"38220090 80% 3824 84 00 Containing aldrin (ISO), camphechlor 80% (ISO) (toxaphene), chlordane (ISO), chlordecone (ISO), DDT (ISO) (clofenotane (INN), ",02_anexo_india_sa_2017.pdf
IND,expanded_2017,HS2017,606,85258030,85258030,852580,national8_range,exact,5,95,1,1,"38220090 80% 3824 84 00 Containing aldrin (ISO), camphechlor 80% (ISO) (toxaphene), chlordane (ISO), chlordecone (ISO), DDT (ISO) (clofenotane (INN), ",02_anexo_india_sa_2017.pdf
IND,expanded_2017,HS2017,606,85299090,85299090,852990,national8_range,exact,5,95,1,1,"38220090 80% 3824 84 00 Containing aldrin (ISO), camphechlor 80% (ISO) (toxaphene), chlordane (ISO), chlordecone (ISO), DDT (ISO) (clofenotane (INN), ",02_anexo_india_sa_2017.pdf
IND,expanded_2017,HS2017,606,85309000,85309000,853090,national8_range,exact,5,95,1,1,"38220090 80% 3824 84 00 Containing aldrin (ISO), camphechlor 80% (ISO) (toxaphene), chlordane (ISO), chlordecone (ISO), DDT (ISO) (clofenotane (INN), ",02_anexo_india_sa_2017.pdf
IND,expanded_2017,HS2017,606,85444991,85444991,854449,national8_range,exact,5,95,1,1,"38220090 80% 3824 84 00 Containing aldrin (ISO), camphechlor 80% (ISO) (toxaphene), chlordane (ISO), chlordecone (ISO), DDT (ISO) (clofenotane (INN), ",02_anexo_india_sa_2017.pdf
IND,expanded_2017,HS2017,606,85444992,85444992,854449,national8_range,exact,5,95,1,1,"38220090 80% 3824 84 00 Containing aldrin (ISO), camphechlor 80% (ISO) (toxaphene), chlordane (ISO), chlordecone (ISO), DDT (ISO) (clofenotane (INN), ",02_anexo_india_sa_2017.pdf
IND,expanded_2017,HS2017,606,85444993,85444993,854449,national8_range,exact,5,95,1,1,"38220090 80% 3824 84 00 Containing aldrin (ISO), camphechlor 80% (ISO) (toxaphene), chlordane (ISO), chlordecone (ISO), DDT (ISO) (clofenotane (INN), ",02_anexo_india_sa_2017.pdf
IND,expanded_2017,HS2017,606,85444999,85444999,854449,national8_range,exact,5,95,1,1,"38220090 80% 3824 84 00 Containing aldrin (ISO), camphechlor 80% (ISO) (toxaphene), chlordane (ISO), chlordecone (ISO), DDT (ISO) (clofenotane (INN), ",02_anexo_india_sa_2017.pdf
IND,expanded_2017,HS2017,606,85446010,85446010,854460,national8_range,exact,5,95,1,1,"38220090 80% 3824 84 00 Containing aldrin (ISO), camphechlor 80% (ISO) (toxaphene), chlordane (ISO), chlordecone (ISO), DDT (ISO) (clofenotane (INN), ",02_anexo_india_sa_2017.pdf
IND,expanded_2017,HS2017,606,85446020,85446020,854460,national8_range,exact,5,95,1,1,"38220090 80% 3824 84 00 Containing aldrin (ISO), camphechlor 80% (ISO) (toxaphene), chlordane (ISO), chlordecone (ISO), DDT (ISO) (clofenotane (INN), ",02_anexo_india_sa_2017.pdf
IND,expanded_2017,HS2017,606,85446030,85446030,854460,national8_range,exact,5,95,1,1,"38220090 80% 3824 84 00 Containing aldrin (ISO), camphechlor 80% (ISO) (toxaphene), chlordane (ISO), chlordecone (ISO), DDT (ISO) (clofenotane (INN), ",02_anexo_india_sa_2017.pdf
IND,expanded_2017,HS2017,606,85446090,85446090,854460,national8_range,exact,5,95,1,1,"38220090 80% 3824 84 00 Containing aldrin (ISO), camphechlor 80% (ISO) (toxaphene), chlordane (ISO), chlordecone (ISO), DDT (ISO) (clofenotane (INN), ",02_anexo_india_sa_2017.pdf
IND,expanded_2017,HS2017,606,85481010,85481010,854810,national8_range,exact,5,95,1,1,"38220090 80% 3824 84 00 Containing aldrin (ISO), camphechlor 80% (ISO) (toxaphene), chlordane (ISO), chlordecone (ISO), DDT (ISO) (clofenotane (INN), ",02_anexo_india_sa_2017.pdf
IND,expanded_2017,HS2017,606,85481020,85481020,854810,national8_range,exact,5,95,1,1,"38220090 80% 3824 84 00 Containing aldrin (ISO), camphechlor 80% (ISO) (toxaphene), chlordane (ISO), chlordecone (ISO), DDT (ISO) (clofenotane (INN), ",02_anexo_india_sa_2017.pdf
IND,expanded_2017,HS2017,606,85481090,85481090,854810,national8_range,exact,5,95,1,1,"38220090 80% 3824 84 00 Containing aldrin (ISO), camphechlor 80% (ISO) (toxaphene), chlordane (ISO), chlordecone (ISO), DDT (ISO) (clofenotane (INN), ",02_anexo_india_sa_2017.pdf
IND,expanded_2017,HS2017,606,88023000,88023000,880230,national8_range,exact,5,95,1,1,"38220090 80% 3824 84 00 Containing aldrin (ISO), camphechlor 80% (ISO) (toxaphene), chlordane (ISO), chlordecone (ISO), DDT (ISO) (clofenotane (INN), ",02_anexo_india_sa_2017.pdf
IND,expanded_2017,HS2017,606,88033000,88033000,880330,national8_range,exact,5,95,1,1,"38220090 80% 3824 84 00 Containing aldrin (ISO), camphechlor 80% (ISO) (toxaphene), chlordane (ISO), chlordecone (ISO), DDT (ISO) (clofenotane (INN), ",02_anexo_india_sa_2017.pdf
IND,expanded_2017,HS2017,606,89012000,89012000,890120,national8_range,exact,5,95,1,1,"38220090 80% 3824 84 00 Containing aldrin (ISO), camphechlor 80% (ISO) (toxaphene), chlordane (ISO), chlordecone (ISO), DDT (ISO) (clofenotane (INN), ",02_anexo_india_sa_2017.pdf
IND,expanded_2017,HS2017,606,89020010,89020010,890200,national8_range,exact,5,95,1,1,"38220090 80% 3824 84 00 Containing aldrin (ISO), camphechlor 80% (ISO) (toxaphene), chlordane (ISO), chlordecone (ISO), DDT (ISO) (clofenotane (INN), ",02_anexo_india_sa_2017.pdf
IND,expanded_2017,HS2017,606,89020090,89020090,890200,national8_range,exact,5,95,1,1,"38220090 80% 3824 84 00 Containing aldrin (ISO), camphechlor 80% (ISO) (toxaphene), chlordane (ISO), chlordecone (ISO), DDT (ISO) (clofenotane (INN), ",02_anexo_india_sa_2017.pdf
IND,expanded_2017,HS2017,606,89040000,89040000,890400,national8_range,exact,5,95,1,1,"38220090 80% 3824 84 00 Containing aldrin (ISO), camphechlor 80% (ISO) (toxaphene), chlordane (ISO), chlordecone (ISO), DDT (ISO) (clofenotane (INN), ",02_anexo_india_sa_2017.pdf
IND,expanded_2017,HS2017,606,89079000,89079000,890790,national8_range,exact,5,95,1,1,"38220090 80% 3824 84 00 Containing aldrin (ISO), camphechlor 80% (ISO) (toxaphene), chlordane (ISO), chlordecone (ISO), DDT (ISO) (clofenotane (INN), ",02_anexo_india_sa_2017.pdf
IND,expanded_2017,HS2017,606,90299000,90299000,902990,national8_range,exact,5,95,1,1,"38220090 80% 3824 84 00 Containing aldrin (ISO), camphechlor 80% (ISO) (toxaphene), chlordane (ISO), chlordecone (ISO), DDT (ISO) (clofenotane (INN), ",02_anexo_india_sa_2017.pdf
IND,expanded_2017,HS2017,606,94032010,94032010,940320,national8_range,exact,5,95,1,1,"38220090 80% 3824 84 00 Containing aldrin (ISO), camphechlor 80% (ISO) (toxaphene), chlordane (ISO), chlordecone (ISO), DDT (ISO) (clofenotane (INN), ",02_anexo_india_sa_2017.pdf
IND,expanded_2017,HS2017,606,94032090,94032090,940320,national8_range,exact,5,95,1,1,"38220090 80% 3824 84 00 Containing aldrin (ISO), camphechlor 80% (ISO) (toxaphene), chlordane (ISO), chlordecone (ISO), DDT (ISO) (clofenotane (INN), ",02_anexo_india_sa_2017.pdf
IND,expanded_2017,HS2017,606,94035010,94035010,940350,national8_range,exact,5,95,1,1,"38220090 80% 3824 84 00 Containing aldrin (ISO), camphechlor 80% (ISO) (toxaphene), chlordane (ISO), chlordecone (ISO), DDT (ISO) (clofenotane (INN), ",02_anexo_india_sa_2017.pdf
IND,expanded_2017,HS2017,606,94035090,94035090,940350,national8_range,exact,5,95,1,1,"38220090 80% 3824 84 00 Containing aldrin (ISO), camphechlor 80% (ISO) (toxaphene), chlordane (ISO), chlordecone (ISO), DDT (ISO) (clofenotane (INN), ",02_anexo_india_sa_2017.pdf
IND,expanded_2017,HS2017,606,94036000,94036000,940360,national8_range,exact,5,95,1,1,"38220090 80% 3824 84 00 Containing aldrin (ISO), camphechlor 80% (ISO) (toxaphene), chlordane (ISO), chlordecone (ISO), DDT (ISO) (clofenotane (INN), ",02_anexo_india_sa_2017.pdf
IND,expanded_2017,HS2017,606,94039000,94039000,940390,national8_range,exact,5,95,1,1,"38220090 80% 3824 84 00 Containing aldrin (ISO), camphechlor 80% (ISO) (toxaphene), chlordane (ISO), chlordecone (ISO), DDT (ISO) (clofenotane (INN), ",02_anexo_india_sa_2017.pdf
IND,expanded_2017,HS2017,606,94042910,94042910,940429,national8_range,exact,5,95,1,1,"38220090 80% 3824 84 00 Containing aldrin (ISO), camphechlor 80% (ISO) (toxaphene), chlordane (ISO), chlordecone (ISO), DDT (ISO) (clofenotane (INN), ",02_anexo_india_sa_2017.pdf
IND,expanded_2017,HS2017,606,94042990,94042990,940429,national8_range,exact,5,95,1,1,"38220090 80% 3824 84 00 Containing aldrin (ISO), camphechlor 80% (ISO) (toxaphene), chlordane (ISO), chlordecone (ISO), DDT (ISO) (clofenotane (INN), ",02_anexo_india_sa_2017.pdf
IND,expanded_2017,HS2017,606,94061010,94061010,940610,national8_range,pending_concordance,5,95,1,1,"38220090 80% 3824 84 00 Containing aldrin (ISO), camphechlor 80% (ISO) (toxaphene), chlordane (ISO), chlordecone (ISO), DDT (ISO) (clofenotane (INN), ",02_anexo_india_sa_2017.pdf
IND,expanded_2017,HS2017,606,94061020,94061020,940610,national8_range,pending_concordance,5,95,1,1,"38220090 80% 3824 84 00 Containing aldrin (ISO), camphechlor 80% (ISO) (toxaphene), chlordane (ISO), chlordecone (ISO), DDT (ISO) (clofenotane (INN), ",02_anexo_india_sa_2017.pdf
IND,expanded_2017,HS2017,606,94061030,94061030,940610,national8_range,pending_concordance,5,95,1,1,"38220090 80% 3824 84 00 Containing aldrin (ISO), camphechlor 80% (ISO) (toxaphene), chlordane (ISO), chlordecone (ISO), DDT (ISO) (clofenotane (INN), ",02_anexo_india_sa_2017.pdf
IND,expanded_2017,HS2017,606,94061090,94061090,940610,national8_range,pending_concordance,5,95,1,1,"38220090 80% 3824 84 00 Containing aldrin (ISO), camphechlor 80% (ISO) (toxaphene), chlordane (ISO), chlordecone (ISO), DDT (ISO) (clofenotane (INN), ",02_anexo_india_sa_2017.pdf
IND,expanded_2017,HS2017,606,94069010,94069010,940690,national8_range,pending_concordance,5,95,1,1,"38220090 80% 3824 84 00 Containing aldrin (ISO), camphechlor 80% (ISO) (toxaphene), chlordane (ISO), chlordecone (ISO), DDT (ISO) (clofenotane (INN), ",02_anexo_india_sa_2017.pdf
IND,expanded_2017,HS2017,606,94069020,94069020,940690,national8_range,pending_concordance,5,95,1,1,"38220090 80% 3824 84 00 Containing aldrin (ISO), camphechlor 80% (ISO) (toxaphene), chlordane (ISO), chlordecone (ISO), DDT (ISO) (clofenotane (INN), ",02_anexo_india_sa_2017.pdf
IND,expanded_2017,HS2017,606,94069030,94069030,940690,national8_range,pending_concordance,5,95,1,1,"38220090 80% 3824 84 00 Containing aldrin (ISO), camphechlor 80% (ISO) (toxaphene), chlordane (ISO), chlordecone (ISO), DDT (ISO) (clofenotane (INN), ",02_anexo_india_sa_2017.pdf
IND,expanded_2017,HS2017,606,94069090,94069090,940690,national8_range,pending_concordance,5,95,1,1,"38220090 80% 3824 84 00 Containing aldrin (ISO), camphechlor 80% (ISO) (toxaphene), chlordane (ISO), chlordecone (ISO), DDT (ISO) (clofenotane (INN), ",02_anexo_india_sa_2017.pdf
IND,expanded_2017,HS2017,606,95030090,95030090,950300,national8_range,exact,5,95,1,1,"38220090 80% 3824 84 00 Containing aldrin (ISO), camphechlor 80% (ISO) (toxaphene), chlordane (ISO), chlordecone (ISO), DDT (ISO) (clofenotane (INN), ",02_anexo_india_sa_2017.pdf
IND,expanded_2017,HS2017,606,392690,392690,392690,subheading6_range,exact,5,95,1,1,"38220090 80% 3824 84 00 Containing aldrin (ISO), camphechlor 80% (ISO) (toxaphene), chlordane (ISO), chlordecone (ISO), DDT (ISO) (clofenotane (INN), ",02_anexo_india_sa_2017.pdf
IND,expanded_2017,HS2017,606,442191,442191,442191,subheading6_range,pending_concordance,5,95,1,1,"38220090 80% 3824 84 00 Containing aldrin (ISO), camphechlor 80% (ISO) (toxaphene), chlordane (ISO), chlordecone (ISO), DDT (ISO) (clofenotane (INN), ",02_anexo_india_sa_2017.pdf
IND,expanded_2017,HS2017,606,96200000,96200000,962000,national8_range,pending_concordance,5,95,1,1,"38220090 80% 3824 84 00 Containing aldrin (ISO), camphechlor 80% (ISO) (toxaphene), chlordane (ISO), chlordecone (ISO), DDT (ISO) (clofenotane (INN), ",02_anexo_india_sa_2017.pdf
IND,expanded_2017,HS2017,606,442199,442199,442199,subheading6_range,pending_concordance,5,95,1,1,"38220090 80% 3824 84 00 Containing aldrin (ISO), camphechlor 80% (ISO) (toxaphene), chlordane (ISO), chlordecone (ISO), DDT (ISO) (clofenotane (INN), ",02_anexo_india_sa_2017.pdf
IND,expanded_2017,HS2017,606,732690,732690,732690,subheading6_range,exact,5,95,1,1,"38220090 80% 3824 84 00 Containing aldrin (ISO), camphechlor 80% (ISO) (toxaphene), chlordane (ISO), chlordecone (ISO), DDT (ISO) (clofenotane (INN), ",02_anexo_india_sa_2017.pdf
IND,expanded_2017,HS2017,606,843139,843139,843139,subheading6_range,exact,5,95,1,1,"38220090 80% 3824 84 00 Containing aldrin (ISO), camphechlor 80% (ISO) (toxaphene), chlordane (ISO), chlordecone (ISO), DDT (ISO) (clofenotane (INN), ",02_anexo_india_sa_2017.pdf
IND,expanded_2017,HS2017,606,85299090,85299090,852990,national8_range,exact,5,95,1,1,"38220090 80% 3824 84 00 Containing aldrin (ISO), camphechlor 80% (ISO) (toxaphene), chlordane (ISO), chlordecone (ISO), DDT (ISO) (clofenotane (INN), ",02_anexo_india_sa_2017.pdf
IND,expanded_2017,HS2017,607,,,,textual,manual,,,1,1,,02_anexo_india_sa_2017.pdf
IND,expanded_2017,HS2017,608,,,,textual,manual,,,1,1,,02_anexo_india_sa_2017.pdf
IND,expanded_2017,HS2017,609,,,,textual,manual,,,1,1,,02_anexo_india_sa_2017.pdf
IND,expanded_2017,HS2017,610,,,,textual,manual,,,1,1,,02_anexo_india_sa_2017.pdf
IND,expanded_2017,HS2017,611,,,,textual,manual,,,1,1,,02_anexo_india_sa_2017.pdf
IND,expanded_2017,HS2017,612,,,,textual,manual,,,1,1,,02_anexo_india_sa_2017.pdf
IND,expanded_2017,HS2017,613,,,,textual,manual,,,1,1,,02_anexo_india_sa_2017.pdf
IND,expanded_2017,HS2017,614,,,,textual,manual,,,1,1,,02_anexo_india_sa_2017.pdf
IND,expanded_2017,HS2017,615,,,,textual,manual,,,1,1,,02_anexo_india_sa_2017.pdf
IND,expanded_2017,HS2017,616,,,,textual,manual,,,1,1,,02_anexo_india_sa_2017.pdf
IND,expanded_2017,HS2017,617,,,,textual,manual,,,1,1,,02_anexo_india_sa_2017.pdf
IND,expanded_2017,HS2017,618,,,,textual,manual,,,1,1,,02_anexo_india_sa_2017.pdf
IND,expanded_2017,HS2017,619,,,,textual,manual,,,1,1,,02_anexo_india_sa_2017.pdf
IND,expanded_2017,HS2017,620,,,,textual,manual,,,1,1,,02_anexo_india_sa_2017.pdf
IND,expanded_2017,HS2017,621,,,,textual,manual,,,1,1,,02_anexo_india_sa_2017.pdf
IND,expanded_2017,HS2017,622,,,,textual,manual,,,1,1,,02_anexo_india_sa_2017.pdf
IND,expanded_2017,HS2017,623,,,,textual,manual,,,1,1,,02_anexo_india_sa_2017.pdf
IND,expanded_2017,HS2017,624,,,,textual,manual,,,1,1,,02_anexo_india_sa_2017.pdf
IND,expanded_2017,HS2017,625,,,,textual,manual,,,1,1,,02_anexo_india_sa_2017.pdf
IND,expanded_2017,HS2017,626,,,,textual,manual,,,1,1,,02_anexo_india_sa_2017.pdf
IND,expanded_2017,HS2017,627,,,,textual,manual,,,1,1,,02_anexo_india_sa_2017.pdf
IND,expanded_2017,HS2017,628,,,,textual,manual,,,1,1,,02_anexo_india_sa_2017.pdf
IND,expanded_2017,HS2017,629,,,,textual,manual,,,1,1,,02_anexo_india_sa_2017.pdf
IND,expanded_2017,HS2017,630,,,,textual,manual,,,1,1,,02_anexo_india_sa_2017.pdf
IND,expanded_2017,HS2017,631,,,,textual,manual,,,1,1,,02_anexo_india_sa_2017.pdf
IND,expanded_2017,HS2017,632,,,,textual,manual,,,1,1,,02_anexo_india_sa_2017.pdf
IND,expanded_2017,HS2017,633,,,,textual,manual,,,1,1,,02_anexo_india_sa_2017.pdf
IND,expanded_2017,HS2017,634,,,,textual,manual,,,1,1,,02_anexo_india_sa_2017.pdf
IND,expanded_2017,HS2017,635,,,,textual,manual,,,1,1,,02_anexo_india_sa_2017.pdf
IND,expanded_2017,HS2017,636,,,,textual,manual,,,1,1,,02_anexo_india_sa_2017.pdf
IND,expanded_2017,HS2017,637,,,,textual,manual,,,1,1,,02_anexo_india_sa_2017.pdf
IND,expanded_2017,HS2017,638,,,,textual,manual,,,1,1,,02_anexo_india_sa_2017.pdf
IND,expanded_2017,HS2017,639,,,,textual,manual,,,1,1,,02_anexo_india_sa_2017.pdf
IND,expanded_2017,HS2017,640,,,,textual,manual,,,1,1,,02_anexo_india_sa_2017.pdf
IND,expanded_2017,HS2017,641,,,,textual,manual,,,1,1,,02_anexo_india_sa_2017.pdf
IND,expanded_2017,HS2017,642,,,,textual,manual,,,1,1,,02_anexo_india_sa_2017.pdf
IND,expanded_2017,HS2017,643,,,,textual,manual,,,1,1,,02_anexo_india_sa_2017.pdf
IND,expanded_2017,HS2017,644,,,,textual,manual,,,1,1,,02_anexo_india_sa_2017.pdf
IND,expanded_2017,HS2017,645,,,,textual,manual,,,1,1,,02_anexo_india_sa_2017.pdf
IND,expanded_2017,HS2017,646,,,,textual,manual,,,1,1,,02_anexo_india_sa_2017.pdf
IND,expanded_2017,HS2017,647,,,,textual,manual,,,1,1,,02_anexo_india_sa_2017.pdf
IND,expanded_2017,HS2017,648,,,,textual,manual,,,1,1,,02_anexo_india_sa_2017.pdf
IND,expanded_2017,HS2017,649,,,,textual,manual,,,1,1,,02_anexo_india_sa_2017.pdf
IND,expanded_2017,HS2017,650,,,,textual,manual,,,1,1,,02_anexo_india_sa_2017.pdf
IND,expanded_2017,HS2017,651,,,,textual,manual,,,1,1,,02_anexo_india_sa_2017.pdf
IND,expanded_2017,HS2017,652,,,,textual,manual,,,1,1,,02_anexo_india_sa_2017.pdf
IND,expanded_2017,HS2017,653,,,,textual,manual,,,1,1,,02_anexo_india_sa_2017.pdf
IND,expanded_2017,HS2017,654,,,,textual,manual,,,1,1,,02_anexo_india_sa_2017.pdf
IND,expanded_2017,HS2017,655,,,,textual,manual,,,1,1,,02_anexo_india_sa_2017.pdf
IND,expanded_2017,HS2017,656,,,,textual,manual,,,1,1,,02_anexo_india_sa_2017.pdf
IND,expanded_2017,HS2017,657,,,,textual,manual,,,1,1,,02_anexo_india_sa_2017.pdf
IND,expanded_2017,HS2017,658,,,,textual,manual,,,1,1,,02_anexo_india_sa_2017.pdf
IND,expanded_2017,HS2017,659,,,,textual,manual,,,1,1,,02_anexo_india_sa_2017.pdf
IND,expanded_2017,HS2017,660,,,,textual,manual,,,1,1,,02_anexo_india_sa_2017.pdf
IND,expanded_2017,HS2017,661,,,,textual,manual,,,1,1,,02_anexo_india_sa_2017.pdf
IND,expanded_2017,HS2017,662,,,,textual,manual,,,1,1,,02_anexo_india_sa_2017.pdf
IND,expanded_2017,HS2017,663,,,,textual,manual,,,1,1,,02_anexo_india_sa_2017.pdf
IND,expanded_2017,HS2017,664,,,,textual,manual,,,1,1,,02_anexo_india_sa_2017.pdf
IND,expanded_2017,HS2017,665,,,,textual,manual,,,1,1,,02_anexo_india_sa_2017.pdf
IND,expanded_2017,HS2017,666,,,,textual,manual,,,1,1,,02_anexo_india_sa_2017.pdf
IND,expanded_2017,HS2017,667,,,,textual,manual,,,1,1,,02_anexo_india_sa_2017.pdf
IND,expanded_2017,HS2017,668,,,,textual,manual,,,1,1,,02_anexo_india_sa_2017.pdf
IND,expanded_2017,HS2017,669,,,,textual,manual,,,1,1,,02_anexo_india_sa_2017.pdf
IND,expanded_2017,HS2017,670,,,,textual,manual,,,1,1,,02_anexo_india_sa_2017.pdf
IND,expanded_2017,HS2017,671,,,,textual,manual,,,1,1,,02_anexo_india_sa_2017.pdf
IND,expanded_2017,HS2017,672,,,,textual,manual,,,1,1,,02_anexo_india_sa_2017.pdf
IND,expanded_2017,HS2017,673,,,,textual,manual,,,1,1,,02_anexo_india_sa_2017.pdf
IND,expanded_2017,HS2017,674,,,,textual,manual,,,1,1,,02_anexo_india_sa_2017.pdf
IND,expanded_2017,HS2017,675,,,,textual,manual,,,1,1,,02_anexo_india_sa_2017.pdf
IND,expanded_2017,HS2017,676,,,,textual,manual,,,1,1,,02_anexo_india_sa_2017.pdf
IND,expanded_2017,HS2017,677,,,,textual,manual,,,1,1,,02_anexo_india_sa_2017.pdf
IND,expanded_2017,HS2017,678,,,,textual,manual,,,1,1,,02_anexo_india_sa_2017.pdf
IND,expanded_2017,HS2017,679,,,,textual,manual,,,1,1,,02_anexo_india_sa_2017.pdf
IND,expanded_2017,HS2017,680,,,,textual,manual,,,1,1,,02_anexo_india_sa_2017.pdf
IND,expanded_2017,HS2017,681,,,,textual,manual,,,1,1,,02_anexo_india_sa_2017.pdf
IND,expanded_2017,HS2017,682,,,,textual,manual,,,1,1,,02_anexo_india_sa_2017.pdf
IND,expanded_2017,HS2017,683,,,,textual,manual,,,1,1,,02_anexo_india_sa_2017.pdf
IND,expanded_2017,HS2017,684,,,,textual,manual,,,1,1,,02_anexo_india_sa_2017.pdf
IND,expanded_2017,HS2017,685,,,,textual,manual,,,1,1,,02_anexo_india_sa_2017.pdf
IND,expanded_2017,HS2017,686,,,,textual,manual,,,1,1,,02_anexo_india_sa_2017.pdf
IND,expanded_2017,HS2017,687,,,,textual,manual,,,1,1,,02_anexo_india_sa_2017.pdf
IND,expanded_2017,HS2017,688,,,,textual,manual,,,1,1,,02_anexo_india_sa_2017.pdf
IND,expanded_2017,HS2017,689,,,,textual,manual,,,1,1,,02_anexo_india_sa_2017.pdf
IND,expanded_2017,HS2017,690,,,,textual,manual,,,1,1,,02_anexo_india_sa_2017.pdf
IND,expanded_2017,HS2017,691,,,,textual,manual,,,1,1,,02_anexo_india_sa_2017.pdf
IND,expanded_2017,HS2017,692,,,,textual,manual,,,1,1,,02_anexo_india_sa_2017.pdf
IND,expanded_2017,HS2017,693,,,,textual,manual,,,1,1,,02_anexo_india_sa_2017.pdf
IND,expanded_2017,HS2017,694,,,,textual,manual,,,1,1,,02_anexo_india_sa_2017.pdf
IND,expanded_2017,HS2017,695,,,,textual,manual,,,1,1,,02_anexo_india_sa_2017.pdf
IND,expanded_2017,HS2017,696,,,,textual,manual,,,1,1,,02_anexo_india_sa_2017.pdf
IND,expanded_2017,HS2017,697,,,,textual,manual,,,1,1,,02_anexo_india_sa_2017.pdf
IND,expanded_2017,HS2017,698,,,,textual,manual,,,1,1,,02_anexo_india_sa_2017.pdf
IND,expanded_2017,HS2017,699,,,,textual,manual,,,1,1,,02_anexo_india_sa_2017.pdf
IND,expanded_2017,HS2017,700,,,,textual,manual,,,1,1,,02_anexo_india_sa_2017.pdf
IND,expanded_2017,HS2017,701,,,,textual,manual,,,1,1,,02_anexo_india_sa_2017.pdf
IND,expanded_2017,HS2017,702,,,,textual,manual,,,1,1,,02_anexo_india_sa_2017.pdf
IND,expanded_2017,HS2017,703,,,,textual,manual,,,1,1,,02_anexo_india_sa_2017.pdf
IND,expanded_2017,HS2017,704,,,,textual,manual,,,1,1,,02_anexo_india_sa_2017.pdf
IND,expanded_2017,HS2017,705,,,,textual,manual,,,1,1,,02_anexo_india_sa_2017.pdf
IND,expanded_2017,HS2017,706,,,,textual,manual,,,1,1,,02_anexo_india_sa_2017.pdf
IND,expanded_2017,HS2017,707,,,,textual,manual,,,1,1,,02_anexo_india_sa_2017.pdf
IND,expanded_2017,HS2017,708,,,,textual,manual,,,1,1,,02_anexo_india_sa_2017.pdf
IND,expanded_2017,HS2017,709,,,,textual,manual,,,1,1,,02_anexo_india_sa_2017.pdf
IND,expanded_2017,HS2017,710,,,,textual,manual,,,1,1,,02_anexo_india_sa_2017.pdf
IND,expanded_2017,HS2017,711,,,,textual,manual,,,1,1,,02_anexo_india_sa_2017.pdf
IND,expanded_2017,HS2017,712,,,,textual,manual,,,1,1,,02_anexo_india_sa_2017.pdf
IND,expanded_2017,HS2017,713,,,,textual,manual,,,1,1,,02_anexo_india_sa_2017.pdf
IND,expanded_2017,HS2017,714,,,,textual,manual,,,1,1,,02_anexo_india_sa_2017.pdf
IND,expanded_2017,HS2017,715,,,,textual,manual,,,1,1,,02_anexo_india_sa_2017.pdf
IND,expanded_2017,HS2017,716,,,,textual,manual,,,1,1,,02_anexo_india_sa_2017.pdf
IND,expanded_2017,HS2017,717,,,,textual,manual,,,1,1,,02_anexo_india_sa_2017.pdf
IND,expanded_2017,HS2017,718,,,,textual,manual,,,1,1,,02_anexo_india_sa_2017.pdf
IND,expanded_2017,HS2017,719,,,,textual,manual,,,1,1,,02_anexo_india_sa_2017.pdf
IND,expanded_2017,HS2017,720,,,,textual,manual,,,1,1,,02_anexo_india_sa_2017.pdf
IND,expanded_2017,HS2017,721,,,,textual,manual,,,1,1,,02_anexo_india_sa_2017.pdf
IND,expanded_2017,HS2017,722,,,,textual,manual,,,1,1,,02_anexo_india_sa_2017.pdf
IND,expanded_2017,HS2017,723,,,,textual,manual,,,1,1,,02_anexo_india_sa_2017.pdf
IND,expanded_2017,HS2017,724,,,,textual,manual,,,1,1,,02_anexo_india_sa_2017.pdf
IND,expanded_2017,HS2017,725,,,,textual,manual,,,1,1,,02_anexo_india_sa_2017.pdf
IND,expanded_2017,HS2017,726,,,,textual,manual,,,1,1,,02_anexo_india_sa_2017.pdf
IND,expanded_2017,HS2017,727,,,,textual,manual,,,1,1,,02_anexo_india_sa_2017.pdf
IND,expanded_2017,HS2017,728,,,,textual,manual,,,1,1,,02_anexo_india_sa_2017.pdf
IND,expanded_2017,HS2017,729,,,,textual,manual,,,1,1,,02_anexo_india_sa_2017.pdf
IND,expanded_2017,HS2017,730,,,,textual,manual,,,1,1,,02_anexo_india_sa_2017.pdf
IND,expanded_2017,HS2017,731,,,,textual,manual,,,1,1,,02_anexo_india_sa_2017.pdf
IND,expanded_2017,HS2017,732,,,,textual,manual,,,1,1,,02_anexo_india_sa_2017.pdf
IND,expanded_2017,HS2017,733,,,,textual,manual,,,1,1,,02_anexo_india_sa_2017.pdf
IND,expanded_2017,HS2017,734,,,,textual,manual,,,1,1,,02_anexo_india_sa_2017.pdf
IND,expanded_2017,HS2017,735,,,,textual,manual,,,1,1,,02_anexo_india_sa_2017.pdf
IND,expanded_2017,HS2017,736,,,,textual,manual,,,1,1,,02_anexo_india_sa_2017.pdf
IND,expanded_2017,HS2017,737,,,,textual,manual,,,1,1,,02_anexo_india_sa_2017.pdf
IND,expanded_2017,HS2017,738,,,,textual,manual,,,1,1,,02_anexo_india_sa_2017.pdf
IND,expanded_2017,HS2017,739,,,,textual,manual,,,1,1,,02_anexo_india_sa_2017.pdf
IND,expanded_2017,HS2017,740,,,,textual,manual,,,1,1,,02_anexo_india_sa_2017.pdf
IND,expanded_2017,HS2017,741,,,,textual,manual,,,1,1,,02_anexo_india_sa_2017.pdf
IND,expanded_2017,HS2017,742,,,,textual,manual,,,1,1,,02_anexo_india_sa_2017.pdf
IND,expanded_2017,HS2017,743,,,,textual,manual,,,1,1,,02_anexo_india_sa_2017.pdf
IND,expanded_2017,HS2017,744,,,,textual,manual,,,1,1,,02_anexo_india_sa_2017.pdf
IND,expanded_2017,HS2017,745,,,,textual,manual,,,1,1,,02_anexo_india_sa_2017.pdf
IND,expanded_2017,HS2017,746,,,,textual,manual,,,1,1,,02_anexo_india_sa_2017.pdf
IND,expanded_2017,HS2017,747,,,,textual,manual,,,1,1,,02_anexo_india_sa_2017.pdf
IND,expanded_2017,HS2017,748,,,,textual,manual,,,1,1,,02_anexo_india_sa_2017.pdf
IND,expanded_2017,HS2017,749,,,,textual,manual,,,1,1,,02_anexo_india_sa_2017.pdf
IND,expanded_2017,HS2017,750,,,,textual,manual,,,1,1,,02_anexo_india_sa_2017.pdf
IND,expanded_2017,HS2017,751,,,,textual,manual,,,1,1,,02_anexo_india_sa_2017.pdf
IND,expanded_2017,HS2017,752,,,,textual,manual,,,1,1,,02_anexo_india_sa_2017.pdf
IND,expanded_2017,HS2017,753,,,,textual,manual,,,1,1,,02_anexo_india_sa_2017.pdf
IND,expanded_2017,HS2017,754,,,,textual,manual,,,1,1,,02_anexo_india_sa_2017.pdf
IND,expanded_2017,HS2017,755,,,,textual,manual,,,1,1,,02_anexo_india_sa_2017.pdf
IND,expanded_2017,HS2017,756,,,,textual,manual,,,1,1,,02_anexo_india_sa_2017.pdf
IND,expanded_2017,HS2017,757,,,,textual,manual,,,1,1,,02_anexo_india_sa_2017.pdf
IND,expanded_2017,HS2017,758,,,,textual,manual,,,1,1,,02_anexo_india_sa_2017.pdf
IND,expanded_2017,HS2017,759,,,,textual,manual,,,1,1,,02_anexo_india_sa_2017.pdf
IND,expanded_2017,HS2017,760,,,,textual,manual,,,1,1,,02_anexo_india_sa_2017.pdf
IND,expanded_2017,HS2017,761,,,,textual,manual,,,1,1,,02_anexo_india_sa_2017.pdf
IND,expanded_2017,HS2017,762,,,,textual,manual,,,1,1,,02_anexo_india_sa_2017.pdf
IND,expanded_2017,HS2017,763,,,,textual,manual,,,1,1,,02_anexo_india_sa_2017.pdf
IND,expanded_2017,HS2017,764,,,,textual,manual,,,1,1,,02_anexo_india_sa_2017.pdf
IND,expanded_2017,HS2017,765,,,,textual,manual,,,1,1,,02_anexo_india_sa_2017.pdf
IND,expanded_2017,HS2017,766,,,,textual,manual,,,1,1,,02_anexo_india_sa_2017.pdf
IND,expanded_2017,HS2017,767,,,,textual,manual,,,1,1,,02_anexo_india_sa_2017.pdf
IND,expanded_2017,HS2017,768,,,,textual,manual,,,1,1,,02_anexo_india_sa_2017.pdf
IND,expanded_2017,HS2017,769,,,,textual,manual,,,1,1,,02_anexo_india_sa_2017.pdf
IND,expanded_2017,HS2017,770,,,,textual,manual,,,1,1,,02_anexo_india_sa_2017.pdf
IND,expanded_2017,HS2017,771,,,,textual,manual,,,1,1,,02_anexo_india_sa_2017.pdf
IND,expanded_2017,HS2017,772,,,,textual,manual,,,1,1,,02_anexo_india_sa_2017.pdf
IND,expanded_2017,HS2017,773,,,,textual,manual,,,1,1,,02_anexo_india_sa_2017.pdf
IND,expanded_2017,HS2017,774,,,,textual,manual,,,1,1,,02_anexo_india_sa_2017.pdf
IND,expanded_2017,HS2017,775,,,,textual,manual,,,1,1,,02_anexo_india_sa_2017.pdf
IND,expanded_2017,HS2017,776,,,,textual,manual,,,1,1,,02_anexo_india_sa_2017.pdf
IND,expanded_2017,HS2017,777,,,,textual,manual,,,1,1,,02_anexo_india_sa_2017.pdf
IND,expanded_2017,HS2017,778,,,,textual,manual,,,1,1,,02_anexo_india_sa_2017.pdf
IND,expanded_2017,HS2017,779,,,,textual,manual,,,1,1,,02_anexo_india_sa_2017.pdf
IND,expanded_2017,HS2017,780,,,,textual,manual,,,1,1,,02_anexo_india_sa_2017.pdf
IND,expanded_2017,HS2017,781,,,,textual,manual,,,1,1,,02_anexo_india_sa_2017.pdf
IND,expanded_2017,HS2017,782,,,,textual,manual,,,1,1,,02_anexo_india_sa_2017.pdf
IND,expanded_2017,HS2017,783,,,,textual,manual,,,1,1,,02_anexo_india_sa_2017.pdf
IND,expanded_2017,HS2017,784,,,,textual,manual,,,1,1,,02_anexo_india_sa_2017.pdf
IND,expanded_2017,HS2017,785,,,,textual,manual,,,1,1,,02_anexo_india_sa_2017.pdf
IND,expanded_2017,HS2017,786,,,,textual,manual,,,1,1,,02_anexo_india_sa_2017.pdf
IND,expanded_2017,HS2017,787,,,,textual,manual,,,1,1,,02_anexo_india_sa_2017.pdf
IND,expanded_2017,HS2017,788,,,,textual,manual,,,1,1,,02_anexo_india_sa_2017.pdf
IND,expanded_2017,HS2017,789,,,,textual,manual,,,1,1,,02_anexo_india_sa_2017.pdf
IND,expanded_2017,HS2017,790,,,,textual,manual,,,1,1,,02_anexo_india_sa_2017.pdf
IND,expanded_2017,HS2017,791,,,,textual,manual,,,1,1,,02_anexo_india_sa_2017.pdf
IND,expanded_2017,HS2017,792,,,,textual,manual,,,1,1,,02_anexo_india_sa_2017.pdf
IND,expanded_2017,HS2017,793,,,,textual,manual,,,1,1,,02_anexo_india_sa_2017.pdf
IND,expanded_2017,HS2017,794,,,,textual,manual,,,1,1,,02_anexo_india_sa_2017.pdf
IND,expanded_2017,HS2017,795,,,,textual,manual,,,1,1,,02_anexo_india_sa_2017.pdf
IND,expanded_2017,HS2017,796,,,,textual,manual,,,1,1,,02_anexo_india_sa_2017.pdf
IND,expanded_2017,HS2017,797,,,,textual,manual,,,1,1,,02_anexo_india_sa_2017.pdf
IND,expanded_2017,HS2017,798,,,,textual,manual,,,1,1,,02_anexo_india_sa_2017.pdf
IND,expanded_2017,HS2017,799,,,,textual,manual,,,1,1,,02_anexo_india_sa_2017.pdf
IND,expanded_2017,HS2017,800,,,,textual,manual,,,1,1,,02_anexo_india_sa_2017.pdf
IND,expanded_2017,HS2017,801,,,,textual,manual,,,1,1,,02_anexo_india_sa_2017.pdf
IND,expanded_2017,HS2017,802,,,,textual,manual,,,1,1,,02_anexo_india_sa_2017.pdf
IND,expanded_2017,HS2017,803,,,,textual,manual,,,1,1,,02_anexo_india_sa_2017.pdf
IND,expanded_2017,HS2017,804,,,,textual,manual,,,1,1,,02_anexo_india_sa_2017.pdf
IND,expanded_2017,HS2017,805,,,,textual,manual,,,1,1,,02_anexo_india_sa_2017.pdf
IND,expanded_2017,HS2017,806,,,,textual,manual,,,1,1,,02_anexo_india_sa_2017.pdf
IND,expanded_2017,HS2017,807,,,,textual,manual,,,1,1,,02_anexo_india_sa_2017.pdf
IND,expanded_2017,HS2017,808,,,,textual,manual,,,1,1,,02_anexo_india_sa_2017.pdf
IND,expanded_2017,HS2017,809,,,,textual,manual,,,1,1,,02_anexo_india_sa_2017.pdf
IND,expanded_2017,HS2017,810,,,,textual,manual,,,1,1,,02_anexo_india_sa_2017.pdf
IND,expanded_2017,HS2017,811,,,,textual,manual,,,1,1,,02_anexo_india_sa_2017.pdf
IND,expanded_2017,HS2017,812,,,,textual,manual,,,1,1,,02_anexo_india_sa_2017.pdf
IND,expanded_2017,HS2017,813,,,,textual,manual,,,1,1,,02_anexo_india_sa_2017.pdf
IND,expanded_2017,HS2017,814,,,,textual,manual,,,1,1,,02_anexo_india_sa_2017.pdf
IND,expanded_2017,HS2017,815,,,,textual,manual,,,1,1,,02_anexo_india_sa_2017.pdf
IND,expanded_2017,HS2017,816,,,,textual,manual,,,1,1,,02_anexo_india_sa_2017.pdf
IND,expanded_2017,HS2017,817,,,,textual,manual,,,1,1,,02_anexo_india_sa_2017.pdf
IND,expanded_2017,HS2017,818,,,,textual,manual,,,1,1,,02_anexo_india_sa_2017.pdf
IND,expanded_2017,HS2017,819,,,,textual,manual,,,1,1,,02_anexo_india_sa_2017.pdf
IND,expanded_2017,HS2017,820,,,,textual,manual,,,1,1,,02_anexo_india_sa_2017.pdf
IND,expanded_2017,HS2017,821,,,,textual,manual,,,1,1,,02_anexo_india_sa_2017.pdf
IND,expanded_2017,HS2017,822,,,,textual,manual,,,1,1,,02_anexo_india_sa_2017.pdf
IND,expanded_2017,HS2017,823,,,,textual,manual,,,1,1,,02_anexo_india_sa_2017.pdf
IND,expanded_2017,HS2017,824,,,,textual,manual,,,1,1,,02_anexo_india_sa_2017.pdf
IND,expanded_2017,HS2017,825,,,,textual,manual,,,1,1,,02_anexo_india_sa_2017.pdf
IND,expanded_2017,HS2017,826,,,,textual,manual,,,1,1,,02_anexo_india_sa_2017.pdf
IND,expanded_2017,HS2017,827,,,,textual,manual,,,1,1,,02_anexo_india_sa_2017.pdf
IND,expanded_2017,HS2017,828,,,,textual,manual,,,1,1,,02_anexo_india_sa_2017.pdf
IND,expanded_2017,HS2017,829,,,,textual,manual,,,1,1,,02_anexo_india_sa_2017.pdf
IND,expanded_2017,HS2017,830,,,,textual,manual,,,1,1,,02_anexo_india_sa_2017.pdf
IND,expanded_2017,HS2017,831,,,,textual,manual,,,1,1,,02_anexo_india_sa_2017.pdf
IND,expanded_2017,HS2017,832,,,,textual,manual,,,1,1,,02_anexo_india_sa_2017.pdf
IND,expanded_2017,HS2017,833,,,,textual,manual,,,1,1,,02_anexo_india_sa_2017.pdf
IND,expanded_2017,HS2017,834,,,,textual,manual,,,1,1,,02_anexo_india_sa_2017.pdf
IND,expanded_2017,HS2017,835,,,,textual,manual,,,1,1,,02_anexo_india_sa_2017.pdf
IND,expanded_2017,HS2017,836,,,,textual,manual,,,1,1,,02_anexo_india_sa_2017.pdf
IND,expanded_2017,HS2017,837,,,,textual,manual,,,1,1,,02_anexo_india_sa_2017.pdf
IND,expanded_2017,HS2017,838,,,,textual,manual,,,1,1,,02_anexo_india_sa_2017.pdf
IND,expanded_2017,HS2017,839,,,,textual,manual,,,1,1,,02_anexo_india_sa_2017.pdf
IND,expanded_2017,HS2017,840,,,,textual,manual,,,1,1,,02_anexo_india_sa_2017.pdf
IND,expanded_2017,HS2017,841,,,,textual,manual,,,1,1,,02_anexo_india_sa_2017.pdf
IND,expanded_2017,HS2017,842,,,,textual,manual,,,1,1,,02_anexo_india_sa_2017.pdf
IND,expanded_2017,HS2017,843,,,,textual,manual,,,1,1,,02_anexo_india_sa_2017.pdf
IND,expanded_2017,HS2017,844,,,,textual,manual,,,1,1,,02_anexo_india_sa_2017.pdf
IND,expanded_2017,HS2017,845,,,,textual,manual,,,1,1,,02_anexo_india_sa_2017.pdf
IND,expanded_2017,HS2017,846,,,,textual,manual,,,1,1,,02_anexo_india_sa_2017.pdf
IND,expanded_2017,HS2017,847,,,,textual,manual,,,1,1,,02_anexo_india_sa_2017.pdf
IND,expanded_2017,HS2017,848,,,,textual,manual,,,1,1,,02_anexo_india_sa_2017.pdf
IND,expanded_2017,HS2017,849,,,,textual,manual,,,1,1,,02_anexo_india_sa_2017.pdf
IND,expanded_2017,HS2017,850,,,,textual,manual,,,1,1,,02_anexo_india_sa_2017.pdf
IND,expanded_2017,HS2017,851,,,,textual,manual,,,1,1,,02_anexo_india_sa_2017.pdf
IND,expanded_2017,HS2017,852,,,,textual,manual,,,1,1,,02_anexo_india_sa_2017.pdf
IND,expanded_2017,HS2017,853,,,,textual,manual,,,1,1,,02_anexo_india_sa_2017.pdf
IND,expanded_2017,HS2017,854,,,,textual,manual,,,1,1,,02_anexo_india_sa_2017.pdf
IND,expanded_2017,HS2017,855,,,,textual,manual,,,1,1,,02_anexo_india_sa_2017.pdf
IND,expanded_2017,HS2017,856,,,,textual,manual,,,1,1,,02_anexo_india_sa_2017.pdf
IND,expanded_2017,HS2017,857,,,,textual,manual,,,1,1,,02_anexo_india_sa_2017.pdf
IND,expanded_2017,HS2017,858,,,,textual,manual,,,1,1,,02_anexo_india_sa_2017.pdf
IND,expanded_2017,HS2017,859,,,,textual,manual,,,1,1,,02_anexo_india_sa_2017.pdf
IND,expanded_2017,HS2017,860,,,,textual,manual,,,1,1,,02_anexo_india_sa_2017.pdf
IND,expanded_2017,HS2017,861,,,,textual,manual,,,1,1,,02_anexo_india_sa_2017.pdf
IND,expanded_2017,HS2017,862,,,,textual,manual,,,1,1,,02_anexo_india_sa_2017.pdf
IND,expanded_2017,HS2017,863,,,,textual,manual,,,1,1,,02_anexo_india_sa_2017.pdf
IND,expanded_2017,HS2017,864,,,,textual,manual,,,1,1,,02_anexo_india_sa_2017.pdf
IND,expanded_2017,HS2017,865,,,,textual,manual,,,1,1,,02_anexo_india_sa_2017.pdf
IND,expanded_2017,HS2017,866,,,,textual,manual,,,1,1,,02_anexo_india_sa_2017.pdf
IND,expanded_2017,HS2017,867,,,,textual,manual,,,1,1,,02_anexo_india_sa_2017.pdf
IND,expanded_2017,HS2017,868,,,,textual,manual,,,1,1,,02_anexo_india_sa_2017.pdf
IND,expanded_2017,HS2017,869,,,,textual,manual,,,1,1,,02_anexo_india_sa_2017.pdf
IND,expanded_2017,HS2017,870,,,,textual,manual,,,1,1,,02_anexo_india_sa_2017.pdf
IND,expanded_2017,HS2017,871,,,,textual,manual,,,1,1,,02_anexo_india_sa_2017.pdf
IND,expanded_2017,HS2017,872,,,,textual,manual,,,1,1,,02_anexo_india_sa_2017.pdf
IND,expanded_2017,HS2017,873,,,,textual,manual,,,1,1,,02_anexo_india_sa_2017.pdf
IND,expanded_2017,HS2017,874,,,,textual,manual,,,1,1,,02_anexo_india_sa_2017.pdf
IND,expanded_2017,HS2017,875,,,,textual,manual,,,1,1,,02_anexo_india_sa_2017.pdf
IND,expanded_2017,HS2017,876,,,,textual,manual,,,1,1,,02_anexo_india_sa_2017.pdf
IND,expanded_2017,HS2017,877,,,,textual,manual,,,1,1,,02_anexo_india_sa_2017.pdf
IND,expanded_2017,HS2017,878,,,,textual,manual,,,1,1,,02_anexo_india_sa_2017.pdf
IND,expanded_2017,HS2017,879,,,,textual,manual,,,1,1,,02_anexo_india_sa_2017.pdf
IND,expanded_2017,HS2017,880,,,,textual,manual,,,1,1,,02_anexo_india_sa_2017.pdf
IND,expanded_2017,HS2017,881,,,,textual,manual,,,1,1,,02_anexo_india_sa_2017.pdf
IND,expanded_2017,HS2017,882,,,,textual,manual,,,1,1,,02_anexo_india_sa_2017.pdf
IND,expanded_2017,HS2017,883,,,,textual,manual,,,1,1,,02_anexo_india_sa_2017.pdf
IND,expanded_2017,HS2017,884,,,,textual,manual,,,1,1,,02_anexo_india_sa_2017.pdf
IND,expanded_2017,HS2017,885,,,,textual,manual,,,1,1,,02_anexo_india_sa_2017.pdf
IND,expanded_2017,HS2017,886,,,,textual,manual,,,1,1,,02_anexo_india_sa_2017.pdf
IND,expanded_2017,HS2017,887,,,,textual,manual,,,1,1,,02_anexo_india_sa_2017.pdf
IND,expanded_2017,HS2017,888,,,,textual,manual,,,1,1,,02_anexo_india_sa_2017.pdf
IND,expanded_2017,HS2017,889,,,,textual,manual,,,1,1,,02_anexo_india_sa_2017.pdf
IND,expanded_2017,HS2017,890,,,,textual,manual,,,1,1,,02_anexo_india_sa_2017.pdf
IND,expanded_2017,HS2017,891,,,,textual,manual,,,1,1,,02_anexo_india_sa_2017.pdf
IND,expanded_2017,HS2017,892,,,,textual,manual,,,1,1,,02_anexo_india_sa_2017.pdf
IND,expanded_2017,HS2017,893,,,,textual,manual,,,1,1,,02_anexo_india_sa_2017.pdf
IND,expanded_2017,HS2017,894,,,,textual,manual,,,1,1,,02_anexo_india_sa_2017.pdf
IND,expanded_2017,HS2017,895,,,,textual,manual,,,1,1,,02_anexo_india_sa_2017.pdf
IND,expanded_2017,HS2017,896,,,,textual,manual,,,1,1,,02_anexo_india_sa_2017.pdf
IND,expanded_2017,HS2017,897,,,,textual,manual,,,1,1,,02_anexo_india_sa_2017.pdf
IND,expanded_2017,HS2017,898,,,,textual,manual,,,1,1,,02_anexo_india_sa_2017.pdf
IND,expanded_2017,HS2017,899,,,,textual,manual,,,1,1,,02_anexo_india_sa_2017.pdf
IND,expanded_2017,HS2017,900,,,,textual,manual,,,1,1,,02_anexo_india_sa_2017.pdf
IND,expanded_2017,HS2017,901,,,,textual,manual,,,1,1,,02_anexo_india_sa_2017.pdf
IND,expanded_2017,HS2017,902,,,,textual,manual,,,1,1,,02_anexo_india_sa_2017.pdf
IND,expanded_2017,HS2017,903,,,,textual,manual,,,1,1,,02_anexo_india_sa_2017.pdf
IND,expanded_2017,HS2017,904,,,,textual,manual,,,1,1,,02_anexo_india_sa_2017.pdf
IND,expanded_2017,HS2017,905,,,,textual,manual,,,1,1,,02_anexo_india_sa_2017.pdf
IND,expanded_2017,HS2017,906,,,,textual,manual,,,1,1,,02_anexo_india_sa_2017.pdf
IND,expanded_2017,HS2017,907,,,,textual,manual,,,1,1,,02_anexo_india_sa_2017.pdf
IND,expanded_2017,HS2017,908,,,,textual,manual,,,1,1,,02_anexo_india_sa_2017.pdf
IND,expanded_2017,HS2017,909,,,,textual,manual,,,1,1,,02_anexo_india_sa_2017.pdf
IND,expanded_2017,HS2017,910,,,,textual,manual,,,1,1,,02_anexo_india_sa_2017.pdf
IND,expanded_2017,HS2017,911,,,,textual,manual,,,1,1,,02_anexo_india_sa_2017.pdf
IND,expanded_2017,HS2017,912,,,,textual,manual,,,1,1,,02_anexo_india_sa_2017.pdf
IND,expanded_2017,HS2017,913,,,,textual,manual,,,1,1,,02_anexo_india_sa_2017.pdf
IND,expanded_2017,HS2017,914,,,,textual,manual,,,1,1,,02_anexo_india_sa_2017.pdf
IND,expanded_2017,HS2017,915,,,,textual,manual,,,1,1,,02_anexo_india_sa_2017.pdf
IND,expanded_2017,HS2017,916,,,,textual,manual,,,1,1,,02_anexo_india_sa_2017.pdf
IND,expanded_2017,HS2017,917,,,,textual,manual,,,1,1,,02_anexo_india_sa_2017.pdf
IND,expanded_2017,HS2017,918,,,,textual,manual,,,1,1,,02_anexo_india_sa_2017.pdf
IND,expanded_2017,HS2017,919,,,,textual,manual,,,1,1,,02_anexo_india_sa_2017.pdf
IND,expanded_2017,HS2017,920,,,,textual,manual,,,1,1,,02_anexo_india_sa_2017.pdf
IND,expanded_2017,HS2017,921,,,,textual,manual,,,1,1,,02_anexo_india_sa_2017.pdf
IND,expanded_2017,HS2017,922,,,,textual,manual,,,1,1,,02_anexo_india_sa_2017.pdf
IND,expanded_2017,HS2017,923,,,,textual,manual,,,1,1,,02_anexo_india_sa_2017.pdf
IND,expanded_2017,HS2017,924,,,,textual,manual,,,1,1,,02_anexo_india_sa_2017.pdf
IND,expanded_2017,HS2017,925,,,,textual,manual,,,1,1,,02_anexo_india_sa_2017.pdf
IND,expanded_2017,HS2017,926,,,,textual,manual,,,1,1,,02_anexo_india_sa_2017.pdf
IND,expanded_2017,HS2017,927,,,,textual,manual,,,1,1,,02_anexo_india_sa_2017.pdf
IND,expanded_2017,HS2017,928,,,,textual,manual,,,1,1,,02_anexo_india_sa_2017.pdf
IND,expanded_2017,HS2017,929,,,,textual,manual,,,1,1,,02_anexo_india_sa_2017.pdf
IND,expanded_2017,HS2017,930,,,,textual,manual,,,1,1,,02_anexo_india_sa_2017.pdf
IND,expanded_2017,HS2017,931,,,,textual,manual,,,1,1,,02_anexo_india_sa_2017.pdf
IND,expanded_2017,HS2017,932,,,,textual,manual,,,1,1,,02_anexo_india_sa_2017.pdf
IND,expanded_2017,HS2017,933,,,,textual,manual,,,1,1,,02_anexo_india_sa_2017.pdf
IND,expanded_2017,HS2017,934,,,,textual,manual,,,1,1,,02_anexo_india_sa_2017.pdf
IND,expanded_2017,HS2017,935,,,,textual,manual,,,1,1,,02_anexo_india_sa_2017.pdf
IND,expanded_2017,HS2017,936,,,,textual,manual,,,1,1,,02_anexo_india_sa_2017.pdf
IND,expanded_2017,HS2017,937,,,,textual,manual,,,1,1,,02_anexo_india_sa_2017.pdf
IND,expanded_2017,HS2017,938,,,,textual,manual,,,1,1,,02_anexo_india_sa_2017.pdf
IND,expanded_2017,HS2017,939,,,,textual,manual,,,1,1,,02_anexo_india_sa_2017.pdf
IND,expanded_2017,HS2017,940,,,,textual,manual,,,1,1,,02_anexo_india_sa_2017.pdf
IND,expanded_2017,HS2017,941,,,,textual,manual,,,1,1,,02_anexo_india_sa_2017.pdf
IND,expanded_2017,HS2017,942,,,,textual,manual,,,1,1,,02_anexo_india_sa_2017.pdf
IND,expanded_2017,HS2017,943,,,,textual,manual,,,1,1,,02_anexo_india_sa_2017.pdf
IND,expanded_2017,HS2017,944,,,,textual,manual,,,1,1,,02_anexo_india_sa_2017.pdf
IND,expanded_2017,HS2017,945,,,,textual,manual,,,1,1,,02_anexo_india_sa_2017.pdf
IND,expanded_2017,HS2017,946,,,,textual,manual,,,1,1,,02_anexo_india_sa_2017.pdf
IND,expanded_2017,HS2017,947,,,,textual,manual,,,1,1,,02_anexo_india_sa_2017.pdf
IND,expanded_2017,HS2017,948,,,,textual,manual,,,1,1,,02_anexo_india_sa_2017.pdf
IND,expanded_2017,HS2017,949,,,,textual,manual,,,1,1,,02_anexo_india_sa_2017.pdf
IND,expanded_2017,HS2017,950,,,,textual,manual,,,1,1,,02_anexo_india_sa_2017.pdf
IND,expanded_2017,HS2017,951,,,,textual,manual,,,1,1,,02_anexo_india_sa_2017.pdf
IND,expanded_2017,HS2017,952,,,,textual,manual,,,1,1,,02_anexo_india_sa_2017.pdf
IND,expanded_2017,HS2017,953,,,,textual,manual,,,1,1,,02_anexo_india_sa_2017.pdf
IND,expanded_2017,HS2017,954,,,,textual,manual,,,1,1,,02_anexo_india_sa_2017.pdf
IND,expanded_2017,HS2017,955,,,,textual,manual,,,1,1,,02_anexo_india_sa_2017.pdf
IND,expanded_2017,HS2017,956,,,,textual,manual,,,1,1,,02_anexo_india_sa_2017.pdf
IND,expanded_2017,HS2017,957,,,,textual,manual,,,1,1,,02_anexo_india_sa_2017.pdf
IND,expanded_2017,HS2017,958,,,,textual,manual,,,1,1,,02_anexo_india_sa_2017.pdf
IND,expanded_2017,HS2017,959,,,,textual,manual,,,1,1,,02_anexo_india_sa_2017.pdf
IND,expanded_2017,HS2017,960,,,,textual,manual,,,1,1,,02_anexo_india_sa_2017.pdf
IND,expanded_2017,HS2017,961,,,,textual,manual,,,1,1,,02_anexo_india_sa_2017.pdf
IND,expanded_2017,HS2017,962,,,,textual,manual,,,1,1,,02_anexo_india_sa_2017.pdf
IND,expanded_2017,HS2017,963,,,,textual,manual,,,1,1,,02_anexo_india_sa_2017.pdf
IND,expanded_2017,HS2017,964,,,,textual,manual,,,1,1,,02_anexo_india_sa_2017.pdf
IND,expanded_2017,HS2017,965,,,,textual,manual,,,1,1,,02_anexo_india_sa_2017.pdf
IND,expanded_2017,HS2017,966,,,,textual,manual,,,1,1,,02_anexo_india_sa_2017.pdf
IND,expanded_2017,HS2017,967,,,,textual,manual,,,1,1,,02_anexo_india_sa_2017.pdf
IND,expanded_2017,HS2017,968,,,,textual,manual,,,1,1,,02_anexo_india_sa_2017.pdf
IND,expanded_2017,HS2017,969,,,,textual,manual,,,1,1,,02_anexo_india_sa_2017.pdf
IND,expanded_2017,HS2017,970,,,,textual,manual,,,1,1,,02_anexo_india_sa_2017.pdf
IND,expanded_2017,HS2017,971,,,,textual,manual,,,1,1,,02_anexo_india_sa_2017.pdf
IND,expanded_2017,HS2017,972,,,,textual,manual,,,1,1,,02_anexo_india_sa_2017.pdf
IND,expanded_2017,HS2017,973,,,,textual,manual,,,1,1,,02_anexo_india_sa_2017.pdf
IND,expanded_2017,HS2017,974,,,,textual,manual,,,1,1,,02_anexo_india_sa_2017.pdf
IND,expanded_2017,HS2017,975,,,,textual,manual,,,1,1,,02_anexo_india_sa_2017.pdf
IND,expanded_2017,HS2017,976,,,,textual,manual,,,1,1,,02_anexo_india_sa_2017.pdf
IND,expanded_2017,HS2017,977,,,,textual,manual,,,1,1,,02_anexo_india_sa_2017.pdf
IND,expanded_2017,HS2017,978,,,,textual,manual,,,1,1,,02_anexo_india_sa_2017.pdf
IND,expanded_2017,HS2017,979,,,,textual,manual,,,1,1,,02_anexo_india_sa_2017.pdf
IND,expanded_2017,HS2017,980,,,,textual,manual,,,1,1,,02_anexo_india_sa_2017.pdf
IND,expanded_2017,HS2017,981,,,,textual,manual,,,1,1,,02_anexo_india_sa_2017.pdf
IND,expanded_2017,HS2017,982,,,,textual,manual,,,1,1,,02_anexo_india_sa_2017.pdf
IND,expanded_2017,HS2017,983,,,,textual,manual,,,1,1,,02_anexo_india_sa_2017.pdf
IND,expanded_2017,HS2017,984,,,,textual,manual,,,1,1,,02_anexo_india_sa_2017.pdf
IND,expanded_2017,HS2017,985,,,,textual,manual,,,1,1,,02_anexo_india_sa_2017.pdf
IND,expanded_2017,HS2017,986,,,,textual,manual,,,1,1,,02_anexo_india_sa_2017.pdf
IND,expanded_2017,HS2017,987,,,,textual,manual,,,1,1,,02_anexo_india_sa_2017.pdf
IND,expanded_2017,HS2017,988,,,,textual,manual,,,1,1,,02_anexo_india_sa_2017.pdf
IND,expanded_2017,HS2017,989,,,,textual,manual,,,1,1,,02_anexo_india_sa_2017.pdf
IND,expanded_2017,HS2017,990,,,,textual,manual,,,1,1,,02_anexo_india_sa_2017.pdf
IND,expanded_2017,HS2017,991,,,,textual,manual,,,1,1,,02_anexo_india_sa_2017.pdf
IND,expanded_2017,HS2017,992,,,,textual,manual,,,1,1,,02_anexo_india_sa_2017.pdf
IND,expanded_2017,HS2017,993,,,,textual,manual,,,1,1,,02_anexo_india_sa_2017.pdf
IND,expanded_2017,HS2017,994,,,,textual,manual,,,1,1,,02_anexo_india_sa_2017.pdf
IND,expanded_2017,HS2017,995,,,,textual,manual,,,1,1,,02_anexo_india_sa_2017.pdf
IND,expanded_2017,HS2017,996,,,,textual,manual,,,1,1,,02_anexo_india_sa_2017.pdf
IND,expanded_2017,HS2017,997,,,,textual,manual,,,1,1,,02_anexo_india_sa_2017.pdf
IND,expanded_2017,HS2017,998,,,,textual,manual,,,1,1,,02_anexo_india_sa_2017.pdf
IND,expanded_2017,HS2017,999,,,,textual,manual,,,1,1,,02_anexo_india_sa_2017.pdf
IND,expanded_2017,HS2017,1000,,,,textual,manual,,,1,1,,02_anexo_india_sa_2017.pdf
IND,expanded_2017,HS2017,1001,,,,textual,manual,,,1,1,,02_anexo_india_sa_2017.pdf
IND,expanded_2017,HS2017,1002,,,,textual,manual,,,1,1,,02_anexo_india_sa_2017.pdf
IND,expanded_2017,HS2017,1003,,,,textual,manual,,,1,1,,02_anexo_india_sa_2017.pdf
IND,expanded_2017,HS2017,1004,,,,textual,manual,,,1,1,,02_anexo_india_sa_2017.pdf
IND,expanded_2017,HS2017,1005,,,,textual,manual,,,1,1,,02_anexo_india_sa_2017.pdf
IND,expanded_2017,HS2017,1006,,,,textual,manual,,,1,1,,02_anexo_india_sa_2017.pdf
IND,expanded_2017,HS2017,1007,,,,textual,manual,,,1,1,,02_anexo_india_sa_2017.pdf
IND,expanded_2017,HS2017,1008,,,,textual,manual,,,1,1,,02_anexo_india_sa_2017.pdf
IND,expanded_2017,HS2017,1009,,,,textual,manual,,,1,1,,02_anexo_india_sa_2017.pdf
IND,expanded_2017,HS2017,1010,,,,textual,manual,,,1,1,,02_anexo_india_sa_2017.pdf
IND,expanded_2017,HS2017,1011,,,,textual,manual,,,1,1,,02_anexo_india_sa_2017.pdf
IND,expanded_2017,HS2017,1012,,,,textual,manual,,,1,1,,02_anexo_india_sa_2017.pdf
IND,expanded_2017,HS2017,1013,,,,textual,manual,,,1,1,,02_anexo_india_sa_2017.pdf
IND,expanded_2017,HS2017,1014,,,,textual,manual,,,1,1,,02_anexo_india_sa_2017.pdf
IND,expanded_2017,HS2017,1015,,,,textual,manual,,,1,1,,02_anexo_india_sa_2017.pdf
IND,expanded_2017,HS2017,1016,,,,textual,manual,,,1,1,,02_anexo_india_sa_2017.pdf
IND,expanded_2017,HS2017,1017,,,,textual,manual,,,1,1,,02_anexo_india_sa_2017.pdf
IND,expanded_2017,HS2017,1018,,,,textual,manual,,,1,1,,02_anexo_india_sa_2017.pdf
IND,expanded_2017,HS2017,1019,,,,textual,manual,,,1,1,,02_anexo_india_sa_2017.pdf
IND,expanded_2017,HS2017,1020,,,,textual,manual,,,1,1,,02_anexo_india_sa_2017.pdf
IND,expanded_2017,HS2017,1021,,,,textual,manual,,,1,1,,02_anexo_india_sa_2017.pdf
IND,expanded_2017,HS2017,1022,,,,textual,manual,,,1,1,,02_anexo_india_sa_2017.pdf
IND,expanded_2017,HS2017,1023,,,,textual,manual,,,1,1,,02_anexo_india_sa_2017.pdf
IND,expanded_2017,HS2017,1024,,,,textual,manual,,,1,1,,02_anexo_india_sa_2017.pdf
IND,expanded_2017,HS2017,1025,,,,textual,manual,,,1,1,,02_anexo_india_sa_2017.pdf
IND,expanded_2017,HS2017,1026,,,,textual,manual,,,1,1,,02_anexo_india_sa_2017.pdf
IND,expanded_2017,HS2017,1027,,,,textual,manual,,,1,1,,02_anexo_india_sa_2017.pdf
IND,expanded_2017,HS2017,1028,,,,textual,manual,,,1,1,,02_anexo_india_sa_2017.pdf
IND,expanded_2017,HS2017,1029,,,,textual,manual,,,1,1,,02_anexo_india_sa_2017.pdf
IND,expanded_2017,HS2017,1030,,,,textual,manual,,,1,1,,02_anexo_india_sa_2017.pdf
IND,expanded_2017,HS2017,1031,,,,textual,manual,,,1,1,,02_anexo_india_sa_2017.pdf
IND,expanded_2017,HS2017,1032,,,,textual,manual,,,1,1,,02_anexo_india_sa_2017.pdf
IND,expanded_2017,HS2017,1033,,,,textual,manual,,,1,1,,02_anexo_india_sa_2017.pdf
IND,expanded_2017,HS2017,1034,,,,textual,manual,,,1,1,,02_anexo_india_sa_2017.pdf
IND,expanded_2017,HS2017,1035,,,,textual,manual,,,1,1,,02_anexo_india_sa_2017.pdf
IND,expanded_2017,HS2017,1036,,,,textual,manual,,,1,1,,02_anexo_india_sa_2017.pdf
IND,expanded_2017,HS2017,1037,,,,textual,manual,,,1,1,,02_anexo_india_sa_2017.pdf
IND,expanded_2017,HS2017,1038,,,,textual,manual,,,1,1,,02_anexo_india_sa_2017.pdf
IND,expanded_2017,HS2017,1039,,,,textual,manual,,,1,1,,02_anexo_india_sa_2017.pdf
IND,expanded_2017,HS2017,1040,,,,textual,manual,,,1,1,,02_anexo_india_sa_2017.pdf
IND,expanded_2017,HS2017,1041,,,,textual,manual,,,1,1,,02_anexo_india_sa_2017.pdf
IND,expanded_2017,HS2017,1042,,,,textual,manual,,,1,1,,02_anexo_india_sa_2017.pdf
IND,expanded_2017,HS2017,1043,,,,textual,manual,,,1,1,,02_anexo_india_sa_2017.pdf
IND,expanded_2017,HS2017,1044,,,,textual,manual,,,1,1,,02_anexo_india_sa_2017.pdf
IND,expanded_2017,HS2017,1045,,,,textual,manual,,,1,1,,02_anexo_india_sa_2017.pdf
IND,expanded_2017,HS2017,1046,,,,textual,manual,,,1,1,,02_anexo_india_sa_2017.pdf
IND,expanded_2017,HS2017,1047,,,,textual,manual,,,1,1,,02_anexo_india_sa_2017.pdf
IND,expanded_2017,HS2017,1048,,,,textual,manual,,,1,1,,02_anexo_india_sa_2017.pdf
IND,expanded_2017,HS2017,1049,,,,textual,manual,,,1,1,,02_anexo_india_sa_2017.pdf
IND,expanded_2017,HS2017,1050,,,,textual,manual,,,1,1,,02_anexo_india_sa_2017.pdf
IND,expanded_2017,HS2017,1051,,,,textual,manual,,,1,1,,02_anexo_india_sa_2017.pdf
IND,expanded_2017,HS2017,1052,,,,textual,manual,,,1,1,,02_anexo_india_sa_2017.pdf
IND,expanded_2017,HS2017,1053,,,,textual,manual,,,1,1,,02_anexo_india_sa_2017.pdf
IND,expanded_2017,HS2017,1054,,,,textual,manual,,,1,1,,02_anexo_india_sa_2017.pdf
IND,expanded_2017,HS2017,1055,,,,textual,manual,,,1,1,,02_anexo_india_sa_2017.pdf
IND,expanded_2017,HS2017,1056,,,,textual,manual,,,1,1,,02_anexo_india_sa_2017.pdf
IND,expanded_2017,HS2017,1057,,,,textual,manual,,,1,1,,02_anexo_india_sa_2017.pdf
IND,expanded_2017,HS2017,1058,,,,textual,manual,,,1,1,,02_anexo_india_sa_2017.pdf
IND,expanded_2017,HS2017,1059,,,,textual,manual,,,1,1,,02_anexo_india_sa_2017.pdf
IND,expanded_2017,HS2017,1060,,,,textual,manual,,,1,1,,02_anexo_india_sa_2017.pdf
IND,expanded_2017,HS2017,1061,,,,textual,manual,,,1,1,,02_anexo_india_sa_2017.pdf
IND,expanded_2017,HS2017,1062,,,,textual,manual,,,1,1,,02_anexo_india_sa_2017.pdf
IND,expanded_2017,HS2017,1063,,,,textual,manual,,,1,1,,02_anexo_india_sa_2017.pdf
IND,expanded_2017,HS2017,1064,,,,textual,manual,,,1,1,,02_anexo_india_sa_2017.pdf
IND,expanded_2017,HS2017,1065,,,,textual,manual,,,1,1,,02_anexo_india_sa_2017.pdf
IND,expanded_2017,HS2017,1066,,,,textual,manual,,,1,1,,02_anexo_india_sa_2017.pdf
IND,expanded_2017,HS2017,1067,,,,textual,manual,,,1,1,,02_anexo_india_sa_2017.pdf
IND,expanded_2017,HS2017,1068,,,,textual,manual,,,1,1,,02_anexo_india_sa_2017.pdf
IND,expanded_2017,HS2017,1069,,,,textual,manual,,,1,1,,02_anexo_india_sa_2017.pdf
IND,expanded_2017,HS2017,1070,,,,textual,manual,,,1,1,,02_anexo_india_sa_2017.pdf
IND,expanded_2017,HS2017,1071,,,,textual,manual,,,1,1,,02_anexo_india_sa_2017.pdf
IND,expanded_2017,HS2017,1072,,,,textual,manual,,,1,1,,02_anexo_india_sa_2017.pdf
IND,expanded_2017,HS2017,1073,,,,textual,manual,,,1,1,,02_anexo_india_sa_2017.pdf
IND,expanded_2017,HS2017,1074,,,,textual,manual,,,1,1,,02_anexo_india_sa_2017.pdf
IND,expanded_2017,HS2017,1075,,,,textual,manual,,,1,1,,02_anexo_india_sa_2017.pdf
IND,expanded_2017,HS2017,1076,,,,textual,manual,,,1,1,,02_anexo_india_sa_2017.pdf
IND,expanded_2017,HS2017,1077,,,,textual,manual,,,1,1,,02_anexo_india_sa_2017.pdf
IND,expanded_2017,HS2017,1078,,,,textual,manual,,,1,1,,02_anexo_india_sa_2017.pdf
IND,expanded_2017,HS2017,1079,,,,textual,manual,,,1,1,,02_anexo_india_sa_2017.pdf
IND,expanded_2017,HS2017,1080,,,,textual,manual,,,1,1,,02_anexo_india_sa_2017.pdf
IND,expanded_2017,HS2017,1081,,,,textual,manual,,,1,1,,02_anexo_india_sa_2017.pdf
IND,expanded_2017,HS2017,1082,,,,textual,manual,,,1,1,,02_anexo_india_sa_2017.pdf
IND,expanded_2017,HS2017,1083,,,,textual,manual,,,1,1,,02_anexo_india_sa_2017.pdf
IND,expanded_2017,HS2017,1084,,,,textual,manual,,,1,1,,02_anexo_india_sa_2017.pdf
IND,expanded_2017,HS2017,1085,,,,textual,manual,,,1,1,,02_anexo_india_sa_2017.pdf
IND,expanded_2017,HS2017,1086,,,,textual,manual,,,1,1,,02_anexo_india_sa_2017.pdf
IND,expanded_2017,HS2017,1087,,,,textual,manual,,,1,1,,02_anexo_india_sa_2017.pdf
IND,expanded_2017,HS2017,1088,,,,textual,manual,,,1,1,,02_anexo_india_sa_2017.pdf
IND,expanded_2017,HS2017,1089,,,,textual,manual,,,1,1,,02_anexo_india_sa_2017.pdf
IND,expanded_2017,HS2017,1090,,,,textual,manual,,,1,1,,02_anexo_india_sa_2017.pdf
IND,expanded_2017,HS2017,1091,,,,textual,manual,,,1,1,,02_anexo_india_sa_2017.pdf
IND,expanded_2017,HS2017,1092,,,,textual,manual,,,1,1,,02_anexo_india_sa_2017.pdf
IND,expanded_2017,HS2017,1093,,,,textual,manual,,,1,1,,02_anexo_india_sa_2017.pdf
IND,expanded_2017,HS2017,1094,,,,textual,manual,,,1,1,,02_anexo_india_sa_2017.pdf
IND,expanded_2017,HS2017,1095,,,,textual,manual,,,1,1,,02_anexo_india_sa_2017.pdf
IND,expanded_2017,HS2017,1096,,,,textual,manual,,,1,1,,02_anexo_india_sa_2017.pdf
IND,expanded_2017,HS2017,1097,,,,textual,manual,,,1,1,,02_anexo_india_sa_2017.pdf
IND,expanded_2017,HS2017,1098,,,,textual,manual,,,1,1,,02_anexo_india_sa_2017.pdf
IND,expanded_2017,HS2017,1099,,,,textual,manual,,,1,1,,02_anexo_india_sa_2017.pdf
IND,expanded_2017,HS2017,1100,,,,textual,manual,,,1,1,,02_anexo_india_sa_2017.pdf
IND,expanded_2017,HS2017,1101,,,,textual,manual,,,1,1,,02_anexo_india_sa_2017.pdf
IND,expanded_2017,HS2017,1102,,,,textual,manual,,,1,1,,02_anexo_india_sa_2017.pdf
IND,expanded_2017,HS2017,1103,,,,textual,manual,,,1,1,,02_anexo_india_sa_2017.pdf
IND,expanded_2017,HS2017,1104,,,,textual,manual,,,1,1,,02_anexo_india_sa_2017.pdf
IND,expanded_2017,HS2017,1105,,,,textual,manual,,,1,1,,02_anexo_india_sa_2017.pdf
IND,expanded_2017,HS2017,1106,,,,textual,manual,,,1,1,,02_anexo_india_sa_2017.pdf
IND,expanded_2017,HS2017,1107,,,,textual,manual,,,1,1,,02_anexo_india_sa_2017.pdf
IND,expanded_2017,HS2017,1108,,,,textual,manual,,,1,1,,02_anexo_india_sa_2017.pdf
IND,expanded_2017,HS2017,1109,,,,textual,manual,,,1,1,,02_anexo_india_sa_2017.pdf
IND,expanded_2017,HS2017,1110,,,,textual,manual,,,1,1,,02_anexo_india_sa_2017.pdf
CHL,original,HS2002,1,03061319,03061319,030613,national8,pending_concordance,20,20,0,1,0306.13.19 ---- Los demás 20%,03_anexo_b_lista_de_mercancias_de_chile_para_india (previo a 2017).pdf
CHL,original,HS2002,2,07122000,07122000,071220,national8,exact,20,20,0,0,0712.20.00 - Cebollas 20%,03_anexo_b_lista_de_mercancias_de_chile_para_india (previo a 2017).pdf
CHL,original,HS2002,3,09024000,09024000,090240,national8,exact,20,20,0,0,"0902.40.00 - Té negro (fermentado) y té parcialmente fermentado, presentados de 20% otra forma",03_anexo_b_lista_de_mercancias_de_chile_para_india (previo a 2017).pdf
CHL,original,HS2002,4,09093000,09093000,090930,national8,pending_concordance,20,20,0,1,0909.30.00 - Semillas de comino 20%,03_anexo_b_lista_de_mercancias_de_chile_para_india (previo a 2017).pdf
CHL,original,HS2002,5,12074000,12074000,120740,national8,exact,20,20,0,0,1207.40.00 - Semilla de sésamo (ajonjolí) 20%,03_anexo_b_lista_de_mercancias_de_chile_para_india (previo a 2017).pdf
CHL,original,HS2002,6,13019000,13019000,130190,national8,exact,20,20,0,0,1301.90.00 - Los demás 20%,03_anexo_b_lista_de_mercancias_de_chile_para_india (previo a 2017).pdf
CHL,original,HS2002,7,13021990,13021990,130219,national8,exact,20,20,0,0,1302.19.90 --- Los demás 20%,03_anexo_b_lista_de_mercancias_de_chile_para_india (previo a 2017).pdf
CHL,original,HS2002,8,13023200,13023200,130232,national8,exact,20,20,0,0,"1302.32.00 -- Mucílagos y espesativos de la algarroba o de su semilla o de las 20% semillas de guar, incluso modificados",03_anexo_b_lista_de_mercancias_de_chile_para_india (previo a 2017).pdf
CHL,original,HS2002,9,25132000,25132000,251320,national8,exact,20,20,0,0,"2513.20.00 - Esmeril, corindón natural, granate natural y demás abrasivos 20% naturales",03_anexo_b_lista_de_mercancias_de_chile_para_india (previo a 2017).pdf
CHL,original,HS2002,10,28281000,28281000,282810,national8,exact,50,50,0,0,2828.10.00 - Hipoclorito de calcio comercial y demás hipocloritos de calcio 50%,03_anexo_b_lista_de_mercancias_de_chile_para_india (previo a 2017).pdf
CHL,original,HS2002,11,28332910,28332910,283329,national8,exact,50,50,0,0,2833.29.10 --- De cobalto 50%,03_anexo_b_lista_de_mercancias_de_chile_para_india (previo a 2017).pdf
CHL,original,HS2002,12,28332990,28332990,283329,national8,exact,50,50,0,0,2833.29.90 --- Los demás 50%,03_anexo_b_lista_de_mercancias_de_chile_para_india (previo a 2017).pdf
CHL,original,HS2002,13,29034910,29034910,290349,national8,pending_concordance,50,50,0,1,2903.49.10 --- Clorodifluorometano 50%,03_anexo_b_lista_de_mercancias_de_chile_para_india (previo a 2017).pdf
CHL,original,HS2002,14,29051700,29051700,290517,national8,exact,50,50,0,0,"2905.17.00 -- Dodecan-1-ol (alcohol laurílico), hexadecan-1-ol (alcohol cetílico) y 50% octadecan-1-ol (alcohol estearílico)",03_anexo_b_lista_de_mercancias_de_chile_para_india (previo a 2017).pdf
CHL,original,HS2002,15,29054500,29054500,290545,national8,exact,50,50,0,0,2905.45.00 -- Glicerol 50%,03_anexo_b_lista_de_mercancias_de_chile_para_india (previo a 2017).pdf
CHL,original,HS2002,16,29055990,29055990,290559,national8,exact,50,50,0,0,2905.59.90 --- Los demás 50%,03_anexo_b_lista_de_mercancias_de_chile_para_india (previo a 2017).pdf
CHL,original,HS2002,17,29094400,29094400,290944,national8,exact,50,50,0,0,2909.44.00 -- Los demás éteres monoalquílicos del etilenglicol o del dietilenglicol 50%,03_anexo_b_lista_de_mercancias_de_chile_para_india (previo a 2017).pdf
CHL,original,HS2002,18,29095000,29095000,290950,national8,exact,50,50,0,0,"2909.50.00 - Éteres-fenoles, éteres-alcoholes-fenoles, y sus derivados 50% halogenados, sulfonados, nitrados o nitrosados",03_anexo_b_lista_de_mercancias_de_chile_para_india (previo a 2017).pdf
CHL,original,HS2002,19,29163900,29163900,291639,national8,exact,50,50,0,0,2916.39.00 -- Los demás 50%,03_anexo_b_lista_de_mercancias_de_chile_para_india (previo a 2017).pdf
CHL,original,HS2002,20,29171900,29171900,291719,national8,exact,50,50,0,0,2917.19.00 -- Los demás 50%,03_anexo_b_lista_de_mercancias_de_chile_para_india (previo a 2017).pdf
CHL,original,HS2002,21,29181400,29181400,291814,national8,exact,50,50,0,0,2918.14.00 -- Ácido cítrico 50%,03_anexo_b_lista_de_mercancias_de_chile_para_india (previo a 2017).pdf
CHL,original,HS2002,22,29190000,29190000,291900,national8,pending_concordance,50,50,0,1,"2919.00.00 Ésteres fosfóricos y sus sales, incluidos los lactofosfatos; sus derivados 50% halogenados, sulfonados, nitrados o nitrosados",03_anexo_b_lista_de_mercancias_de_chile_para_india (previo a 2017).pdf
CHL,original,HS2002,23,29214900,29214900,292149,national8,exact,50,50,0,0,2921.49.00 -- Los demás 50%,03_anexo_b_lista_de_mercancias_de_chile_para_india (previo a 2017).pdf
CHL,original,HS2002,24,29221990,29221990,292219,national8,exact,50,50,0,0,2922.19.90 --- Los demás 50%,03_anexo_b_lista_de_mercancias_de_chile_para_india (previo a 2017).pdf
CHL,original,HS2002,25,29224990,29224990,292249,national8,exact,50,50,0,0,2922.49.90 --- Los demás 50%,03_anexo_b_lista_de_mercancias_de_chile_para_india (previo a 2017).pdf
CHL,original,HS2002,26,29225000,29225000,292250,national8,exact,50,50,0,0,"2922.50.00 - Amino-alcoholes-fenoles, aminoácidos-fenoles y demás compuestos 50% aminados con funciones oxigenadas",03_anexo_b_lista_de_mercancias_de_chile_para_india (previo a 2017).pdf
CHL,original,HS2002,27,29242990,29242990,292429,national8,exact,50,50,0,0,2924.29.90 --- Los demás 50%,03_anexo_b_lista_de_mercancias_de_chile_para_india (previo a 2017).pdf
CHL,original,HS2002,28,29252000,29252000,292520,national8,pending_concordance,50,50,0,1,2925.20.00 - Iminas y sus derivados; sales de estos productos 50%,03_anexo_b_lista_de_mercancias_de_chile_para_india (previo a 2017).pdf
CHL,original,HS2002,29,29269000,29269000,292690,national8,exact,50,50,0,0,2926.90.00 - Los demás 50%,03_anexo_b_lista_de_mercancias_de_chile_para_india (previo a 2017).pdf
CHL,original,HS2002,30,29309099,29309099,293090,national8,exact,50,50,0,0,2930.90.99 --- Los demás 50%,03_anexo_b_lista_de_mercancias_de_chile_para_india (previo a 2017).pdf
CHL,original,HS2002,31,29321900,29321900,293219,national8,exact,50,50,0,0,2932.19.00 -- Los demás 50%,03_anexo_b_lista_de_mercancias_de_chile_para_india (previo a 2017).pdf
CHL,original,HS2002,32,29322900,29322900,293229,national8,pending_concordance,50,50,0,1,2932.29.00 -- Las demás lactonas 50% 16,03_anexo_b_lista_de_mercancias_de_chile_para_india (previo a 2017).pdf
CHL,original,HS2002,33,29329990,29329990,293299,national8,exact,50,50,0,0,2932.99.90 --- Los demás 50%,03_anexo_b_lista_de_mercancias_de_chile_para_india (previo a 2017).pdf
CHL,original,HS2002,34,29332100,29332100,293321,national8,exact,50,50,0,0,2933.21.00 -- Hidantoína y sus derivados 50%,03_anexo_b_lista_de_mercancias_de_chile_para_india (previo a 2017).pdf
CHL,original,HS2002,35,29332900,29332900,293329,national8,exact,50,50,0,0,2933.29.00 -- Los demás 50%,03_anexo_b_lista_de_mercancias_de_chile_para_india (previo a 2017).pdf
CHL,original,HS2002,36,29333999,29333999,293339,national8,exact,50,50,0,0,2933.39.99 ---- Los demás 50%,03_anexo_b_lista_de_mercancias_de_chile_para_india (previo a 2017).pdf
CHL,original,HS2002,37,29334900,29334900,293349,national8,exact,50,50,0,0,2933.49.00 -- Los demás 50%,03_anexo_b_lista_de_mercancias_de_chile_para_india (previo a 2017).pdf
CHL,original,HS2002,38,29335900,29335900,293359,national8,exact,50,50,0,0,2933.59.00 -- Los demás 50%,03_anexo_b_lista_de_mercancias_de_chile_para_india (previo a 2017).pdf
CHL,original,HS2002,39,29336900,29336900,293369,national8,exact,50,50,0,0,2933.69.00 -- Los demás 50%,03_anexo_b_lista_de_mercancias_de_chile_para_india (previo a 2017).pdf
CHL,original,HS2002,40,29339990,29339990,293399,national8,exact,50,50,0,0,2933.99.90 --- Los demás 50%,03_anexo_b_lista_de_mercancias_de_chile_para_india (previo a 2017).pdf
CHL,original,HS2002,41,29341000,29341000,293410,national8,exact,50,50,0,0,"2934.10.00 - Compuestos cuya estructura contenga ciclo tiazol (incluso 50% hidrogenado), sin condensar",03_anexo_b_lista_de_mercancias_de_chile_para_india (previo a 2017).pdf
CHL,original,HS2002,42,29349940,29349940,293499,national8,exact,50,50,0,0,2934.99.40 --- Ácido oxolínico 50%,03_anexo_b_lista_de_mercancias_de_chile_para_india (previo a 2017).pdf
CHL,original,HS2002,43,29349990,29349990,293499,national8,exact,50,50,0,0,2934.99.90 --- Los demás 50%,03_anexo_b_lista_de_mercancias_de_chile_para_india (previo a 2017).pdf
CHL,original,HS2002,44,29350000,29350000,293500,national8,exact,50,50,0,0,2935.00.00 Sulfonamidas. 50%,03_anexo_b_lista_de_mercancias_de_chile_para_india (previo a 2017).pdf
CHL,original,HS2002,45,29362900,29362900,293629,national8,exact,50,50,0,0,2936.29.00 -- Las demás vitaminas y sus derivados 50%,03_anexo_b_lista_de_mercancias_de_chile_para_india (previo a 2017).pdf
CHL,original,HS2002,46,29372200,29372200,293722,national8,exact,50,50,0,0,2937.22.00 -- Derivados halogenados de las hormonas corticosteroides 50%,03_anexo_b_lista_de_mercancias_de_chile_para_india (previo a 2017).pdf
CHL,original,HS2002,47,29389000,29389000,293890,national8,exact,50,50,0,0,2938.90.00 - Los demás 50%,03_anexo_b_lista_de_mercancias_de_chile_para_india (previo a 2017).pdf
CHL,original,HS2002,48,29391190,29391190,293911,national8,exact,50,50,0,0,2939.11.90 --- Los demás 50%,03_anexo_b_lista_de_mercancias_de_chile_para_india (previo a 2017).pdf
CHL,original,HS2002,49,29394200,29394200,293942,national8,exact,50,50,0,0,2939.42.00 -- Seudoefedrina (DCI) y sus sales 50%,03_anexo_b_lista_de_mercancias_de_chile_para_india (previo a 2017).pdf
CHL,original,HS2002,50,29399990,29399990,293999,national8,exact,50,50,0,0,2939.99.90 --- Los demás 50%,03_anexo_b_lista_de_mercancias_de_chile_para_india (previo a 2017).pdf
CHL,original,HS2002,51,29411000,29411000,294110,national8,exact,50,50,0,0,2941.10.00 - Penicilinas y sus derivados con la estructura del ácido penicilánico; 50% sales de estos productos,03_anexo_b_lista_de_mercancias_de_chile_para_india (previo a 2017).pdf
CHL,original,HS2002,52,29415000,29415000,294150,national8,exact,50,50,0,0,2941.50.00 - Eritromicina y sus derivados; sales de estos productos 50%,03_anexo_b_lista_de_mercancias_de_chile_para_india (previo a 2017).pdf
CHL,original,HS2002,53,29419090,29419090,294190,national8,exact,50,50,0,0,2941.90.90 -- Los demás 50%,03_anexo_b_lista_de_mercancias_de_chile_para_india (previo a 2017).pdf
CHL,original,HS2002,54,30032010,30032010,300320,national8,exact,20,20,0,0,3003.20.10 -- Para uso humano 20%,03_anexo_b_lista_de_mercancias_de_chile_para_india (previo a 2017).pdf
CHL,original,HS2002,55,30039010,30039010,300390,national8,exact,20,20,0,0,3003.90.10 -- Para uso humano 20%,03_anexo_b_lista_de_mercancias_de_chile_para_india (previo a 2017).pdf
CHL,original,HS2002,56,30041010,30041010,300410,national8,exact,20,20,0,0,3004.10.10 -- Para uso humano 20%,03_anexo_b_lista_de_mercancias_de_chile_para_india (previo a 2017).pdf
CHL,original,HS2002,57,30042010,30042010,300420,national8,exact,20,20,0,0,3004.20.10 -- Para uso humano 20%,03_anexo_b_lista_de_mercancias_de_chile_para_india (previo a 2017).pdf
CHL,original,HS2002,58,30042020,30042020,300420,national8,exact,20,20,0,0,3004.20.20 -- Para uso veterinario 20%,03_anexo_b_lista_de_mercancias_de_chile_para_india (previo a 2017).pdf
CHL,original,HS2002,59,30043210,30043210,300432,national8,exact,20,20,0,0,3004.32.10 --- Para uso humano 20%,03_anexo_b_lista_de_mercancias_de_chile_para_india (previo a 2017).pdf
CHL,original,HS2002,60,30043910,30043910,300439,national8,exact,20,20,0,0,3004.39.10 --- Para uso humano 20%,03_anexo_b_lista_de_mercancias_de_chile_para_india (previo a 2017).pdf
CHL,original,HS2002,61,30044010,30044010,300440,national8,exact,20,20,0,0,3004.40.10 -- Para uso humano 20%,03_anexo_b_lista_de_mercancias_de_chile_para_india (previo a 2017).pdf
CHL,original,HS2002,62,30049010,30049010,300490,national8,exact,20,20,0,0,3004.90.10 -- Para uso humano 20%,03_anexo_b_lista_de_mercancias_de_chile_para_india (previo a 2017).pdf
CHL,original,HS2002,63,32041200,32041200,320412,national8,exact,20,20,0,0,"3204.12.00 -- Colorantes ácidos, incluso metalizados, y preparaciones a base de 20% estos colorantes; colorantes para mordiente y preparaciones a base",03_anexo_b_lista_de_mercancias_de_chile_para_india (previo a 2017).pdf
CHL,original,HS2002,64,32041600,32041600,320416,national8,exact,20,20,0,0,3204.16.00 -- Colorantes reactivos y preparaciones a base de estos colorantes 20%,03_anexo_b_lista_de_mercancias_de_chile_para_india (previo a 2017).pdf
CHL,original,HS2002,65,32151140,32151140,321511,national8,exact,20,20,0,0,3215.11.40 --- Litográficas offset 20%,03_anexo_b_lista_de_mercancias_de_chile_para_india (previo a 2017).pdf
CHL,original,HS2002,66,32151940,32151940,321519,national8,exact,20,20,0,0,3215.19.40 --- Litográficas offset 20%,03_anexo_b_lista_de_mercancias_de_chile_para_india (previo a 2017).pdf
CHL,original,HS2002,67,33021000,33021000,330210,national8,exact,20,20,0,0,3302.10.00 De los tipos utilizados en las industrias alimentarias o De bebidas 20%,03_anexo_b_lista_de_mercancias_de_chile_para_india (previo a 2017).pdf
CHL,original,HS2002,68,33074100,33074100,330741,national8,exact,20,20,0,0,3307.41.00 -- «Agarbatti» y demás preparaciones odoríferas que actúan por 20% combustión,03_anexo_b_lista_de_mercancias_de_chile_para_india (previo a 2017).pdf
CHL,original,HS2002,69,33074900,33074900,330749,national8,exact,20,20,0,0,3307.49.00 -- Las demás 20%,03_anexo_b_lista_de_mercancias_de_chile_para_india (previo a 2017).pdf
CHL,original,HS2002,70,38160010,38160010,381600,national8,exact,20,20,0,0,3816.00.10 - Cementos 20%,03_anexo_b_lista_de_mercancias_de_chile_para_india (previo a 2017).pdf
CHL,original,HS2002,71,39204900,39204900,392049,national8,exact,20,20,0,0,3920.49.00 -- Las demás 20%,03_anexo_b_lista_de_mercancias_de_chile_para_india (previo a 2017).pdf
CHL,original,HS2002,72,39206290,39206290,392062,national8,exact,20,20,0,0,3920.62.90 --- Las demás 20%,03_anexo_b_lista_de_mercancias_de_chile_para_india (previo a 2017).pdf
CHL,original,HS2002,73,40092100,40092100,400921,national8,exact,20,20,0,0,4009.21.00 -- Sin accesorios 20%,03_anexo_b_lista_de_mercancias_de_chile_para_india (previo a 2017).pdf
CHL,original,HS2002,74,40101200,40101200,401012,national8,exact,20,20,0,0,4010.12.00 -- Reforzadas solamente con materia textil 20% 17,03_anexo_b_lista_de_mercancias_de_chile_para_india (previo a 2017).pdf
CHL,original,HS2002,75,40103200,40103200,401032,national8,exact,20,20,0,0,"4010.32.00 -- Correas para transmisión sin fin, sin estriar, de sección trapezoidal, 20% de circunferencia exterior superior a 60 cm pero inferior o i",03_anexo_b_lista_de_mercancias_de_chile_para_india (previo a 2017).pdf
CHL,original,HS2002,76,40103900,40103900,401039,national8,exact,20,20,0,0,4010.39.00 -- Las demás 20%,03_anexo_b_lista_de_mercancias_de_chile_para_india (previo a 2017).pdf
CHL,original,HS2002,77,40112000,40112000,401120,national8,exact,20,20,0,0,4011.20.00 - De los tipos utilizados en autobuses o camiones 20%,03_anexo_b_lista_de_mercancias_de_chile_para_india (previo a 2017).pdf
CHL,original,HS2002,78,40119910,40119910,401199,national8,exact,20,20,0,0,4011.99.10 --- De los tipos utilizados en camionetas 20%,03_anexo_b_lista_de_mercancias_de_chile_para_india (previo a 2017).pdf
CHL,original,HS2002,79,40132000,40132000,401320,national8,exact,20,20,0,0,4013.20.00 - De los tipos utilizados en bicicletas 20%,03_anexo_b_lista_de_mercancias_de_chile_para_india (previo a 2017).pdf
CHL,original,HS2002,80,40141000,40141000,401410,national8,exact,20,20,0,0,4014.10.00 - Preservativos 20%,03_anexo_b_lista_de_mercancias_de_chile_para_india (previo a 2017).pdf
CHL,original,HS2002,81,40149000,40149000,401490,national8,exact,100,100,0,0,4014.90.00 - Los demás 100%,03_anexo_b_lista_de_mercancias_de_chile_para_india (previo a 2017).pdf
CHL,original,HS2002,82,40151990,40151990,401519,national8,exact,20,20,0,0,4015.19.90 --- Los demás 20%,03_anexo_b_lista_de_mercancias_de_chile_para_india (previo a 2017).pdf
CHL,original,HS2002,83,40169990,40169990,401699,national8,exact,20,20,0,0,4016.99.90 --- Las demás 20%,03_anexo_b_lista_de_mercancias_de_chile_para_india (previo a 2017).pdf
CHL,original,HS2002,84,41041900,41041900,410419,national8,exact,20,20,0,0,4104.19.00 -- Los demás 20%,03_anexo_b_lista_de_mercancias_de_chile_para_india (previo a 2017).pdf
CHL,original,HS2002,85,41062200,41062200,410622,national8,exact,20,20,0,0,4106.22.00 -- En estado seco («crust») 20%,03_anexo_b_lista_de_mercancias_de_chile_para_india (previo a 2017).pdf
CHL,original,HS2002,86,41079900,41079900,410799,national8,exact,20,20,0,0,4107.99.00 -- Los demás 20%,03_anexo_b_lista_de_mercancias_de_chile_para_india (previo a 2017).pdf
CHL,original,HS2002,87,41141000,41141000,411410,national8,exact,20,20,0,0,4114.10.00 - Cueros y pieles agamuzados (incluido el agamuzado combinado al 20% aceite),03_anexo_b_lista_de_mercancias_de_chile_para_india (previo a 2017).pdf
CHL,original,HS2002,88,42022100,42022100,420221,national8,exact,20,20,0,0,"4202.21.00 -- Con la superficie exterior de cuero natural, cuero regenerado o cuero 20% charolado",03_anexo_b_lista_de_mercancias_de_chile_para_india (previo a 2017).pdf
CHL,original,HS2002,89,42022220,42022220,420222,national8,exact,20,20,0,0,4202.22.20 --- De materias textiles 20%,03_anexo_b_lista_de_mercancias_de_chile_para_india (previo a 2017).pdf
CHL,original,HS2002,90,42023100,42023100,420231,national8,exact,20,20,0,0,"4202.31.00 -- Con la superficie exterior de cuero natural, cuero regenerado o cuero 20% charolado",03_anexo_b_lista_de_mercancias_de_chile_para_india (previo a 2017).pdf
CHL,original,HS2002,91,42031010,42031010,420310,national8,exact,20,20,0,0,"4203.10.10 -- Chaquetas, chaquetones y casacas 20%",03_anexo_b_lista_de_mercancias_de_chile_para_india (previo a 2017).pdf
CHL,original,HS2002,92,42031090,42031090,420310,national8,exact,20,20,0,0,4203.10.90 -- Las demás 20%,03_anexo_b_lista_de_mercancias_de_chile_para_india (previo a 2017).pdf
CHL,original,HS2002,93,42032900,42032900,420329,national8,exact,20,20,0,0,4203.29.00 -- Los demás 20%,03_anexo_b_lista_de_mercancias_de_chile_para_india (previo a 2017).pdf
CHL,original,HS2002,94,42034000,42034000,420340,national8,exact,20,20,0,0,4203.40.00 - Los demás complementos (accesorios) de vestir 20%,03_anexo_b_lista_de_mercancias_de_chile_para_india (previo a 2017).pdf
CHL,original,HS2002,95,42050000,42050000,420500,national8,exact,20,20,0,0,4205.00.00 Las demás manufacturas de cuero natural o cuero regenerado. 20%,03_anexo_b_lista_de_mercancias_de_chile_para_india (previo a 2017).pdf
CHL,original,HS2002,96,44190000,44190000,441900,national8,exact,20,20,0,0,"4419.00.00 Artículos de mesa o cocina, de madera. 20%",03_anexo_b_lista_de_mercancias_de_chile_para_india (previo a 2017).pdf
CHL,original,HS2002,97,44201000,44201000,442010,national8,exact,20,20,0,0,"4420.10.00 - Estatuillas y demás objetos para adorno, de madera 20%",03_anexo_b_lista_de_mercancias_de_chile_para_india (previo a 2017).pdf
CHL,original,HS2002,98,44209000,44209000,442090,national8,exact,20,20,0,0,4420.90.00 - Los demás 20%,03_anexo_b_lista_de_mercancias_de_chile_para_india (previo a 2017).pdf
CHL,original,HS2002,99,50072000,50072000,500720,national8,exact,20,85,1,0,"5007.20.00 - Los demás tejidos con un contenido de seda o desperdicios de seda, 20% distintos de la borrilla, superior o igual al 85 % en peso",03_anexo_b_lista_de_mercancias_de_chile_para_india (previo a 2017).pdf
CHL,original,HS2002,100,50079000,50079000,500790,national8,exact,20,20,0,0,5007.90.00 - Los demás tejidos 20%,03_anexo_b_lista_de_mercancias_de_chile_para_india (previo a 2017).pdf
CHL,original,HS2002,101,51121110,51121110,511211,national8,exact,20,20,0,0,5112.11.10 --- De lana 20%,03_anexo_b_lista_de_mercancias_de_chile_para_india (previo a 2017).pdf
CHL,original,HS2002,102,52029100,52029100,520291,national8,exact,20,20,0,0,5202.91.00 -- Hilachas 20%,03_anexo_b_lista_de_mercancias_de_chile_para_india (previo a 2017).pdf
CHL,original,HS2002,103,52041100,52041100,520411,national8,exact,20,85,1,0,5204.11.00 -- Con un contenido de algodón superior o igual al 85 % en peso 20%,03_anexo_b_lista_de_mercancias_de_chile_para_india (previo a 2017).pdf
CHL,original,HS2002,104,52051200,52051200,520512,national8,exact,20,20,0,0,"5205.12.00 -- De título inferior a 714,29 decitex pero superior o igual a 232,56 20% decitex (superior al número métrico 14 pero inferior o igual al n",03_anexo_b_lista_de_mercancias_de_chile_para_india (previo a 2017).pdf
CHL,original,HS2002,105,52051300,52051300,520513,national8,exact,20,20,0,0,"5205.13.00 -- De título inferior a 232,56 decitex pero superior o igual a 192,31 20% decitex (superior al número métrico 43 pero inferior o igual al n",03_anexo_b_lista_de_mercancias_de_chile_para_india (previo a 2017).pdf
CHL,original,HS2002,106,52052200,52052200,520522,national8,exact,20,20,0,0,"5205.22.00 -- De título inferior a 714,29 decitex pero superior o igual a 232,56 20% decitex (superior al número métrico 14 pero inferior o igual al n",03_anexo_b_lista_de_mercancias_de_chile_para_india (previo a 2017).pdf
CHL,original,HS2002,107,52052300,52052300,520523,national8,exact,20,20,0,0,"5205.23.00 -- De título inferior a 232,56 decitex pero superior o igual a 192,31 20% decitex (superior al número métrico 43 pero inferior o igual al n",03_anexo_b_lista_de_mercancias_de_chile_para_india (previo a 2017).pdf
CHL,original,HS2002,108,52061200,52061200,520612,national8,exact,20,20,0,0,"5206.12.00 -- De título inferior a 714,29 decitex pero superior o igual a 232,56 20% decitex (superior al número métrico 14 pero inferior o igual al n",03_anexo_b_lista_de_mercancias_de_chile_para_india (previo a 2017).pdf
CHL,original,HS2002,109,52062200,52062200,520622,national8,exact,20,20,0,0,"5206.22.00 -- De título inferior a 714,29 decitex pero superior o igual a 232,56 20% decitex (superior al número métrico 14 pero inferior o igual al n",03_anexo_b_lista_de_mercancias_de_chile_para_india (previo a 2017).pdf
CHL,original,HS2002,110,52062500,52062500,520625,national8,exact,20,20,0,0,5206.25.00 -- De título inferior a 125 decitex (superior al número métrico 80) 20%,03_anexo_b_lista_de_mercancias_de_chile_para_india (previo a 2017).pdf
CHL,original,HS2002,111,52071000,52071000,520710,national8,exact,20,85,1,0,5207.10.00 - Con un contenido de algodón superior o igual al 85 % en peso 20%,03_anexo_b_lista_de_mercancias_de_chile_para_india (previo a 2017).pdf
CHL,original,HS2002,112,52081200,52081200,520812,national8,exact,20,20,0,0,"5208.12.00 -- De ligamento tafetán, de peso superior a 100 g/m² 20%",03_anexo_b_lista_de_mercancias_de_chile_para_india (previo a 2017).pdf
CHL,original,HS2002,113,52082200,52082200,520822,national8,exact,20,20,0,0,"5208.22.00 -- De ligamento tafetán, de peso superior a 100 g/m² 20%",03_anexo_b_lista_de_mercancias_de_chile_para_india (previo a 2017).pdf
CHL,original,HS2002,114,53101000,53101000,531010,national8,exact,20,20,0,0,5310.10.00 - Crudos 20%,03_anexo_b_lista_de_mercancias_de_chile_para_india (previo a 2017).pdf
CHL,original,HS2002,115,53109000,53109000,531090,national8,exact,20,20,0,0,5310.90.00 - Los demás 20%,03_anexo_b_lista_de_mercancias_de_chile_para_india (previo a 2017).pdf
CHL,original,HS2002,116,54023300,54023300,540233,national8,exact,15,15,0,0,5402.33.00 -- De poliésteres 15%,03_anexo_b_lista_de_mercancias_de_chile_para_india (previo a 2017).pdf
CHL,original,HS2002,117,55092100,55092100,550921,national8,exact,15,15,0,0,5509.21.00 -- Sencillos 15%,03_anexo_b_lista_de_mercancias_de_chile_para_india (previo a 2017).pdf
CHL,original,HS2002,118,55092200,55092200,550922,national8,exact,15,15,0,0,5509.22.00 -- Retorcidos o cableados 15%,03_anexo_b_lista_de_mercancias_de_chile_para_india (previo a 2017).pdf
CHL,original,HS2002,119,55095100,55095100,550951,national8,exact,15,15,0,0,5509.51.00 -- Mezclados exclusiva o principalmente con fibras artificiales 15% discontinuas,03_anexo_b_lista_de_mercancias_de_chile_para_india (previo a 2017).pdf
CHL,original,HS2002,120,55095310,55095310,550953,national8,exact,15,15,0,0,"5509.53.10 --- De título superior o igual a 416,67 decitex (inferior o igual al 15% número métrico 24)",03_anexo_b_lista_de_mercancias_de_chile_para_india (previo a 2017).pdf
CHL,original,HS2002,121,55095330,55095330,550953,national8,exact,15,15,0,0,"5509.53.30 --- De título inferior a 333,33 decitex (superior al número métrico 30) 15%",03_anexo_b_lista_de_mercancias_de_chile_para_india (previo a 2017).pdf
CHL,original,HS2002,122,55095900,55095900,550959,national8,exact,15,15,0,0,5509.59.00 -- Los demás 15%,03_anexo_b_lista_de_mercancias_de_chile_para_india (previo a 2017).pdf
CHL,original,HS2002,123,55096200,55096200,550962,national8,exact,15,15,0,0,5509.62.00 -- Mezclados exclusiva o principalmente con algodón 15%,03_anexo_b_lista_de_mercancias_de_chile_para_india (previo a 2017).pdf
CHL,original,HS2002,124,55111010,55111010,551110,national8,exact,15,15,0,0,5511.10.10 -- De poliéster 15%,03_anexo_b_lista_de_mercancias_de_chile_para_india (previo a 2017).pdf
CHL,original,HS2002,125,55112010,55112010,551120,national8,exact,15,15,0,0,5511.20.10 -- De poliéster 15%,03_anexo_b_lista_de_mercancias_de_chile_para_india (previo a 2017).pdf
CHL,original,HS2002,126,55121910,55121910,551219,national8,exact,15,15,0,0,5512.19.10 --- Teñidos 15%,03_anexo_b_lista_de_mercancias_de_chile_para_india (previo a 2017).pdf
CHL,original,HS2002,127,55151140,55151140,551511,national8,exact,15,15,0,0,5515.11.40 --- Estampados 15%,03_anexo_b_lista_de_mercancias_de_chile_para_india (previo a 2017).pdf
CHL,original,HS2002,128,56074100,56074100,560741,national8,exact,15,15,0,0,5607.41.00 -- Cordeles para atar o engavillar 15%,03_anexo_b_lista_de_mercancias_de_chile_para_india (previo a 2017).pdf
CHL,original,HS2002,129,56074900,56074900,560749,national8,exact,15,15,0,0,5607.49.00 -- Los demás 15%,03_anexo_b_lista_de_mercancias_de_chile_para_india (previo a 2017).pdf
CHL,original,HS2002,130,57011000,57011000,570110,national8,exact,15,15,0,0,5701.10.00 - De lana o pelo fino 15%,03_anexo_b_lista_de_mercancias_de_chile_para_india (previo a 2017).pdf
CHL,original,HS2002,131,57021000,57021000,570210,national8,exact,15,15,0,0,"5702.10.00 - Alfombras llamadas «Kelim» o «Kilim», «Schumacks» o «Soumak», 15% «Karamanie» y alfombras similares tejidas a mano",03_anexo_b_lista_de_mercancias_de_chile_para_india (previo a 2017).pdf
CHL,original,HS2002,132,57022000,57022000,570220,national8,exact,15,15,0,0,5702.20.00 - Revestimientos para el suelo de fibras de coco 15%,03_anexo_b_lista_de_mercancias_de_chile_para_india (previo a 2017).pdf
CHL,original,HS2002,133,57024210,57024210,570242,national8,exact,15,15,0,0,5702.42.10 --- De polipropileno 15%,03_anexo_b_lista_de_mercancias_de_chile_para_india (previo a 2017).pdf
CHL,original,HS2002,134,57024900,57024900,570249,national8,exact,15,15,0,0,5702.49.00 -- De las demás materias textiles 15%,03_anexo_b_lista_de_mercancias_de_chile_para_india (previo a 2017).pdf
CHL,original,HS2002,135,57029900,57029900,570299,national8,exact,15,15,0,0,5702.99.00 -- De las demás materias textiles 15%,03_anexo_b_lista_de_mercancias_de_chile_para_india (previo a 2017).pdf
CHL,original,HS2002,136,57039000,57039000,570390,national8,exact,15,15,0,0,5703.90.00 - De las demás materias textiles 15%,03_anexo_b_lista_de_mercancias_de_chile_para_india (previo a 2017).pdf
CHL,original,HS2002,137,57049000,57049000,570490,national8,exact,15,15,0,0,5704.90.00 - Los demás 15%,03_anexo_b_lista_de_mercancias_de_chile_para_india (previo a 2017).pdf
CHL,original,HS2002,138,57050000,57050000,570500,national8,exact,15,15,0,0,"5705.00.00 Las demás alfombras y revestimientos para el suelo, de materia textil, 15% incluso confeccionados.",03_anexo_b_lista_de_mercancias_de_chile_para_india (previo a 2017).pdf
CHL,original,HS2002,139,58089000,58089000,580890,national8,exact,15,15,0,0,5808.90.00 - Los demás 15%,03_anexo_b_lista_de_mercancias_de_chile_para_india (previo a 2017).pdf
CHL,original,HS2002,140,61051011,61051011,610510,national8,exact,10,10,0,0,6105.10.11 --- Para hombres 10%,03_anexo_b_lista_de_mercancias_de_chile_para_india (previo a 2017).pdf
CHL,original,HS2002,141,61051012,61051012,610510,national8,exact,10,10,0,0,6105.10.12 --- Para niños 10%,03_anexo_b_lista_de_mercancias_de_chile_para_india (previo a 2017).pdf
CHL,original,HS2002,142,61061000,61061000,610610,national8,exact,10,10,0,0,6106.10.00 - De algodón 10%,03_anexo_b_lista_de_mercancias_de_chile_para_india (previo a 2017).pdf
CHL,original,HS2002,143,61071100,61071100,610711,national8,exact,10,10,0,0,6107.11.00 -- De algodón 10%,03_anexo_b_lista_de_mercancias_de_chile_para_india (previo a 2017).pdf
CHL,original,HS2002,144,61072110,61072110,610721,national8,exact,10,10,0,0,6107.21.10 --- Para hombres 10%,03_anexo_b_lista_de_mercancias_de_chile_para_india (previo a 2017).pdf
CHL,original,HS2002,145,61072120,61072120,610721,national8,exact,10,10,0,0,6107.21.20 --- Para niños 10%,03_anexo_b_lista_de_mercancias_de_chile_para_india (previo a 2017).pdf
CHL,original,HS2002,146,61082120,61082120,610821,national8,exact,10,10,0,0,6108.21.20 --- Para niñas 10%,03_anexo_b_lista_de_mercancias_de_chile_para_india (previo a 2017).pdf
CHL,original,HS2002,147,61083110,61083110,610831,national8,exact,10,10,0,0,6108.31.10 --- Para mujeres 10%,03_anexo_b_lista_de_mercancias_de_chile_para_india (previo a 2017).pdf
CHL,original,HS2002,148,61083120,61083120,610831,national8,exact,10,10,0,0,6108.31.20 --- Para niñas 10%,03_anexo_b_lista_de_mercancias_de_chile_para_india (previo a 2017).pdf
CHL,original,HS2002,149,61091011,61091011,610910,national8,exact,10,10,0,0,6109.10.11 --- Para hombres y mujeres 10%,03_anexo_b_lista_de_mercancias_de_chile_para_india (previo a 2017).pdf
CHL,original,HS2002,150,61091012,61091012,610910,national8,exact,10,10,0,0,6109.10.12 --- Para niños y niñas 10% 19,03_anexo_b_lista_de_mercancias_de_chile_para_india (previo a 2017).pdf
CHL,original,HS2002,151,61099031,61099031,610990,national8,exact,10,10,0,0,6109.90.31 --- Para hombres y mujeres 10%,03_anexo_b_lista_de_mercancias_de_chile_para_india (previo a 2017).pdf
CHL,original,HS2002,152,61103090,61103090,611030,national8,exact,10,10,0,0,6110.30.90 -- Los demás 10%,03_anexo_b_lista_de_mercancias_de_chile_para_india (previo a 2017).pdf
CHL,original,HS2002,153,61112000,61112000,611120,national8,exact,10,10,0,0,6111.20.00 - De algodón 10%,03_anexo_b_lista_de_mercancias_de_chile_para_india (previo a 2017).pdf
CHL,original,HS2002,154,61143010,61143010,611430,national8,exact,10,10,0,0,6114.30.10 -- De fibras sintéticas 10%,03_anexo_b_lista_de_mercancias_de_chile_para_india (previo a 2017).pdf
CHL,original,HS2002,155,61171030,61171030,611710,national8,exact,10,10,0,0,6117.10.30 -- De fibras sintéticas o artificiales 10%,03_anexo_b_lista_de_mercancias_de_chile_para_india (previo a 2017).pdf
CHL,original,HS2002,156,62034291,62034291,620342,national8,exact,10,10,0,0,6203.42.91 ---- Pantalones largos 10%,03_anexo_b_lista_de_mercancias_de_chile_para_india (previo a 2017).pdf
CHL,original,HS2002,157,62034299,62034299,620342,national8,exact,10,10,0,0,6203.42.99 ---- «Shorts» 10%,03_anexo_b_lista_de_mercancias_de_chile_para_india (previo a 2017).pdf
CHL,original,HS2002,158,62034311,62034311,620343,national8,exact,10,10,0,0,6203.43.11 ---- Pantalones largos 10%,03_anexo_b_lista_de_mercancias_de_chile_para_india (previo a 2017).pdf
CHL,original,HS2002,159,62044200,62044200,620442,national8,exact,10,10,0,0,6204.42.00 -- De algodón 10%,03_anexo_b_lista_de_mercancias_de_chile_para_india (previo a 2017).pdf
CHL,original,HS2002,160,62044300,62044300,620443,national8,exact,10,10,0,0,6204.43.00 -- De fibras sintéticas 10%,03_anexo_b_lista_de_mercancias_de_chile_para_india (previo a 2017).pdf
CHL,original,HS2002,161,62044400,62044400,620444,national8,exact,10,10,0,0,6204.44.00 -- De fibras artificiales 10%,03_anexo_b_lista_de_mercancias_de_chile_para_india (previo a 2017).pdf
CHL,original,HS2002,162,62044900,62044900,620449,national8,exact,10,10,0,0,6204.49.00 -- De las demás materias textiles 10%,03_anexo_b_lista_de_mercancias_de_chile_para_india (previo a 2017).pdf
CHL,original,HS2002,163,62045200,62045200,620452,national8,exact,10,10,0,0,6204.52.00 -- De algodón 10%,03_anexo_b_lista_de_mercancias_de_chile_para_india (previo a 2017).pdf
CHL,original,HS2002,164,62045300,62045300,620453,national8,exact,10,10,0,0,6204.53.00 -- De fibras sintéticas 10%,03_anexo_b_lista_de_mercancias_de_chile_para_india (previo a 2017).pdf
CHL,original,HS2002,165,62045910,62045910,620459,national8,exact,10,10,0,0,6204.59.10 --- De fibras artificiales 10%,03_anexo_b_lista_de_mercancias_de_chile_para_india (previo a 2017).pdf
CHL,original,HS2002,166,62046291,62046291,620462,national8,exact,10,10,0,0,6204.62.91 ---- Pantalones largos 10%,03_anexo_b_lista_de_mercancias_de_chile_para_india (previo a 2017).pdf
CHL,original,HS2002,167,62052010,62052010,620520,national8,exact,10,10,0,0,6205.20.10 -- Para hombres 10%,03_anexo_b_lista_de_mercancias_de_chile_para_india (previo a 2017).pdf
CHL,original,HS2002,168,62063000,62063000,620630,national8,exact,10,10,0,0,6206.30.00 - De algodón 10%,03_anexo_b_lista_de_mercancias_de_chile_para_india (previo a 2017).pdf
CHL,original,HS2002,169,62064011,62064011,620640,national8,exact,10,10,0,0,6206.40.11 --- Para mujeres 10%,03_anexo_b_lista_de_mercancias_de_chile_para_india (previo a 2017).pdf
CHL,original,HS2002,170,62064021,62064021,620640,national8,exact,10,10,0,0,6206.40.21 --- Para mujeres 10%,03_anexo_b_lista_de_mercancias_de_chile_para_india (previo a 2017).pdf
CHL,original,HS2002,171,62071100,62071100,620711,national8,exact,10,10,0,0,6207.11.00 -- De algodón 10%,03_anexo_b_lista_de_mercancias_de_chile_para_india (previo a 2017).pdf
CHL,original,HS2002,172,62072100,62072100,620721,national8,exact,10,10,0,0,6207.21.00 -- De algodón 10%,03_anexo_b_lista_de_mercancias_de_chile_para_india (previo a 2017).pdf
CHL,original,HS2002,173,62082100,62082100,620821,national8,exact,10,10,0,0,6208.21.00 -- De algodón 10%,03_anexo_b_lista_de_mercancias_de_chile_para_india (previo a 2017).pdf
CHL,original,HS2002,174,62082200,62082200,620822,national8,exact,10,10,0,0,6208.22.00 -- De fibras sintéticas o artificiales 10%,03_anexo_b_lista_de_mercancias_de_chile_para_india (previo a 2017).pdf
CHL,original,HS2002,175,62089100,62089100,620891,national8,exact,10,10,0,0,6208.91.00 -- De algodón 10%,03_anexo_b_lista_de_mercancias_de_chile_para_india (previo a 2017).pdf
CHL,original,HS2002,176,62092000,62092000,620920,national8,exact,10,10,0,0,6209.20.00 - De algodón 10%,03_anexo_b_lista_de_mercancias_de_chile_para_india (previo a 2017).pdf
CHL,original,HS2002,177,62113300,62113300,621133,national8,exact,10,10,0,0,6211.33.00 -- De fibras sintéticas o artificiales 10%,03_anexo_b_lista_de_mercancias_de_chile_para_india (previo a 2017).pdf
CHL,original,HS2002,178,62114200,62114200,621142,national8,exact,10,10,0,0,6211.42.00 -- De algodón 10%,03_anexo_b_lista_de_mercancias_de_chile_para_india (previo a 2017).pdf
CHL,original,HS2002,179,62114300,62114300,621143,national8,exact,10,10,0,0,6211.43.00 -- De fibras sintéticas o artificiales 10%,03_anexo_b_lista_de_mercancias_de_chile_para_india (previo a 2017).pdf
CHL,original,HS2002,180,62141000,62141000,621410,national8,exact,10,10,0,0,6214.10.00 - De seda o desperdicios de seda 10%,03_anexo_b_lista_de_mercancias_de_chile_para_india (previo a 2017).pdf
CHL,original,HS2002,181,62143000,62143000,621430,national8,exact,10,10,0,0,6214.30.00 - De fibras sintéticas 10%,03_anexo_b_lista_de_mercancias_de_chile_para_india (previo a 2017).pdf
CHL,original,HS2002,182,62144000,62144000,621440,national8,exact,10,10,0,0,6214.40.00 - De fibras artificiales 10%,03_anexo_b_lista_de_mercancias_de_chile_para_india (previo a 2017).pdf
CHL,original,HS2002,183,62149000,62149000,621490,national8,exact,10,10,0,0,6214.90.00 - De las demás materias textiles 10%,03_anexo_b_lista_de_mercancias_de_chile_para_india (previo a 2017).pdf
CHL,original,HS2002,184,62171000,62171000,621710,national8,exact,10,10,0,0,6217.10.00 - Complementos (accesorios) de vestir 10%,03_anexo_b_lista_de_mercancias_de_chile_para_india (previo a 2017).pdf
CHL,original,HS2002,185,63013000,63013000,630130,national8,exact,10,10,0,0,6301.30.00 - Mantas de algodón (excepto las eléctricas) 10%,03_anexo_b_lista_de_mercancias_de_chile_para_india (previo a 2017).pdf
CHL,original,HS2002,186,63022110,63022110,630221,national8,exact,10,10,0,0,6302.21.10 --- Sábanas y fundas 10%,03_anexo_b_lista_de_mercancias_de_chile_para_india (previo a 2017).pdf
CHL,original,HS2002,187,63022190,63022190,630221,national8,exact,10,10,0,0,6302.21.90 --- Las demás 10%,03_anexo_b_lista_de_mercancias_de_chile_para_india (previo a 2017).pdf
CHL,original,HS2002,188,63022210,63022210,630222,national8,exact,10,10,0,0,6302.22.10 --- Sábanas y fundas 10%,03_anexo_b_lista_de_mercancias_de_chile_para_india (previo a 2017).pdf
CHL,original,HS2002,189,63023110,63023110,630231,national8,exact,10,10,0,0,6302.31.10 --- Sábanas y fundas 10%,03_anexo_b_lista_de_mercancias_de_chile_para_india (previo a 2017).pdf
CHL,original,HS2002,190,63023190,63023190,630231,national8,exact,10,10,0,0,6302.31.90 --- Las demás 10%,03_anexo_b_lista_de_mercancias_de_chile_para_india (previo a 2017).pdf
CHL,original,HS2002,191,63024000,63024000,630240,national8,exact,10,10,0,0,"6302.40.00 - Ropa de mesa, de punto 10%",03_anexo_b_lista_de_mercancias_de_chile_para_india (previo a 2017).pdf
CHL,original,HS2002,192,63025100,63025100,630251,national8,exact,10,10,0,0,6302.51.00 -- De algodón 10%,03_anexo_b_lista_de_mercancias_de_chile_para_india (previo a 2017).pdf
CHL,original,HS2002,193,63025300,63025300,630253,national8,exact,10,10,0,0,6302.53.00 -- De fibras sintéticas o artificiales 10%,03_anexo_b_lista_de_mercancias_de_chile_para_india (previo a 2017).pdf
CHL,original,HS2002,194,63026014,63026014,630260,national8,exact,10,10,0,0,6302.60.14 --- Toallas cuya mayor dimensión sea superior a 60 cms pero inferior o 10% igual a 160 cms,03_anexo_b_lista_de_mercancias_de_chile_para_india (previo a 2017).pdf
CHL,original,HS2002,195,63026091,63026091,630260,national8,exact,10,10,0,0,6302.60.91 --- Ropa de cocina 10%,03_anexo_b_lista_de_mercancias_de_chile_para_india (previo a 2017).pdf
CHL,original,HS2002,196,63029110,63029110,630291,national8,exact,10,10,0,0,6302.91.10 --- Ropa de cocina 10%,03_anexo_b_lista_de_mercancias_de_chile_para_india (previo a 2017).pdf
CHL,original,HS2002,197,63029190,63029190,630291,national8,exact,10,10,0,0,6302.91.90 --- Las demás 10% 20,03_anexo_b_lista_de_mercancias_de_chile_para_india (previo a 2017).pdf
CHL,original,HS2002,198,63031100,63031100,630311,national8,pending_concordance,10,10,0,1,6303.11.00 -- De algodón 10%,03_anexo_b_lista_de_mercancias_de_chile_para_india (previo a 2017).pdf
CHL,original,HS2002,199,63039100,63039100,630391,national8,exact,10,10,0,0,6303.91.00 -- De algodón 10%,03_anexo_b_lista_de_mercancias_de_chile_para_india (previo a 2017).pdf
CHL,original,HS2002,200,63041100,63041100,630411,national8,exact,10,10,0,0,6304.11.00 -- De punto 10%,03_anexo_b_lista_de_mercancias_de_chile_para_india (previo a 2017).pdf
CHL,original,HS2002,201,63041900,63041900,630419,national8,exact,10,10,0,0,6304.19.00 -- Las demás 10%,03_anexo_b_lista_de_mercancias_de_chile_para_india (previo a 2017).pdf
CHL,original,HS2002,202,63049100,63049100,630491,national8,exact,10,10,0,0,6304.91.00 -- De punto 10%,03_anexo_b_lista_de_mercancias_de_chile_para_india (previo a 2017).pdf
CHL,original,HS2002,203,63049200,63049200,630492,national8,exact,10,10,0,0,"6304.92.00 -- De algodón, excepto de punto 10%",03_anexo_b_lista_de_mercancias_de_chile_para_india (previo a 2017).pdf
CHL,original,HS2002,204,63079000,63079000,630790,national8,exact,10,10,0,0,6307.90.00 - Los demás 10%,03_anexo_b_lista_de_mercancias_de_chile_para_india (previo a 2017).pdf
CHL,original,HS2002,205,64011000,64011000,640110,national8,exact,20,20,0,0,6401.10.00 - Calzado con puntera metálica para protección 20%,03_anexo_b_lista_de_mercancias_de_chile_para_india (previo a 2017).pdf
CHL,original,HS2002,206,64035911,64035911,640359,national8,exact,20,20,0,0,6403.59.11 ---- Con plantilla de longitud inferior a 24 cm 20%,03_anexo_b_lista_de_mercancias_de_chile_para_india (previo a 2017).pdf
CHL,original,HS2002,207,64035912,64035912,640359,national8,exact,20,20,0,0,"6403.59.12 ---- Para hombres, con plantilla de longitud superior o igual a 24 cm 20%",03_anexo_b_lista_de_mercancias_de_chile_para_india (previo a 2017).pdf
CHL,original,HS2002,208,64035992,64035992,640359,national8,exact,20,20,0,0,"6403.59.92 ---- Para hombres, con plantilla de longitud superior o igual a 24 cm 20%",03_anexo_b_lista_de_mercancias_de_chile_para_india (previo a 2017).pdf
CHL,original,HS2002,209,64039911,64039911,640399,national8,exact,20,20,0,0,6403.99.11 ---- Con plantilla de longitud inferior a 24 cm 20%,03_anexo_b_lista_de_mercancias_de_chile_para_india (previo a 2017).pdf
CHL,original,HS2002,210,64039912,64039912,640399,national8,exact,20,20,0,0,"6403.99.12 ---- Para hombres, con plantilla de longitud superior o igual a 24 cm 20%",03_anexo_b_lista_de_mercancias_de_chile_para_india (previo a 2017).pdf
CHL,original,HS2002,211,64039913,64039913,640399,national8,exact,20,20,0,0,"6403.99.13 ---- Para mujeres, con plantilla de longitud superior o igual a 24 cm 20%",03_anexo_b_lista_de_mercancias_de_chile_para_india (previo a 2017).pdf
CHL,original,HS2002,212,64039992,64039992,640399,national8,exact,20,20,0,0,"6403.99.92 ---- Para hombres, con plantilla de longitud superior o igual a 24 cm 20%",03_anexo_b_lista_de_mercancias_de_chile_para_india (previo a 2017).pdf
CHL,original,HS2002,213,64039993,64039993,640399,national8,exact,20,20,0,0,"6403.99.93 ---- Para mujeres, con plantilla de longitud superior o igual a 24 cm 20%",03_anexo_b_lista_de_mercancias_de_chile_para_india (previo a 2017).pdf
CHL,original,HS2002,214,64061000,64061000,640610,national8,exact,50,50,0,0,"6406.10.00 - Partes superiores de calzado y sus partes, excepto los contrafuertes y 50% punteras duras",03_anexo_b_lista_de_mercancias_de_chile_para_india (previo a 2017).pdf
CHL,original,HS2002,215,69021000,69021000,690210,national8,exact,20,50,1,0,"6902.10.00 - Con un contenido de los elementos Mg (magnesio), Ca (calcio) o Cr 20% (cromo), considerados aislada o conjuntamente, superior al 50 % en ",03_anexo_b_lista_de_mercancias_de_chile_para_india (previo a 2017).pdf
CHL,original,HS2002,216,69029000,69029000,690290,national8,exact,20,20,0,0,6902.90.00 - Los demás 20%,03_anexo_b_lista_de_mercancias_de_chile_para_india (previo a 2017).pdf
CHL,original,HS2002,217,71131100,71131100,711311,national8,exact,20,20,0,0,"7113.11.00 -- De plata, incluso revestida o chapada de otro metal precioso (plaqué) 20%",03_anexo_b_lista_de_mercancias_de_chile_para_india (previo a 2017).pdf
CHL,original,HS2002,218,71171990,71171990,711719,national8,exact,20,20,0,0,7117.19.90 --- Las demás 20%,03_anexo_b_lista_de_mercancias_de_chile_para_india (previo a 2017).pdf
CHL,original,HS2002,219,71179000,71179000,711790,national8,exact,20,20,0,0,7117.90.00 - Las demás 20%,03_anexo_b_lista_de_mercancias_de_chile_para_india (previo a 2017).pdf
CHL,original,HS2002,220,72023000,72023000,720230,national8,exact,20,20,0,0,7202.30.00 - Ferro-sílico-manganeso 20%,03_anexo_b_lista_de_mercancias_de_chile_para_india (previo a 2017).pdf
CHL,original,HS2002,221,72083900,72083900,720839,national8,exact,20,20,0,0,7208.39.00 -- De espesor inferior a 3 mm 20%,03_anexo_b_lista_de_mercancias_de_chile_para_india (previo a 2017).pdf
CHL,original,HS2002,222,72104900,72104900,721049,national8,exact,20,20,0,0,7210.49.00 -- Los demás 20%,03_anexo_b_lista_de_mercancias_de_chile_para_india (previo a 2017).pdf
CHL,original,HS2002,223,72221100,72221100,722211,national8,exact,20,20,0,0,7222.11.00 -- De sección circular 20%,03_anexo_b_lista_de_mercancias_de_chile_para_india (previo a 2017).pdf
CHL,original,HS2002,224,72222000,72222000,722220,national8,exact,20,20,0,0,7222.20.00 - Barras simplemente obtenidas o acabadas en frío 20%,03_anexo_b_lista_de_mercancias_de_chile_para_india (previo a 2017).pdf
CHL,original,HS2002,225,72223000,72223000,722230,national8,exact,20,20,0,0,7222.30.00 - Las demás barras 20%,03_anexo_b_lista_de_mercancias_de_chile_para_india (previo a 2017).pdf
CHL,original,HS2002,226,72224000,72224000,722240,national8,exact,20,20,0,0,7222.40.00 - Perfiles 20%,03_anexo_b_lista_de_mercancias_de_chile_para_india (previo a 2017).pdf
CHL,original,HS2002,227,72230000,72230000,722300,national8,exact,20,20,0,0,7223.00.00 Alambre de acero inoxidable. 20%,03_anexo_b_lista_de_mercancias_de_chile_para_india (previo a 2017).pdf
CHL,original,HS2002,228,72285000,72285000,722850,national8,exact,20,20,0,0,"7228.50.00 - Las demás barras, simplemente obtenidas o acabadas en frío 20%",03_anexo_b_lista_de_mercancias_de_chile_para_india (previo a 2017).pdf
CHL,original,HS2002,229,73072900,73072900,730729,national8,exact,20,20,0,0,7307.29.00 -- Los demás 20%,03_anexo_b_lista_de_mercancias_de_chile_para_india (previo a 2017).pdf
CHL,original,HS2002,230,73079100,73079100,730791,national8,exact,20,20,0,0,7307.91.00 -- Bridas 20%,03_anexo_b_lista_de_mercancias_de_chile_para_india (previo a 2017).pdf
CHL,original,HS2002,231,73084000,73084000,730840,national8,exact,20,20,0,0,"7308.40.00 - Material para andamiaje, encofrado, apeo o apuntalamiento 20%",03_anexo_b_lista_de_mercancias_de_chile_para_india (previo a 2017).pdf
CHL,original,HS2002,232,73158910,73158910,731589,national8,exact,20,20,0,0,7315.89.10 --- Para transmisión 20%,03_anexo_b_lista_de_mercancias_de_chile_para_india (previo a 2017).pdf
CHL,original,HS2002,233,73239300,73239300,732393,national8,exact,20,20,0,0,7323.93.00 -- De acero inoxidable 20%,03_anexo_b_lista_de_mercancias_de_chile_para_india (previo a 2017).pdf
CHL,original,HS2002,234,73239900,73239900,732399,national8,exact,20,20,0,0,7323.99.00 -- Los demás 20%,03_anexo_b_lista_de_mercancias_de_chile_para_india (previo a 2017).pdf
CHL,original,HS2002,235,76090000,76090000,760900,national8,exact,20,20,0,0,"7609.00.00 Accesorios para tubería (por ejemplo: empalmes [racores], codos, 20% manguitos) de aluminio.",03_anexo_b_lista_de_mercancias_de_chile_para_india (previo a 2017).pdf
CHL,original,HS2002,236,76151900,76151900,761519,national8,pending_concordance,20,20,0,1,7615.19.00 -- Los demás 20%,03_anexo_b_lista_de_mercancias_de_chile_para_india (previo a 2017).pdf
CHL,original,HS2002,237,82041100,82041100,820411,national8,exact,20,20,0,0,8204.11.00 -- De boca fija 20%,03_anexo_b_lista_de_mercancias_de_chile_para_india (previo a 2017).pdf
CHL,original,HS2002,238,82055990,82055990,820559,national8,exact,20,20,0,0,8205.59.90 --- Las demás 20%,03_anexo_b_lista_de_mercancias_de_chile_para_india (previo a 2017).pdf
CHL,original,HS2002,239,82074000,82074000,820740,national8,exact,20,20,0,0,8207.40.00 - Útiles de roscar (incluso aterrajar) 20%,03_anexo_b_lista_de_mercancias_de_chile_para_india (previo a 2017).pdf
CHL,original,HS2002,240,82075090,82075090,820750,national8,exact,20,20,0,0,8207.50.90 -- Los demás 20% 21,03_anexo_b_lista_de_mercancias_de_chile_para_india (previo a 2017).pdf
CHL,original,HS2002,241,82121010,82121010,821210,national8,exact,20,20,0,0,8212.10.10 -- Máquinas de afeitar desechables 20%,03_anexo_b_lista_de_mercancias_de_chile_para_india (previo a 2017).pdf
CHL,original,HS2002,242,82159900,82159900,821599,national8,exact,20,20,0,0,8215.99.00 -- Los demás 20%,03_anexo_b_lista_de_mercancias_de_chile_para_india (previo a 2017).pdf
CHL,original,HS2002,243,83021000,83021000,830210,national8,exact,20,20,0,0,8302.10.00 - Bisagras de cualquier clase (incluidos los pernos y demás goznes) 20%,03_anexo_b_lista_de_mercancias_de_chile_para_india (previo a 2017).pdf
CHL,original,HS2002,244,83062100,83062100,830621,national8,exact,20,20,0,0,"8306.21.00 -- Plateados, dorados o platinados 20%",03_anexo_b_lista_de_mercancias_de_chile_para_india (previo a 2017).pdf
CHL,original,HS2002,245,83062900,83062900,830629,national8,exact,20,20,0,0,8306.29.00 -- Los demás 20%,03_anexo_b_lista_de_mercancias_de_chile_para_india (previo a 2017).pdf
CHL,original,HS2002,246,83071000,83071000,830710,national8,exact,20,20,0,0,8307.10.00 - De hierro o acero 20%,03_anexo_b_lista_de_mercancias_de_chile_para_india (previo a 2017).pdf
CHL,original,HS2002,247,83099090,83099090,830990,national8,exact,20,20,0,0,8309.90.90 -- Los demás 20%,03_anexo_b_lista_de_mercancias_de_chile_para_india (previo a 2017).pdf
CHL,original,HS2002,248,84099990,84099990,840999,national8,exact,20,20,0,0,8409.99.90 --- Las demás 20%,03_anexo_b_lista_de_mercancias_de_chile_para_india (previo a 2017).pdf
CHL,original,HS2002,249,84158200,84158200,841582,national8,exact,20,20,0,0,"8415.82.00 -- Los demás, con equipo de enfriamiento 20%",03_anexo_b_lista_de_mercancias_de_chile_para_india (previo a 2017).pdf
CHL,original,HS2002,250,84194000,84194000,841940,national8,exact,20,20,0,0,8419.40.00 - Aparatos de destilación o rectificación 20%,03_anexo_b_lista_de_mercancias_de_chile_para_india (previo a 2017).pdf
CHL,original,HS2002,251,84211900,84211900,842119,national8,exact,20,20,0,0,8421.19.00 -- Las demás 20%,03_anexo_b_lista_de_mercancias_de_chile_para_india (previo a 2017).pdf
CHL,original,HS2002,252,84304990,84304990,843049,national8,exact,20,20,0,0,8430.49.90 --- Las demás 20%,03_anexo_b_lista_de_mercancias_de_chile_para_india (previo a 2017).pdf
CHL,original,HS2002,253,84454000,84454000,844540,national8,exact,20,20,0,0,8445.40.00 - Máquinas de bobinar (incluidas las canilleras) o devanar materia 20% textil,03_anexo_b_lista_de_mercancias_de_chile_para_india (previo a 2017).pdf
CHL,original,HS2002,254,84471100,84471100,844711,national8,exact,20,20,0,0,8447.11.00 -- Con cilindro de diámetro inferior o igual a 165 mm 20%,03_anexo_b_lista_de_mercancias_de_chile_para_india (previo a 2017).pdf
CHL,original,HS2002,255,84798910,84798910,847989,national8,exact,20,20,0,0,8479.89.10 --- Para la industria química y farmacéutica 20%,03_anexo_b_lista_de_mercancias_de_chile_para_india (previo a 2017).pdf
CHL,original,HS2002,256,84819000,84819000,848190,national8,exact,20,20,0,0,8481.90.00 - Partes 20%,03_anexo_b_lista_de_mercancias_de_chile_para_india (previo a 2017).pdf
CHL,original,HS2002,257,84822010,84822010,848220,national8,exact,20,20,0,0,8482.20.10 -- Rodamientos de rodillos cónicos de una sola fila 20%,03_anexo_b_lista_de_mercancias_de_chile_para_india (previo a 2017).pdf
CHL,original,HS2002,258,85042320,85042320,850423,national8,exact,20,20,0,0,8504.23.20 --- De potencia superior a 37.500 kVA pero inferior o igual a 75.000 20% kVA,03_anexo_b_lista_de_mercancias_de_chile_para_india (previo a 2017).pdf
CHL,original,HS2002,259,85122030,85122030,851220,national8,exact,20,20,0,0,8512.20.30 -- Para vehículos de la partida 87.03 20%,03_anexo_b_lista_de_mercancias_de_chile_para_india (previo a 2017).pdf
CHL,original,HS2002,260,85171990,85171990,851719,national8,pending_concordance,20,20,0,1,8517.19.90 --- Los demás 20%,03_anexo_b_lista_de_mercancias_de_chile_para_india (previo a 2017).pdf
CHL,original,HS2002,261,85231300,85231300,852313,national8,pending_concordance,20,20,0,1,"8523.13.00 -- De anchura superior a 6,5 mm 20%",03_anexo_b_lista_de_mercancias_de_chile_para_india (previo a 2017).pdf
CHL,original,HS2002,262,85232019,85232019,852320,national8,pending_concordance,20,20,0,1,8523.20.19 --- Los demás 20%,03_anexo_b_lista_de_mercancias_de_chile_para_india (previo a 2017).pdf
CHL,original,HS2002,263,85239000,85239000,852390,national8,pending_concordance,20,20,0,1,8523.90.00 - Los demás 20%,03_anexo_b_lista_de_mercancias_de_chile_para_india (previo a 2017).pdf
CHL,original,HS2002,264,85243910,85243910,852439,national8,pending_concordance,20,20,0,1,"8524.39.10 --- Para reproducir representaciones de instrucciones, datos, sonidos e 20% imágenes grabadas en forma binaria legible por una máquina, que",03_anexo_b_lista_de_mercancias_de_chile_para_india (previo a 2017).pdf
CHL,original,HS2002,265,85389090,85389090,853890,national8,exact,20,20,0,0,8538.90.90 -- Las demás 20%,03_anexo_b_lista_de_mercancias_de_chile_para_india (previo a 2017).pdf
CHL,original,HS2002,266,85392911,85392911,853929,national8,exact,20,20,0,0,8539.29.11 ---- Lámparas y tubos eléctricos de incandescencia 20%,03_anexo_b_lista_de_mercancias_de_chile_para_india (previo a 2017).pdf
CHL,original,HS2002,267,85451100,85451100,854511,national8,exact,20,20,0,0,8545.11.00 -- De los tipos utilizados en hornos 20%,03_anexo_b_lista_de_mercancias_de_chile_para_india (previo a 2017).pdf
CHL,original,HS2002,268,87019011,87019011,870190,national8,exact,20,20,0,0,8701.90.11 --- Agrícolas 20%,03_anexo_b_lista_de_mercancias_de_chile_para_india (previo a 2017).pdf
CHL,original,HS2002,269,87019019,87019019,870190,national8,exact,20,20,0,0,8701.90.19 --- Los demás 20%,03_anexo_b_lista_de_mercancias_de_chile_para_india (previo a 2017).pdf
CHL,original,HS2002,270,87032191,87032191,870321,national8,exact,20,20,0,0,8703.21.91 ---- Automóviles de turismo 20%,03_anexo_b_lista_de_mercancias_de_chile_para_india (previo a 2017).pdf
CHL,original,HS2002,271,87083990,87083990,870839,national8,pending_concordance,20,20,0,1,8708.39.90 --- Los demás 20%,03_anexo_b_lista_de_mercancias_de_chile_para_india (previo a 2017).pdf
CHL,original,HS2002,272,87089390,87089390,870893,national8,exact,20,20,0,0,8708.93.90 --- Partes 20%,03_anexo_b_lista_de_mercancias_de_chile_para_india (previo a 2017).pdf
CHL,original,HS2002,273,87089990,87089990,870899,national8,exact,20,20,0,0,8708.99.90 --- Los demás 20%,03_anexo_b_lista_de_mercancias_de_chile_para_india (previo a 2017).pdf
CHL,original,HS2002,274,87112010,87112010,871120,national8,exact,20,20,0,0,8711.20.10 -- De turismo 20%,03_anexo_b_lista_de_mercancias_de_chile_para_india (previo a 2017).pdf
CHL,original,HS2002,275,87112020,87112020,871120,national8,exact,20,20,0,0,8711.20.20 -- De todo terreno 20%,03_anexo_b_lista_de_mercancias_de_chile_para_india (previo a 2017).pdf
CHL,original,HS2002,276,87149990,87149990,871499,national8,exact,20,20,0,0,8714.99.90 --- Los demás 20%,03_anexo_b_lista_de_mercancias_de_chile_para_india (previo a 2017).pdf
CHL,original,HS2002,277,90014000,90014000,900140,national8,exact,20,20,0,0,9001.40.00 - Lentes de vidrio para gafas (anteojos) 20%,03_anexo_b_lista_de_mercancias_de_chile_para_india (previo a 2017).pdf
CHL,original,HS2002,278,90065390,90065390,900653,national8,exact,20,20,0,0,9006.53.90 --- Las demás 20%,03_anexo_b_lista_de_mercancias_de_chile_para_india (previo a 2017).pdf
CHL,original,HS2002,279,90065900,90065900,900659,national8,exact,20,20,0,0,9006.59.00 -- Las demás 20%,03_anexo_b_lista_de_mercancias_de_chile_para_india (previo a 2017).pdf
CHL,original,HS2002,280,90181110,90181110,901811,national8,exact,20,20,0,0,9018.11.10 --- Electrocardiógrafos 20%,03_anexo_b_lista_de_mercancias_de_chile_para_india (previo a 2017).pdf
CHL,original,HS2002,281,90183200,90183200,901832,national8,exact,100,100,0,0,9018.32.00 -- Agujas tubulares de metal y agujas de sutura 100%,03_anexo_b_lista_de_mercancias_de_chile_para_india (previo a 2017).pdf
CHL,original,HS2002,282,90183910,90183910,901839,national8,exact,100,100,0,0,9018.39.10 --- Catéteres 100%,03_anexo_b_lista_de_mercancias_de_chile_para_india (previo a 2017).pdf
CHL,original,HS2002,283,90183990,90183990,901839,national8,exact,100,100,0,0,9018.39.90 --- Los demás 100% 22,03_anexo_b_lista_de_mercancias_de_chile_para_india (previo a 2017).pdf
CHL,original,HS2002,284,90189080,90189080,901890,national8,exact,20,20,0,0,9018.90.80 -- Los demás instrumentos y aparatos 20%,03_anexo_b_lista_de_mercancias_de_chile_para_india (previo a 2017).pdf
CHL,original,HS2002,285,90200011,90200011,902000,national8,exact,20,20,0,0,9020.00.11 -- Autónomos 20%,03_anexo_b_lista_de_mercancias_de_chile_para_india (previo a 2017).pdf
CHL,original,HS2002,286,92079000,92079000,920790,national8,exact,20,20,0,0,9207.90.00 - Los demás 20%,03_anexo_b_lista_de_mercancias_de_chile_para_india (previo a 2017).pdf
CHL,original,HS2002,287,94036090,94036090,940360,national8,exact,20,20,0,0,9403.60.90 -- Los demás 20%,03_anexo_b_lista_de_mercancias_de_chile_para_india (previo a 2017).pdf
CHL,original,HS2002,288,94049010,94049010,940490,national8,exact,20,20,0,0,9404.90.10 -- Edredones 20%,03_anexo_b_lista_de_mercancias_de_chile_para_india (previo a 2017).pdf
CHL,original,HS2002,289,94049020,94049020,940490,national8,exact,20,20,0,0,9404.90.20 -- Cojines y almohadas 20%,03_anexo_b_lista_de_mercancias_de_chile_para_india (previo a 2017).pdf
CHL,original,HS2002,290,94049090,94049090,940490,national8,exact,20,20,0,0,9404.90.90 -- Los demás 20%,03_anexo_b_lista_de_mercancias_de_chile_para_india (previo a 2017).pdf
CHL,original,HS2002,291,94055000,94055000,940550,national8,exact,20,20,0,0,9405.50.00 - Aparatos de alumbrado no eléctricos 20%,03_anexo_b_lista_de_mercancias_de_chile_para_india (previo a 2017).pdf
CHL,original,HS2002,292,95066210,95066210,950662,national8,exact,20,20,0,0,9506.62.10 --- Para fútbol 20%,03_anexo_b_lista_de_mercancias_de_chile_para_india (previo a 2017).pdf
CHL,original,HS2002,293,95066220,95066220,950662,national8,exact,20,20,0,0,9506.62.20 --- Para baloncesto 20%,03_anexo_b_lista_de_mercancias_de_chile_para_india (previo a 2017).pdf
CHL,original,HS2002,294,95066290,95066290,950662,national8,exact,20,20,0,0,9506.62.90 --- Los demás 20%,03_anexo_b_lista_de_mercancias_de_chile_para_india (previo a 2017).pdf
CHL,original,HS2002,295,96020000,96020000,960200,national8,exact,20,20,0,0,"9602.00.00 Materias vegetales o minerales para tallar, trabajadas, y manufacturas 20% de estas materias; manufacturas moldeadas o talladas de cera, pa",03_anexo_b_lista_de_mercancias_de_chile_para_india (previo a 2017).pdf
CHL,original,HS2002,296,96032100,96032100,960321,national8,exact,20,20,0,0,"9603.21.00 -- Cepillos de dientes, incluidos los cepillos para dentaduras postizas 20% 23",03_anexo_b_lista_de_mercancias_de_chile_para_india (previo a 2017).pdf
CHL,expanded_2017,HS2017,1,03061600,03061600,030616,national8,exact,80,80,0,0,"03061600 -- Camarones, langostinos y demás 80% decápodos Natantia,",03_anexo_chile_sa_2017.pdf
CHL,expanded_2017,HS2017,2,03061719,03061719,030617,national8,exact,80,80,0,0,03061719 ---- Los demás 80%,03_anexo_chile_sa_2017.pdf
CHL,expanded_2017,HS2017,3,06029011,06029011,060290,national8,exact,100,100,0,0,"06029011 --- De pino (Pinus radiata, Pinus spp.) 100%",03_anexo_chile_sa_2017.pdf
CHL,expanded_2017,HS2017,4,06029012,06029012,060290,national8,exact,100,100,0,0,06029012 --- De álamo ( Populus spp.) 100%,03_anexo_chile_sa_2017.pdf
CHL,expanded_2017,HS2017,5,06029013,06029013,060290,national8,exact,100,100,0,0,06029013 --- De eucalipto (Eucalyptus spp.) 100%,03_anexo_chile_sa_2017.pdf
CHL,expanded_2017,HS2017,6,06029014,06029014,060290,national8,exact,100,100,0,0,06029014 --- De crisantemo (Chrysanthemun 100% spp.),03_anexo_chile_sa_2017.pdf
CHL,expanded_2017,HS2017,7,06029015,06029015,060290,national8,exact,100,100,0,0,"06029015 --- De orquidea (Phalaenopsis spp., 100% Dendrobium spp., Cymidium spp.,",03_anexo_chile_sa_2017.pdf
CHL,expanded_2017,HS2017,8,06029016,06029016,060290,national8,exact,100,100,0,0,06029016 --- De dracena (Dracaena spp.) 100%,03_anexo_chile_sa_2017.pdf
CHL,expanded_2017,HS2017,9,06029019,06029019,060290,national8,exact,100,100,0,0,06029019 --- Las demás 100%,03_anexo_chile_sa_2017.pdf
CHL,expanded_2017,HS2017,10,06029021,06029021,060290,national8,exact,100,100,0,0,"06029021 --- De arándano y cranberry, 100% (Vaccinium spp.)",03_anexo_chile_sa_2017.pdf
CHL,expanded_2017,HS2017,11,06029022,06029022,060290,national8,exact,100,100,0,0,06029022 --- De frambueso y mora (Rubus 100% spp.),03_anexo_chile_sa_2017.pdf
CHL,expanded_2017,HS2017,12,06029023,06029023,060290,national8,exact,100,100,0,0,06029023 --- De frutilla (Fragaria spp.) 100%,03_anexo_chile_sa_2017.pdf
CHL,expanded_2017,HS2017,13,06029024,06029024,060290,national8,exact,100,100,0,0,06029024 --- De zarzaparrilla y grosellero 100% (Ribes spp.),03_anexo_chile_sa_2017.pdf
CHL,expanded_2017,HS2017,14,06029025,06029025,060290,national8,exact,100,100,0,0,06029025 --- De limonero (Citrus x limon) 100%,03_anexo_chile_sa_2017.pdf
CHL,expanded_2017,HS2017,15,06029026,06029026,060290,national8,exact,100,100,0,0,06029026 --- De naranjo (Citrus sinensis) 100%,03_anexo_chile_sa_2017.pdf
CHL,expanded_2017,HS2017,16,06029027,06029027,060290,national8,exact,100,100,0,0,"06029027 --- De mandarino, tangerina y 100% clementina (Citrus reticulata)",03_anexo_chile_sa_2017.pdf
CHL,expanded_2017,HS2017,17,06029029,06029029,060290,national8,exact,100,100,0,0,06029029 --- Las demás 100%,03_anexo_chile_sa_2017.pdf
CHL,expanded_2017,HS2017,18,06029031,06029031,060290,national8,exact,100,100,0,0,06029031 --- De cerezo (Prunus avium) y 100% guindo (Prunus cerasus),03_anexo_chile_sa_2017.pdf
CHL,expanded_2017,HS2017,19,06029032,06029032,060290,national8,exact,100,100,0,0,06029032 --- De duraznero (Prunus persica) y 100% nectarino (Prunus persica,03_anexo_chile_sa_2017.pdf
CHL,expanded_2017,HS2017,20,06029033,06029033,060290,national8,exact,100,100,0,0,06029033 --- De damasco (Prunus armeniaca) 100%,03_anexo_chile_sa_2017.pdf
CHL,expanded_2017,HS2017,21,06029034,06029034,060290,national8,exact,100,100,0,0,06029034 --- De ciruelo japonés (Prunus 100% salicina) y ciruelo europeo (Prunus domestica),03_anexo_chile_sa_2017.pdf
CHL,expanded_2017,HS2017,22,06029035,06029035,060290,national8,exact,100,100,0,0,"06029035 --- De manzano (Malus pumila, Malus 100% domestica)",03_anexo_chile_sa_2017.pdf
CHL,expanded_2017,HS2017,23,06029036,06029036,060290,national8,exact,100,100,0,0,"06029036 --- De peral (Pyrus communis, Pyrus 100% spp.)",03_anexo_chile_sa_2017.pdf
CHL,expanded_2017,HS2017,24,06029039,06029039,060290,national8,exact,100,100,0,0,06029039 --- Las demás 100%,03_anexo_chile_sa_2017.pdf
CHL,expanded_2017,HS2017,25,06029041,06029041,060290,national8,exact,100,100,0,0,06029041 --- De vid vinífera (Vitis vinifera) 100%,03_anexo_chile_sa_2017.pdf
CHL,expanded_2017,HS2017,26,06029042,06029042,060290,national8,exact,100,100,0,0,06029042 --- De otras vides (Vitis spp.) 100%,03_anexo_chile_sa_2017.pdf
CHL,expanded_2017,HS2017,27,06029043,06029043,060290,national8,exact,100,100,0,0,06029043 --- De kiwi (Actinidia spp.) 100%,03_anexo_chile_sa_2017.pdf
CHL,expanded_2017,HS2017,28,06029044,06029044,060290,national8,exact,100,100,0,0,06029044 --- De granado (Punica granatum) 100%,03_anexo_chile_sa_2017.pdf
CHL,expanded_2017,HS2017,29,06029045,06029045,060290,national8,exact,100,100,0,0,06029045 --- De avellano (Corylus spp.) 100%,03_anexo_chile_sa_2017.pdf
CHL,expanded_2017,HS2017,30,06029049,06029049,060290,national8,exact,100,100,0,0,06029049 --- Las demás 100%,03_anexo_chile_sa_2017.pdf
CHL,expanded_2017,HS2017,31,06029051,06029051,060290,national8,exact,100,100,0,0,"06029051 --- De bambú (Bambusa spp., 100% Phyllostachys spp. y otros)",03_anexo_chile_sa_2017.pdf
CHL,expanded_2017,HS2017,32,06029052,06029052,060290,national8,exact,100,100,0,0,"06029052 --- De pino (Pinus radiata, Pinus spp.) 100%",03_anexo_chile_sa_2017.pdf
CHL,expanded_2017,HS2017,33,06029053,06029053,060290,national8,exact,100,100,0,0,06029053 --- De sauce (Salix spp.) 100%,03_anexo_chile_sa_2017.pdf
CHL,expanded_2017,HS2017,34,06029054,06029054,060290,national8,exact,100,100,0,0,06029054 --- De álamo (Populus spp.) 100%,03_anexo_chile_sa_2017.pdf
CHL,expanded_2017,HS2017,35,06029055,06029055,060290,national8,exact,100,100,0,0,06029055 --- De crisantemo (Chrysanthemun 100% spp.),03_anexo_chile_sa_2017.pdf
CHL,expanded_2017,HS2017,36,06029056,06029056,060290,national8,exact,100,100,0,0,06029056 --- De lilium (Lilium spp.) 100%,03_anexo_chile_sa_2017.pdf
CHL,expanded_2017,HS2017,37,06029059,06029059,060290,national8,exact,100,100,0,0,06029059 --- Los demás 100%,03_anexo_chile_sa_2017.pdf
CHL,expanded_2017,HS2017,38,06029090,06029090,060290,national8,exact,100,100,0,0,06029090 -- Las demás 100%,03_anexo_chile_sa_2017.pdf
CHL,expanded_2017,HS2017,39,06031100,06031100,060311,national8,exact,60,60,0,0,06031100 -- Rosas 60%,03_anexo_chile_sa_2017.pdf
CHL,expanded_2017,HS2017,40,06039000,06039000,060390,national8,exact,80,80,0,0,06039000 - Los demás 80%,03_anexo_chile_sa_2017.pdf
CHL,expanded_2017,HS2017,41,07019000,07019000,070190,national8,exact,60,60,0,0,07019000 - Las demás 60%,03_anexo_chile_sa_2017.pdf
CHL,expanded_2017,HS2017,42,07114010,07114010,071140,national8,exact,60,60,0,0,07114010 -- En salmuera 60%,03_anexo_chile_sa_2017.pdf
CHL,expanded_2017,HS2017,43,07114090,07114090,071140,national8,exact,80,80,0,0,07114090 -- Los demás 80%,03_anexo_chile_sa_2017.pdf
CHL,expanded_2017,HS2017,44,07119000,07119000,071190,national8,exact,80,80,0,0,07119000 - Las demás hortalizas; mezclas de 80% hortalizas,03_anexo_chile_sa_2017.pdf
CHL,expanded_2017,HS2017,45,07122000,07122000,071220,national8,exact,80,80,0,0,07122000 - Cebollas 80%,03_anexo_chile_sa_2017.pdf
CHL,expanded_2017,HS2017,46,07132000,07132000,071320,national8,exact,60,60,0,0,07132000 - Garbanzos 60%,03_anexo_chile_sa_2017.pdf
CHL,expanded_2017,HS2017,47,07133490,07133490,071334,national8,exact,60,60,0,0,07133490 --- Los demás 60%,03_anexo_chile_sa_2017.pdf
CHL,expanded_2017,HS2017,48,07133590,07133590,071335,national8,exact,60,60,0,0,07133590 --- Los demás 60%,03_anexo_chile_sa_2017.pdf
CHL,expanded_2017,HS2017,49,07133990,07133990,071339,national8,exact,60,60,0,0,07133990 --- Las demás 60%,03_anexo_chile_sa_2017.pdf
CHL,expanded_2017,HS2017,50,08013200,08013200,080132,national8,exact,60,60,0,0,08013200 -- Sin cáscara 60%,03_anexo_chile_sa_2017.pdf
CHL,expanded_2017,HS2017,51,08025100,08025100,080251,national8,exact,80,80,0,0,08025100 -- Con cáscara 80%,03_anexo_chile_sa_2017.pdf
CHL,expanded_2017,HS2017,52,08025200,08025200,080252,national8,exact,80,80,0,0,08025200 -- Sin cáscara 80%,03_anexo_chile_sa_2017.pdf
CHL,expanded_2017,HS2017,53,08031000,08031000,080310,national8,exact,60,60,0,0,08031000 - Plátanos «plantains» 60%,03_anexo_chile_sa_2017.pdf
CHL,expanded_2017,HS2017,54,08039000,08039000,080390,national8,exact,60,60,0,0,08039000 - Los demás 60%,03_anexo_chile_sa_2017.pdf
CHL,expanded_2017,HS2017,55,09021000,09021000,090210,national8,exact,100,100,0,0,09021000 - Té verde (sin fermentar) presentado 100% en envases inmediatos,03_anexo_chile_sa_2017.pdf
CHL,expanded_2017,HS2017,56,09023010,09023010,090230,national8,exact,100,100,0,0,09023010 -- Orgánico 100%,03_anexo_chile_sa_2017.pdf
CHL,expanded_2017,HS2017,57,09023090,09023090,090230,national8,exact,100,100,0,0,09023090 -- Los demás 100%,03_anexo_chile_sa_2017.pdf
CHL,expanded_2017,HS2017,58,09024000,09024000,090240,national8,exact,80,80,0,0,"09024000 - Té negro (fermentado) y té 80% parcialmente fermentado,",03_anexo_chile_sa_2017.pdf
CHL,expanded_2017,HS2017,59,09041100,09041100,090411,national8,exact,100,100,0,0,09041100 -- Sin triturar ni pulverizar 100%,03_anexo_chile_sa_2017.pdf
CHL,expanded_2017,HS2017,60,09062000,09062000,090620,national8,exact,80,80,0,0,09062000 - Trituradas o pulverizadas 80%,03_anexo_chile_sa_2017.pdf
CHL,expanded_2017,HS2017,61,09071000,09071000,090710,national8,exact,100,100,0,0,09071000 - Sin triturar ni pulverizar 100%,03_anexo_chile_sa_2017.pdf
CHL,expanded_2017,HS2017,62,09072000,09072000,090720,national8,exact,100,100,0,0,09072000 - Triturados o pulverizados 100%,03_anexo_chile_sa_2017.pdf
CHL,expanded_2017,HS2017,63,09081100,09081100,090811,national8,exact,80,80,0,0,09081100 -- Sin triturar ni pulverizar 80%,03_anexo_chile_sa_2017.pdf
CHL,expanded_2017,HS2017,64,09081200,09081200,090812,national8,exact,80,80,0,0,09081200 -- Triturada o pulverizada 80%,03_anexo_chile_sa_2017.pdf
CHL,expanded_2017,HS2017,65,09083100,09083100,090831,national8,exact,80,80,0,0,09083100 -- Sin triturar ni pulverizar 80%,03_anexo_chile_sa_2017.pdf
CHL,expanded_2017,HS2017,66,09083200,09083200,090832,national8,exact,80,80,0,0,09083200 -- Triturados o pulverizados 80%,03_anexo_chile_sa_2017.pdf
CHL,expanded_2017,HS2017,67,09092100,09092100,090921,national8,exact,100,100,0,0,09092100 -- Sin triturar ni pulverizar 100%,03_anexo_chile_sa_2017.pdf
CHL,expanded_2017,HS2017,68,09092200,09092200,090922,national8,exact,100,100,0,0,09092200 -- Trituradas o pulverizadas 100%,03_anexo_chile_sa_2017.pdf
CHL,expanded_2017,HS2017,69,09093100,09093100,090931,national8,exact,80,80,0,0,09093100 -- Sin triturar ni pulverizar 80%,03_anexo_chile_sa_2017.pdf
CHL,expanded_2017,HS2017,70,09093200,09093200,090932,national8,exact,80,80,0,0,09093200 -- Trituradas o pulverizadas 80%,03_anexo_chile_sa_2017.pdf
CHL,expanded_2017,HS2017,71,09096100,09096100,090961,national8,exact,80,80,0,0,09096100 -- Sin triturar ni pulverizar 80%,03_anexo_chile_sa_2017.pdf
CHL,expanded_2017,HS2017,72,09096200,09096200,090962,national8,exact,80,80,0,0,09096200 -- Trituradas o pulverizadas 80%,03_anexo_chile_sa_2017.pdf
CHL,expanded_2017,HS2017,73,09101110,09101110,091011,national8,exact,100,100,0,0,09101110 --- Rizomas 100%,03_anexo_chile_sa_2017.pdf
CHL,expanded_2017,HS2017,74,09101190,09101190,091011,national8,exact,100,100,0,0,09101190 --- Los demás 100%,03_anexo_chile_sa_2017.pdf
CHL,expanded_2017,HS2017,75,09101200,09101200,091012,national8,exact,100,100,0,0,09101200 - Triturado o pulverizado 100%,03_anexo_chile_sa_2017.pdf
CHL,expanded_2017,HS2017,76,09103000,09103000,091030,national8,exact,100,100,0,0,09103000 - Cúrcuma 100%,03_anexo_chile_sa_2017.pdf
CHL,expanded_2017,HS2017,77,09109900,09109900,091099,national8,exact,100,100,0,0,09109900 -- Las demás 100%,03_anexo_chile_sa_2017.pdf
CHL,expanded_2017,HS2017,78,11081200,11081200,110812,national8,exact,60,60,0,0,11081200 -- Almidón de maíz 60%,03_anexo_chile_sa_2017.pdf
CHL,expanded_2017,HS2017,79,12074010,12074010,120740,national8,exact,80,80,0,0,12074010 -- Para siembra 80%,03_anexo_chile_sa_2017.pdf
CHL,expanded_2017,HS2017,80,12074090,12074090,120740,national8,exact,80,80,0,0,12074090 -- Las demás 80%,03_anexo_chile_sa_2017.pdf
CHL,expanded_2017,HS2017,81,12075090,12075090,120750,national8,exact,80,80,0,0,12075090 -- Las demás 80%,03_anexo_chile_sa_2017.pdf
CHL,expanded_2017,HS2017,82,12115000,12115000,121150,national8,pending_concordance,0,60,1,1,"12115000 - Efedra 60%: No orgánicas, utilizadas principalmente en perfumería, medicina o para usos insecticidas, parasiticidas o similares, frescas o ",03_anexo_chile_sa_2017.pdf
CHL,expanded_2017,HS2017,83,12119040,12119040,121190,national8,exact,60,60,0,0,12119040 -- Hojas de estevia (Stevia 60% rebaudiana),03_anexo_chile_sa_2017.pdf
CHL,expanded_2017,HS2017,84,12119092,12119092,121190,national8,exact,60,60,0,0,12119092 --- Hojas de maqui orgánico 60%,03_anexo_chile_sa_2017.pdf
CHL,expanded_2017,HS2017,85,12119093,12119093,121190,national8,exact,60,60,0,0,12119093 --- Las demás hojas de maqui 60%,03_anexo_chile_sa_2017.pdf
CHL,expanded_2017,HS2017,86,12119094,12119094,121190,national8,exact,60,60,0,0,12119094 --- Los demás orgánicos 60%,03_anexo_chile_sa_2017.pdf
CHL,expanded_2017,HS2017,87,12119099,12119099,121190,national8,exact,0,60,1,0,"12119099 --- Los demás 60%: No orgánicos, utilizados principalmente en perfumería, medicina o para usos insecticidas, parasiticidas o similares, fresc",03_anexo_chile_sa_2017.pdf
CHL,expanded_2017,HS2017,88,13012000,13012000,130120,national8,exact,80,80,0,0,13012000 - Goma arábiga 80%,03_anexo_chile_sa_2017.pdf
CHL,expanded_2017,HS2017,89,13019000,13019000,130190,national8,exact,80,80,0,0,13019000 - Los demás 80%,03_anexo_chile_sa_2017.pdf
CHL,expanded_2017,HS2017,90,13021400,13021400,130214,national8,pending_concordance,80,80,0,1,13021400 -- De efedra 80%,03_anexo_chile_sa_2017.pdf
CHL,expanded_2017,HS2017,91,13021990,13021990,130219,national8,exact,80,80,0,0,13021990 --- Los demás 80%,03_anexo_chile_sa_2017.pdf
CHL,expanded_2017,HS2017,92,13023200,13023200,130232,national8,exact,80,80,0,0,13023200 -- Mucílagos y espesativos de la 80% algarroba o de su semilla o,03_anexo_chile_sa_2017.pdf
CHL,expanded_2017,HS2017,93,13023990,13023990,130239,national8,exact,80,80,0,0,13023990 --- Los demás 80%,03_anexo_chile_sa_2017.pdf
CHL,expanded_2017,HS2017,94,15060000,15060000,150600,national8,exact,80,80,0,0,"15060000 Las demás grasas y aceites 80% animales, y sus fracciones, incluso refinados, pero sin modificar químicamente.",03_anexo_chile_sa_2017.pdf
CHL,expanded_2017,HS2017,95,15153000,15153000,151530,national8,exact,80,80,0,0,15153000 - Aceite de ricino y sus fracciones 80%,03_anexo_chile_sa_2017.pdf
CHL,expanded_2017,HS2017,96,15159021,15159021,151590,national8,exact,60,60,0,0,15159021 --- De paltas orgánicas 60%,03_anexo_chile_sa_2017.pdf
CHL,expanded_2017,HS2017,97,15159029,15159029,151590,national8,exact,60,60,0,0,15159029 --- De las demás paltas 60%,03_anexo_chile_sa_2017.pdf
CHL,expanded_2017,HS2017,98,15159031,15159031,151590,national8,exact,60,60,0,0,15159031 --- Orgánico 60%,03_anexo_chile_sa_2017.pdf
CHL,expanded_2017,HS2017,99,15159039,15159039,151590,national8,exact,60,60,0,0,15159039 --- Los demás 60%,03_anexo_chile_sa_2017.pdf
CHL,expanded_2017,HS2017,100,15159090,15159090,151590,national8,exact,60,60,0,0,15159090 -- Los demás 60%,03_anexo_chile_sa_2017.pdf
CHL,expanded_2017,HS2017,101,15161012,15161012,151610,national8,exact,100,100,0,0,15161012 --- De mamíferos marinos 100%,03_anexo_chile_sa_2017.pdf
CHL,expanded_2017,HS2017,102,15162000,15162000,151620,national8,exact,100,100,0,0,"15162000 - Grasas y aceites, vegetales, y sus 100% fracciones",03_anexo_chile_sa_2017.pdf
CHL,expanded_2017,HS2017,103,17021100,17021100,170211,national8,exact,99,100,1,0,17021100 -- Con un contenido de lactosa 100% superior o igual al 99 % en,03_anexo_chile_sa_2017.pdf
CHL,expanded_2017,HS2017,104,19059030,19059030,190590,national8,exact,80,80,0,0,19059030 -- Galletas saladas 80%,03_anexo_chile_sa_2017.pdf
CHL,expanded_2017,HS2017,105,20011000,20011000,200110,national8,exact,80,80,0,0,20011000 - Pepinos y pepinillos 80%,03_anexo_chile_sa_2017.pdf
CHL,expanded_2017,HS2017,106,20019090,20019090,200190,national8,exact,80,80,0,0,20019090 -- Los demás 80%,03_anexo_chile_sa_2017.pdf
CHL,expanded_2017,HS2017,107,20059990,20059990,200599,national8,exact,100,100,0,0,20059990 -- Las demás 100%,03_anexo_chile_sa_2017.pdf
CHL,expanded_2017,HS2017,108,20079931,20079931,200799,national8,exact,0,0,0,0,20079931 ---- Pulpa de manzanas orgánicas 8 0 %,03_anexo_chile_sa_2017.pdf
CHL,expanded_2017,HS2017,109,20079939,20079939,200799,national8,exact,0,0,0,0,20079939 ---- Los demás 8 0 %,03_anexo_chile_sa_2017.pdf
CHL,expanded_2017,HS2017,110,20079941,20079941,200799,national8,exact,80,80,0,0,"20079941 ---- Puré de moras orgánicas, 80% congelado",03_anexo_chile_sa_2017.pdf
CHL,expanded_2017,HS2017,111,20079949,20079949,200799,national8,exact,0,0,0,0,20079949 ---- Los demás 8 0 %,03_anexo_chile_sa_2017.pdf
CHL,expanded_2017,HS2017,112,20079951,20079951,200799,national8,exact,80,80,0,0,20079951 ---- Pulpa de mangos orgánicos 80%,03_anexo_chile_sa_2017.pdf
CHL,expanded_2017,HS2017,113,20079959,20079959,200799,national8,exact,80,80,0,0,20079959 ---- Los demás 80%,03_anexo_chile_sa_2017.pdf
CHL,expanded_2017,HS2017,114,20079991,20079991,200799,national8,exact,80,80,0,0,20079991 ---- Orgánicos 80%,03_anexo_chile_sa_2017.pdf
CHL,expanded_2017,HS2017,115,20079999,20079999,200799,national8,exact,80,80,0,0,20079999 ---- Los demás 80%,03_anexo_chile_sa_2017.pdf
CHL,expanded_2017,HS2017,116,20098100,20098100,200981,national8,exact,80,80,0,0,"20098100 -- De arándanos rojos (Vaccinium 80% macrocarpon,",03_anexo_chile_sa_2017.pdf
CHL,expanded_2017,HS2017,117,20098990,20098990,200989,national8,exact,80,80,0,0,20098990 --- Los demás 80%,03_anexo_chile_sa_2017.pdf
CHL,expanded_2017,HS2017,118,21012010,21012010,210120,national8,exact,80,80,0,0,"21012010 -- Preparaciones a base de extractos, 80% esencias o concentrados",03_anexo_chile_sa_2017.pdf
CHL,expanded_2017,HS2017,119,21039090,21039090,210390,national8,exact,80,80,0,0,21039090 -- Los demás 80%,03_anexo_chile_sa_2017.pdf
CHL,expanded_2017,HS2017,120,21069090,21069090,210690,national8,exact,30,30,0,0,21069090 -- Las demás 30%,03_anexo_chile_sa_2017.pdf
CHL,expanded_2017,HS2017,121,23091090,23091090,230910,national8,exact,60,60,0,0,23091090 -- Los demás 60%,03_anexo_chile_sa_2017.pdf
CHL,expanded_2017,HS2017,122,23099090,23099090,230990,national8,exact,80,80,0,0,23099090 -- Las demás 80%,03_anexo_chile_sa_2017.pdf
CHL,expanded_2017,HS2017,123,24011090,24011090,240110,national8,exact,60,60,0,0,24011090 -- Los demás 60%,03_anexo_chile_sa_2017.pdf
CHL,expanded_2017,HS2017,124,24012090,24012090,240120,national8,exact,60,60,0,0,24012090 -- Los demás 60%,03_anexo_chile_sa_2017.pdf
CHL,expanded_2017,HS2017,125,24013000,24013000,240130,national8,exact,60,60,0,0,24013000 - Desperdicios de tabaco 60%,03_anexo_chile_sa_2017.pdf
CHL,expanded_2017,HS2017,126,24029000,24029000,240290,national8,exact,100,100,0,0,24029000 - Los demás 100%,03_anexo_chile_sa_2017.pdf
CHL,expanded_2017,HS2017,127,25051000,25051000,250510,national8,exact,80,80,0,0,25051000 - Arenas silíceas y arenas cuarzosas 80%,03_anexo_chile_sa_2017.pdf
CHL,expanded_2017,HS2017,128,25059000,25059000,250590,national8,exact,80,80,0,0,25059000 - Las demás 80%,03_anexo_chile_sa_2017.pdf
CHL,expanded_2017,HS2017,129,25081000,25081000,250810,national8,exact,80,80,0,0,25081000 - Bentonita 80%,03_anexo_chile_sa_2017.pdf
CHL,expanded_2017,HS2017,130,25132000,25132000,251320,national8,exact,80,80,0,0,"25132000 - Esmeril, corindón natural, granate 80% natural y demás abrasivos",03_anexo_chile_sa_2017.pdf
CHL,expanded_2017,HS2017,131,25251000,25251000,252510,national8,exact,60,60,0,0,25251000 - Mica en bruto o exfoliada en hojas o 60% en laminillas,03_anexo_chile_sa_2017.pdf
CHL,expanded_2017,HS2017,132,25252000,25252000,252520,national8,exact,80,80,0,0,25252000 - Mica en polvo 80%,03_anexo_chile_sa_2017.pdf
CHL,expanded_2017,HS2017,133,26100000,26100000,261000,national8,exact,60,60,0,0,26100000 Minerales de cromo y sus 60% concentrados.,03_anexo_chile_sa_2017.pdf
CHL,expanded_2017,HS2017,134,26151000,26151000,261510,national8,exact,80,80,0,0,26151000 - Minerales de circonio y sus 80% concentrados,03_anexo_chile_sa_2017.pdf
CHL,expanded_2017,HS2017,135,26219090,26219090,262190,national8,exact,100,100,0,0,26219090 -- Las demás 100%,03_anexo_chile_sa_2017.pdf
CHL,expanded_2017,HS2017,136,27101951,27101951,271019,national8,pending_concordance,60,60,0,1,27101951 ---- Fuel oil 6 60%,03_anexo_chile_sa_2017.pdf
CHL,expanded_2017,HS2017,137,27101961,27101961,271019,national8,pending_concordance,80,80,0,1,27101961 ---- Aceites básicos 80%,03_anexo_chile_sa_2017.pdf
CHL,expanded_2017,HS2017,138,27101965,27101965,271019,national8,pending_concordance,60,60,0,1,"27101965 ---- Aceites lubricantes terminados, 60% en aerosol con gas propelente",03_anexo_chile_sa_2017.pdf
CHL,expanded_2017,HS2017,139,27101966,27101966,271019,national8,pending_concordance,60,60,0,1,27101966 ---- Los demás aceites lubricantes 60% terminados,03_anexo_chile_sa_2017.pdf
CHL,expanded_2017,HS2017,140,27101969,27101969,271019,national8,pending_concordance,80,80,0,1,27101969 ---- Los demás 80%,03_anexo_chile_sa_2017.pdf
CHL,expanded_2017,HS2017,141,27101999,27101999,271019,national8,pending_concordance,100,100,0,1,27101999 ---- Los demás 100%,03_anexo_chile_sa_2017.pdf
CHL,expanded_2017,HS2017,142,27102000,27102000,271020,national8,pending_concordance,80,80,0,1,27102000 - Aceites de petróleo o de mineral 80% bituminoso (excepto los,03_anexo_chile_sa_2017.pdf
CHL,expanded_2017,HS2017,143,27111200,27111200,271112,national8,exact,60,60,0,0,27111200 -- Propano 60%,03_anexo_chile_sa_2017.pdf
CHL,expanded_2017,HS2017,144,27111300,27111300,271113,national8,exact,60,60,0,0,27111300 -- Butanos 60%,03_anexo_chile_sa_2017.pdf
CHL,expanded_2017,HS2017,145,27121000,27121000,271210,national8,exact,80,80,0,0,27121000 - Vaselina 80%,03_anexo_chile_sa_2017.pdf
CHL,expanded_2017,HS2017,146,27129010,27129010,271290,national8,exact,75,80,1,0,"27129010 -- Parafina con un contenido de 80% aceite superior o igual a 0,75 % en peso",03_anexo_chile_sa_2017.pdf
CHL,expanded_2017,HS2017,147,28070000,28070000,280700,national8,exact,80,80,0,0,28070000 Ácido sulfúrico; oleum. 80%,03_anexo_chile_sa_2017.pdf
CHL,expanded_2017,HS2017,148,28092010,28092010,280920,national8,exact,80,80,0,0,28092010 -- Ácido ortofosfórico o fosfórico 80%,03_anexo_chile_sa_2017.pdf
CHL,expanded_2017,HS2017,149,28111900,28111900,281119,national8,exact,80,80,0,0,28111900 -- Los demás 80%,03_anexo_chile_sa_2017.pdf
CHL,expanded_2017,HS2017,150,28112200,28112200,281122,national8,exact,100,100,0,0,28112200 -- Dióxido de silicio 100%,03_anexo_chile_sa_2017.pdf
CHL,expanded_2017,HS2017,151,28170000,28170000,281700,national8,exact,60,60,0,0,28170000 Óxido de cinc; peróxido de cinc. 60%,03_anexo_chile_sa_2017.pdf
CHL,expanded_2017,HS2017,152,28182000,28182000,281820,national8,exact,80,80,0,0,"28182000 - Óxido de aluminio, excepto el 80% corindón artificial",03_anexo_chile_sa_2017.pdf
CHL,expanded_2017,HS2017,153,28183000,28183000,281830,national8,exact,80,80,0,0,28183000 - Hidróxido de aluminio 80%,03_anexo_chile_sa_2017.pdf
CHL,expanded_2017,HS2017,154,28211000,28211000,282110,national8,exact,100,100,0,0,28211000 - Óxidos e hidróxidos de hierro 100%,03_anexo_chile_sa_2017.pdf
CHL,expanded_2017,HS2017,155,28261900,28261900,282619,national8,exact,80,80,0,0,28261900 -- Los demás 80%,03_anexo_chile_sa_2017.pdf
CHL,expanded_2017,HS2017,156,28269000,28269000,282690,national8,exact,100,100,0,0,28269000 - Los demás 100%,03_anexo_chile_sa_2017.pdf
CHL,expanded_2017,HS2017,157,28272000,28272000,282720,national8,exact,80,80,0,0,28272000 - Cloruro de calcio 80%,03_anexo_chile_sa_2017.pdf
CHL,expanded_2017,HS2017,158,28273100,28273100,282731,national8,exact,80,80,0,0,28273100 -- De magnesio 80%,03_anexo_chile_sa_2017.pdf
CHL,expanded_2017,HS2017,159,28273990,28273990,282739,national8,exact,80,80,0,0,28273990 --- Los demás 80%,03_anexo_chile_sa_2017.pdf
CHL,expanded_2017,HS2017,160,28281000,28281000,282810,national8,exact,80,80,0,0,28281000 - Hipoclorito de calcio comercial y 80% demás hipocloritos de,03_anexo_chile_sa_2017.pdf
CHL,expanded_2017,HS2017,161,28311000,28311000,283110,national8,exact,60,60,0,0,28311000 - De sodio 60%,03_anexo_chile_sa_2017.pdf
CHL,expanded_2017,HS2017,162,28332400,28332400,283324,national8,exact,80,80,0,0,28332400 -- De níquel 80%,03_anexo_chile_sa_2017.pdf
CHL,expanded_2017,HS2017,163,28332910,28332910,283329,national8,exact,80,80,0,0,28332910 --- De cobalto 80%,03_anexo_chile_sa_2017.pdf
CHL,expanded_2017,HS2017,164,28332990,28332990,283329,national8,exact,80,80,0,0,28332990 --- Los demás 80%,03_anexo_chile_sa_2017.pdf
CHL,expanded_2017,HS2017,165,28352500,28352500,283525,national8,exact,100,100,0,0,28352500 -- Hidrogenoortofosfato de calcio 100% («fosfato dicálcico»),03_anexo_chile_sa_2017.pdf
CHL,expanded_2017,HS2017,166,28352900,28352900,283529,national8,exact,100,100,0,0,28352900 -- Los demás 100%,03_anexo_chile_sa_2017.pdf
CHL,expanded_2017,HS2017,167,28402000,28402000,284020,national8,exact,80,80,0,0,28402000 - Los demás boratos 80%,03_anexo_chile_sa_2017.pdf
CHL,expanded_2017,HS2017,168,28432900,28432900,284329,national8,exact,100,100,0,0,28432900 -- Los demás 100%,03_anexo_chile_sa_2017.pdf
CHL,expanded_2017,HS2017,169,28521000,28521000,285210,national8,exact,80,80,0,0,28521000 - De constitución química definida 80%,03_anexo_chile_sa_2017.pdf
CHL,expanded_2017,HS2017,170,28529000,28529000,285290,national8,exact,80,80,0,0,28529000 - Los demás 80%,03_anexo_chile_sa_2017.pdf
CHL,expanded_2017,HS2017,171,29037100,29037100,290371,national8,exact,80,80,0,0,29037100 -- Clorodifluorometano 80%,03_anexo_chile_sa_2017.pdf
CHL,expanded_2017,HS2017,172,29038110,29038110,290381,national8,exact,100,100,0,0,29038110 --- Hexaclorociclohexano isómero 100% gamma (CAS 58-89-9) con un,03_anexo_chile_sa_2017.pdf
CHL,expanded_2017,HS2017,173,29043100,29043100,290431,national8,pending_concordance,100,100,0,1,29043100 -- Ácido perfluorooctano sulfónico 100%,03_anexo_chile_sa_2017.pdf
CHL,expanded_2017,HS2017,174,29043200,29043200,290432,national8,pending_concordance,100,100,0,1,29043200 -- Perfluorooctano sulfonato de 100% amonio,03_anexo_chile_sa_2017.pdf
CHL,expanded_2017,HS2017,175,29043300,29043300,290433,national8,pending_concordance,100,100,0,1,29043300 -- Perfluorooctano sulfonato de litio 100%,03_anexo_chile_sa_2017.pdf
CHL,expanded_2017,HS2017,176,29043400,29043400,290434,national8,pending_concordance,100,100,0,1,29043400 -- Perfluorooctano sulfonato de 100% potasio,03_anexo_chile_sa_2017.pdf
CHL,expanded_2017,HS2017,177,29043500,29043500,290435,national8,pending_concordance,100,100,0,1,29043500 -- Las demás sales de ácido 100% perfluorooctano sulfónico,03_anexo_chile_sa_2017.pdf
CHL,expanded_2017,HS2017,178,29043600,29043600,290436,national8,pending_concordance,100,100,0,1,29043600 -- Fluoruro de perfluorooctano 100% sulfonilo,03_anexo_chile_sa_2017.pdf
CHL,expanded_2017,HS2017,179,29049900,29049900,290499,national8,pending_concordance,100,100,0,1,29049900 -- Los demás 100%,03_anexo_chile_sa_2017.pdf
CHL,expanded_2017,HS2017,180,29051220,29051220,290512,national8,exact,80,80,0,0,29051220 --- Alcohol isopropílico 80%,03_anexo_chile_sa_2017.pdf
CHL,expanded_2017,HS2017,181,29051700,29051700,290517,national8,exact,80,80,0,0,"29051700 -- Dodecan-1-ol (alcohol laurílico), 80% hexadecan-1-ol (alcohol",03_anexo_chile_sa_2017.pdf
CHL,expanded_2017,HS2017,182,29051920,29051920,290519,national8,exact,100,100,0,0,29051920 --- Decílicos (decanoles) 100%,03_anexo_chile_sa_2017.pdf
CHL,expanded_2017,HS2017,183,29052200,29052200,290522,national8,exact,100,100,0,0,29052200 -- Alcoholes terpénicos acíclicos 100%,03_anexo_chile_sa_2017.pdf
CHL,expanded_2017,HS2017,184,29053100,29053100,290531,national8,exact,100,100,0,0,29053100 -- Etilenglicol (etanodiol) 100%,03_anexo_chile_sa_2017.pdf
CHL,expanded_2017,HS2017,185,29054500,29054500,290545,national8,exact,80,80,0,0,29054500 -- Glicerol 80%,03_anexo_chile_sa_2017.pdf
CHL,expanded_2017,HS2017,186,29055990,29055990,290559,national8,exact,80,80,0,0,29055990 --- Los demás 80%,03_anexo_chile_sa_2017.pdf
CHL,expanded_2017,HS2017,187,29061100,29061100,290611,national8,exact,60,60,0,0,29061100 -- Mentol 60%,03_anexo_chile_sa_2017.pdf
CHL,expanded_2017,HS2017,188,29061300,29061300,290613,national8,exact,100,100,0,0,29061300 -- Esteroles e inositoles 100%,03_anexo_chile_sa_2017.pdf
CHL,expanded_2017,HS2017,189,29062100,29062100,290621,national8,exact,100,100,0,0,29062100 -- Alcohol bencílico 100%,03_anexo_chile_sa_2017.pdf
CHL,expanded_2017,HS2017,190,29071900,29071900,290719,national8,exact,100,100,0,0,29071900 -- Los demás 100%,03_anexo_chile_sa_2017.pdf
CHL,expanded_2017,HS2017,191,29094100,29094100,290941,national8,exact,100,100,0,0,"29094100 -- 2,2'-Oxidietanol (dietilenglicol) 100%",03_anexo_chile_sa_2017.pdf
CHL,expanded_2017,HS2017,192,29094400,29094400,290944,national8,exact,80,80,0,0,29094400 -- Los demás éteres monoalquílicos 80% del etilenglicol o del,03_anexo_chile_sa_2017.pdf
CHL,expanded_2017,HS2017,193,29094990,29094990,290949,national8,exact,80,80,0,0,29094990 --- Los demás 80%,03_anexo_chile_sa_2017.pdf
CHL,expanded_2017,HS2017,194,29095000,29095000,290950,national8,exact,100,100,0,0,"29095000 - Éteres-fenoles, éteres-alcoholes- 100% fenoles, y sus derivados",03_anexo_chile_sa_2017.pdf
CHL,expanded_2017,HS2017,195,29121900,29121900,291219,national8,exact,100,100,0,0,29121900 -- Los demás 100%,03_anexo_chile_sa_2017.pdf
CHL,expanded_2017,HS2017,196,29142300,29142300,291423,national8,exact,100,100,0,0,29142300 -- Iononas y metiliononas 100%,03_anexo_chile_sa_2017.pdf
CHL,expanded_2017,HS2017,197,29142900,29142900,291429,national8,exact,100,100,0,0,29142900 -- Las demás 100%,03_anexo_chile_sa_2017.pdf
CHL,expanded_2017,HS2017,198,29143900,29143900,291439,national8,exact,100,100,0,0,29143900 -- Las demás 100%,03_anexo_chile_sa_2017.pdf
CHL,expanded_2017,HS2017,199,29144000,29144000,291440,national8,exact,100,100,0,0,29144000 - Cetonas-alcoholes y cetonas- 100% aldehídos,03_anexo_chile_sa_2017.pdf
CHL,expanded_2017,HS2017,200,29146200,29146200,291462,national8,pending_concordance,100,100,0,1,29146200 -- Coenzima Q10 (ubidecarenona 100% (DCI)),03_anexo_chile_sa_2017.pdf
CHL,expanded_2017,HS2017,201,29146900,29146900,291469,national8,exact,100,100,0,0,29146900 -- Las demás 100%,03_anexo_chile_sa_2017.pdf
CHL,expanded_2017,HS2017,202,29153920,29153920,291539,national8,exact,80,80,0,0,29153920 --- Acetato de metilo 80%,03_anexo_chile_sa_2017.pdf
CHL,expanded_2017,HS2017,203,29153930,29153930,291539,national8,exact,80,80,0,0,29153930 --- Acetato de propilo 80%,03_anexo_chile_sa_2017.pdf
CHL,expanded_2017,HS2017,204,29153940,29153940,291539,national8,exact,80,80,0,0,29153940 --- Acetato de amilo 80%,03_anexo_chile_sa_2017.pdf
CHL,expanded_2017,HS2017,205,29153990,29153990,291539,national8,exact,80,80,0,0,29153990 --- Los demás 80%,03_anexo_chile_sa_2017.pdf
CHL,expanded_2017,HS2017,206,29156000,29156000,291560,national8,exact,100,100,0,0,"29156000 - Acidos butanoicos, ácidos 100% pentanoicos, sus sales y sus",03_anexo_chile_sa_2017.pdf
CHL,expanded_2017,HS2017,207,29157000,29157000,291570,national8,exact,80,80,0,0,"29157000 - Ácido palmítico, ácido esteárico, sus 80% sales y sus ésteres",03_anexo_chile_sa_2017.pdf
CHL,expanded_2017,HS2017,208,29159090,29159090,291590,national8,exact,100,100,0,0,29159090 -- Los demás 100%,03_anexo_chile_sa_2017.pdf
CHL,expanded_2017,HS2017,209,29161600,29161600,291616,national8,exact,100,100,0,0,29161600 -- Binapacril (ISO) 100%,03_anexo_chile_sa_2017.pdf
CHL,expanded_2017,HS2017,210,29161900,29161900,291619,national8,exact,100,100,0,0,29161900 -- Los demás 100%,03_anexo_chile_sa_2017.pdf
CHL,expanded_2017,HS2017,211,29162000,29162000,291620,national8,exact,100,100,0,0,"29162000 - Ácidos monocarboxílicos ciclánicos, 100% ciclénicos o",03_anexo_chile_sa_2017.pdf
CHL,expanded_2017,HS2017,212,29163900,29163900,291639,national8,exact,100,100,0,0,29163900 -- Los demás 100%,03_anexo_chile_sa_2017.pdf
CHL,expanded_2017,HS2017,213,29171900,29171900,291719,national8,exact,60,60,0,0,29171900 -- Los demás 60%,03_anexo_chile_sa_2017.pdf
CHL,expanded_2017,HS2017,214,29173490,29173490,291734,national8,exact,100,100,0,0,29173490 --- Los demás 100%,03_anexo_chile_sa_2017.pdf
CHL,expanded_2017,HS2017,215,29173900,29173900,291739,national8,exact,60,60,0,0,29173900 -- Los demás 60%,03_anexo_chile_sa_2017.pdf
CHL,expanded_2017,HS2017,216,29181100,29181100,291811,national8,exact,100,100,0,0,"29181100 -- Ácido láctico, sus sales y sus 100% ésteres",03_anexo_chile_sa_2017.pdf
CHL,expanded_2017,HS2017,217,29181400,29181400,291814,national8,exact,80,80,0,0,29181400 -- Ácido cítrico 80%,03_anexo_chile_sa_2017.pdf
CHL,expanded_2017,HS2017,218,29181500,29181500,291815,national8,exact,100,100,0,0,29181500 -- Sales y ésteres del ácido cítrico 100%,03_anexo_chile_sa_2017.pdf
CHL,expanded_2017,HS2017,219,29181600,29181600,291816,national8,exact,80,80,0,0,"29181600 -- Ácido glucónico, sus sales y sus 80% ésteres",03_anexo_chile_sa_2017.pdf
CHL,expanded_2017,HS2017,220,29182210,29182210,291822,national8,exact,100,100,0,0,29182210 --- Ácido acetilsalicílico 100%,03_anexo_chile_sa_2017.pdf
CHL,expanded_2017,HS2017,221,29182900,29182900,291829,national8,exact,100,100,0,0,29182900 -- Los demás 100%,03_anexo_chile_sa_2017.pdf
CHL,expanded_2017,HS2017,222,29183000,29183000,291830,national8,exact,100,100,0,0,"29183000 - Ácidos carboxílicos con función 100% aldehído o cetona, pero sin",03_anexo_chile_sa_2017.pdf
CHL,expanded_2017,HS2017,223,29189190,29189190,291891,national8,exact,100,100,0,0,29189190 --- Los demás 100%,03_anexo_chile_sa_2017.pdf
CHL,expanded_2017,HS2017,224,29189990,29189990,291899,national8,exact,60,60,0,0,29189990 --- Los demás 60%,03_anexo_chile_sa_2017.pdf
CHL,expanded_2017,HS2017,225,29191000,29191000,291910,national8,exact,80,80,0,0,"29191000 - Fosfato de tris(2,3-dibromopropilo) 80%",03_anexo_chile_sa_2017.pdf
CHL,expanded_2017,HS2017,226,29199010,29199010,291990,national8,exact,80,80,0,0,29199010 -- Mevinfos (fosfato de 2- 80% metoxicarbonil-1-metilvinilo y de dimetilo),03_anexo_chile_sa_2017.pdf
CHL,expanded_2017,HS2017,227,29199090,29199090,291990,national8,exact,100,100,0,0,29199090 -- Los demás 100%,03_anexo_chile_sa_2017.pdf
CHL,expanded_2017,HS2017,228,29202990,29202990,292029,national8,pending_concordance,100,100,0,1,29202990 --- Los demás 100%,03_anexo_chile_sa_2017.pdf
CHL,expanded_2017,HS2017,229,29203000,29203000,292030,national8,pending_concordance,100,100,0,1,29203000 - Endosulfán (ISO) 100%,03_anexo_chile_sa_2017.pdf
CHL,expanded_2017,HS2017,230,29209000,29209000,292090,national8,exact,100,100,0,0,29209000 - Los demás 100%,03_anexo_chile_sa_2017.pdf
CHL,expanded_2017,HS2017,231,29211190,29211190,292111,national8,exact,100,100,0,0,29211190 --- Los demás 100%,03_anexo_chile_sa_2017.pdf
CHL,expanded_2017,HS2017,232,29211200,29211200,292112,national8,pending_concordance,80,80,0,1,"29211200 -- Clorhidrato de 2-cloroetil (N, N- 80% dimetilamina)",03_anexo_chile_sa_2017.pdf
CHL,expanded_2017,HS2017,233,29211300,29211300,292113,national8,pending_concordance,80,80,0,1,"29211300 -- Clorhidrato de 2-cloroetil (N, N- 80% dietilamina)",03_anexo_chile_sa_2017.pdf
CHL,expanded_2017,HS2017,234,29211400,29211400,292114,national8,pending_concordance,80,80,0,1,"29211400 -- Clorhidrato de 2-cloroetil (N, N- 80% diisopropilamina)",03_anexo_chile_sa_2017.pdf
CHL,expanded_2017,HS2017,235,29211999,29211999,292119,national8,exact,80,80,0,0,29211999 ---- Los demás 80%,03_anexo_chile_sa_2017.pdf
CHL,expanded_2017,HS2017,236,29213000,29213000,292130,national8,exact,80,80,0,0,"29213000 - Monoaminas y poliaminas, 80% ciclánicas, ciclénicas o",03_anexo_chile_sa_2017.pdf
CHL,expanded_2017,HS2017,237,29214200,29214200,292142,national8,exact,100,100,0,0,29214200 -- Derivados de la anilina y sus sales 100%,03_anexo_chile_sa_2017.pdf
CHL,expanded_2017,HS2017,238,29214500,29214500,292145,national8,exact,100,100,0,0,"29214500 -- 1-Naftilamina (alfa-naftilamina), 2- 100% naftilamina (beta-naftilamina),",03_anexo_chile_sa_2017.pdf
CHL,expanded_2017,HS2017,239,29214900,29214900,292149,national8,exact,100,100,0,0,29214900 -- Los demás 100%,03_anexo_chile_sa_2017.pdf
CHL,expanded_2017,HS2017,240,29215100,29215100,292151,national8,exact,100,100,0,0,"29215100 -- o-, m- y p-Fenilendiamina, 100% diaminotoluenos, y sus derivados;",03_anexo_chile_sa_2017.pdf
CHL,expanded_2017,HS2017,241,29215900,29215900,292159,national8,exact,100,100,0,0,29215900 -- Los demás 100%,03_anexo_chile_sa_2017.pdf
CHL,expanded_2017,HS2017,242,29221600,29221600,292216,national8,pending_concordance,80,80,0,1,29221600 -- Perfluorooctano sulfonato de 80% dietanolamonio,03_anexo_chile_sa_2017.pdf
CHL,expanded_2017,HS2017,243,29221800,29221800,292218,national8,pending_concordance,80,80,0,1,"29221800 -- 2-(N, N-Diisopropilamino)etanol 80%",03_anexo_chile_sa_2017.pdf
CHL,expanded_2017,HS2017,244,29221990,29221990,292219,national8,exact,0,80,1,0,29221990 --- Los demás 0%: Sales de trietanolaminas 80%: Los demás,03_anexo_chile_sa_2017.pdf
CHL,expanded_2017,HS2017,245,29222920,29222920,292229,national8,exact,100,100,0,0,"29222920 --- Amino-fenoles, sus sales y 100% derivados",03_anexo_chile_sa_2017.pdf
CHL,expanded_2017,HS2017,246,29222990,29222990,292229,national8,exact,80,80,0,0,29222990 --- Los demás 80%,03_anexo_chile_sa_2017.pdf
CHL,expanded_2017,HS2017,247,29223900,29223900,292239,national8,exact,100,100,0,0,29223900 -- Los demás 100%,03_anexo_chile_sa_2017.pdf
CHL,expanded_2017,HS2017,248,29224100,29224100,292241,national8,exact,100,100,0,0,29224100 -- Lisina y sus ésteres; sales de 100% estos productos,03_anexo_chile_sa_2017.pdf
CHL,expanded_2017,HS2017,249,29224900,29224900,292249,national8,exact,100,100,0,0,29224900 -- Los demás 100%,03_anexo_chile_sa_2017.pdf
CHL,expanded_2017,HS2017,250,29225000,29225000,292250,national8,exact,100,100,0,0,"29225000 - Amino-alcoholes-fenoles, 100% aminoácidos-fenoles y demás",03_anexo_chile_sa_2017.pdf
CHL,expanded_2017,HS2017,251,29233000,29233000,292330,national8,pending_concordance,80,80,0,1,29233000 - Perfluorooctano sulfonato de 80% tetraetilamonio,03_anexo_chile_sa_2017.pdf
CHL,expanded_2017,HS2017,252,29234000,29234000,292340,national8,pending_concordance,80,80,0,1,29234000 - Perfluorooctano sulfonato de 80% didecildimetilamonio,03_anexo_chile_sa_2017.pdf
CHL,expanded_2017,HS2017,253,29239000,29239000,292390,national8,exact,80,80,0,0,29239000 - Los demás 80%,03_anexo_chile_sa_2017.pdf
CHL,expanded_2017,HS2017,254,29241990,29241990,292419,national8,exact,100,100,0,0,29241990 --- Los demás 100%,03_anexo_chile_sa_2017.pdf
CHL,expanded_2017,HS2017,255,29242500,29242500,292425,national8,pending_concordance,100,100,0,1,29242500 -- Alaclor (ISO) 100%,03_anexo_chile_sa_2017.pdf
CHL,expanded_2017,HS2017,256,29242990,29242990,292429,national8,exact,100,100,0,0,29242990 --- Los demás 100%,03_anexo_chile_sa_2017.pdf
CHL,expanded_2017,HS2017,257,29251900,29251900,292519,national8,exact,100,100,0,0,29251900 -- Los demás 100%,03_anexo_chile_sa_2017.pdf
CHL,expanded_2017,HS2017,258,29252100,29252100,292521,national8,exact,100,100,0,0,29252100 -- Clordimeformo (ISO) 100%,03_anexo_chile_sa_2017.pdf
CHL,expanded_2017,HS2017,259,29252910,29252910,292529,national8,exact,60,60,0,0,29252910 --- Guanidina nitrato 60%,03_anexo_chile_sa_2017.pdf
CHL,expanded_2017,HS2017,260,29252920,29252920,292529,national8,exact,60,60,0,0,29252920 --- Guanidina peclorato 60%,03_anexo_chile_sa_2017.pdf
CHL,expanded_2017,HS2017,261,29252930,29252930,292529,national8,exact,60,60,0,0,29252930 --- Nitrato de triaminoguanidina 60%,03_anexo_chile_sa_2017.pdf
CHL,expanded_2017,HS2017,262,29252940,29252940,292529,national8,exact,60,60,0,0,29252940 --- Picrato de guanidina 60%,03_anexo_chile_sa_2017.pdf
CHL,expanded_2017,HS2017,263,29252990,29252990,292529,national8,exact,100,100,0,0,29252990 --- Los demás 100%,03_anexo_chile_sa_2017.pdf
CHL,expanded_2017,HS2017,264,29264000,29264000,292640,national8,pending_concordance,100,100,0,1,29264000 - alfa-Fenilacetoacetonitrilo 100%,03_anexo_chile_sa_2017.pdf
CHL,expanded_2017,HS2017,265,29269000,29269000,292690,national8,exact,100,100,0,0,29269000 - Los demás 100%,03_anexo_chile_sa_2017.pdf
CHL,expanded_2017,HS2017,266,29302090,29302090,293020,national8,exact,80,80,0,0,29302090 -- Los demás 80%,03_anexo_chile_sa_2017.pdf
CHL,expanded_2017,HS2017,267,29308020,29308020,293080,national8,pending_concordance,80,80,0,1,29308020 -- Captafol (ISO) (CAS 2425-06-1) 80%,03_anexo_chile_sa_2017.pdf
CHL,expanded_2017,HS2017,268,29308030,29308030,293080,national8,pending_concordance,80,80,0,1,29308030 -- Metamidofós (ISO) (CAS 10265- 80% 92-6),03_anexo_chile_sa_2017.pdf
CHL,expanded_2017,HS2017,269,29309039,29309039,293090,national8,exact,100,100,0,0,29309039 --- Los demás 100%,03_anexo_chile_sa_2017.pdf
CHL,expanded_2017,HS2017,270,29309061,29309061,293090,national8,exact,100,100,0,0,29309061 --- Xantato isopropílico de sodio 100%,03_anexo_chile_sa_2017.pdf
CHL,expanded_2017,HS2017,271,29309062,29309062,293090,national8,exact,100,100,0,0,29309062 --- Xantato isobutílico de sodio 100%,03_anexo_chile_sa_2017.pdf
CHL,expanded_2017,HS2017,272,29309069,29309069,293090,national8,exact,80,80,0,0,29309069 --- Los demás 80%,03_anexo_chile_sa_2017.pdf
CHL,expanded_2017,HS2017,273,29309099,29309099,293090,national8,exact,30,30,0,0,29309099 --- Los demás 30%,03_anexo_chile_sa_2017.pdf
CHL,expanded_2017,HS2017,274,29312000,29312000,293120,national8,exact,80,80,0,0,29312000 - Compuestos del tributilestaño 80%,03_anexo_chile_sa_2017.pdf
CHL,expanded_2017,HS2017,275,29313990,29313990,293139,national8,pending_concordance,80,80,0,1,29313990 --- Los demás 80%,03_anexo_chile_sa_2017.pdf
CHL,expanded_2017,HS2017,276,29319090,29319090,293190,national8,exact,80,80,0,0,29319090 -- Los demás 80%,03_anexo_chile_sa_2017.pdf
CHL,expanded_2017,HS2017,277,29321400,29321400,293214,national8,pending_concordance,100,100,0,1,29321400 -- Sucralosa 100%,03_anexo_chile_sa_2017.pdf
CHL,expanded_2017,HS2017,278,29321900,29321900,293219,national8,exact,100,100,0,0,29321900 -- Los demás 100%,03_anexo_chile_sa_2017.pdf
CHL,expanded_2017,HS2017,279,29322010,29322010,293220,national8,exact,100,100,0,0,29322010 -- Gamma butirolactona 100%,03_anexo_chile_sa_2017.pdf
CHL,expanded_2017,HS2017,280,29322090,29322090,293220,national8,exact,100,100,0,0,29322090 -- Las demás 100%,03_anexo_chile_sa_2017.pdf
CHL,expanded_2017,HS2017,281,29329950,29329950,293299,national8,exact,80,80,0,0,29329950 --- Glucosamina (2-Amino-2-deoxi-D- 80% glucosa) y sus sales,03_anexo_chile_sa_2017.pdf
CHL,expanded_2017,HS2017,282,29329990,29329990,293299,national8,exact,100,100,0,0,29329990 --- Los demás 100%,03_anexo_chile_sa_2017.pdf
CHL,expanded_2017,HS2017,283,29331100,29331100,293311,national8,exact,100,100,0,0,29331100 -- Fenazona (antipirina) y sus 100% derivados,03_anexo_chile_sa_2017.pdf
CHL,expanded_2017,HS2017,284,29331900,29331900,293319,national8,exact,80,80,0,0,29331900 -- Los demás 80%,03_anexo_chile_sa_2017.pdf
CHL,expanded_2017,HS2017,285,29332100,29332100,293321,national8,exact,100,100,0,0,29332100 -- Hidantoína y sus derivados 100%,03_anexo_chile_sa_2017.pdf
CHL,expanded_2017,HS2017,286,29332900,29332900,293329,national8,exact,100,100,0,0,29332900 -- Los demás 100%,03_anexo_chile_sa_2017.pdf
CHL,expanded_2017,HS2017,287,29333100,29333100,293331,national8,exact,100,100,0,0,29333100 -- Piridina y sus sales 100%,03_anexo_chile_sa_2017.pdf
CHL,expanded_2017,HS2017,288,29333300,29333300,293333,national8,exact,100,100,0,0,"29333300 -- Alfentanilo (DCI), anileridina (DCI), 100% bezitramida (DCI),",03_anexo_chile_sa_2017.pdf
CHL,expanded_2017,HS2017,289,29333999,29333999,293339,national8,exact,100,100,0,0,29333999 ---- Los demás 100%,03_anexo_chile_sa_2017.pdf
CHL,expanded_2017,HS2017,290,29334100,29334100,293341,national8,exact,100,100,0,0,29334100 -- Levorfanol (DCI) y sus sales 100%,03_anexo_chile_sa_2017.pdf
CHL,expanded_2017,HS2017,291,29334900,29334900,293349,national8,exact,100,100,0,0,29334900 -- Los demás 100%,03_anexo_chile_sa_2017.pdf
CHL,expanded_2017,HS2017,292,29335300,29335300,293353,national8,exact,100,100,0,0,"29335300 -- Alobarbital (DCI), amobarbital 100% (DCI), barbital (DCI), butalbital",03_anexo_chile_sa_2017.pdf
CHL,expanded_2017,HS2017,293,29335900,29335900,293359,national8,exact,100,100,0,0,29335900 -- Los demás 100%,03_anexo_chile_sa_2017.pdf
CHL,expanded_2017,HS2017,294,29336900,29336900,293369,national8,exact,100,100,0,0,29336900 -- Los demás 100%,03_anexo_chile_sa_2017.pdf
CHL,expanded_2017,HS2017,295,29337200,29337200,293372,national8,exact,100,100,0,0,29337200 -- Clobazam (DCI) y metiprilona (DCI) 100%,03_anexo_chile_sa_2017.pdf
CHL,expanded_2017,HS2017,296,29337900,29337900,293379,national8,exact,80,80,0,0,29337900 -- Las demás lactamas 80%,03_anexo_chile_sa_2017.pdf
CHL,expanded_2017,HS2017,297,29339100,29339100,293391,national8,exact,100,100,0,0,"29339100 -- Alprazolam (DCI), camazepam 100% (DCI), clonazepam (DCI),",03_anexo_chile_sa_2017.pdf
CHL,expanded_2017,HS2017,298,29339200,29339200,293392,national8,pending_concordance,100,100,0,1,29339200 -- Azinfos-metil (ISO) 100%,03_anexo_chile_sa_2017.pdf
CHL,expanded_2017,HS2017,299,29339920,29339920,293399,national8,exact,100,100,0,0,29339920 --- Enalaprila maleato; ((s)-1-(N-(1- 100% (Etoxicarbonil)-3-fenilpropil)-L-alanil),03_anexo_chile_sa_2017.pdf
CHL,expanded_2017,HS2017,300,29339990,29339990,293399,national8,exact,100,100,0,0,29339990 --- Los demás 100%,03_anexo_chile_sa_2017.pdf
CHL,expanded_2017,HS2017,301,29341000,29341000,293410,national8,exact,100,100,0,0,29341000 - Compuestos cuya estructura 100% contenga uno o más ciclos tiazol,03_anexo_chile_sa_2017.pdf
CHL,expanded_2017,HS2017,302,29342000,29342000,293420,national8,exact,100,100,0,0,29342000 - Compuestos cuya estructura 100% contenga ciclos benzotiazol,03_anexo_chile_sa_2017.pdf
CHL,expanded_2017,HS2017,303,29343000,29343000,293430,national8,exact,100,100,0,0,29343000 - Compuestos cuya estructura 100% contenga ciclos fenotiazina,03_anexo_chile_sa_2017.pdf
CHL,expanded_2017,HS2017,304,29349940,29349940,293499,national8,exact,80,80,0,0,29349940 --- Ácido oxolínico 80%,03_anexo_chile_sa_2017.pdf
CHL,expanded_2017,HS2017,305,29349990,29349990,293499,national8,exact,100,100,0,0,29349990 --- Los demás 100%,03_anexo_chile_sa_2017.pdf
CHL,expanded_2017,HS2017,306,29351000,29351000,293510,national8,pending_concordance,100,100,0,1,29351000 - N-Metilperfluorooctano sulfonamida 100%,03_anexo_chile_sa_2017.pdf
CHL,expanded_2017,HS2017,307,29352000,29352000,293520,national8,pending_concordance,100,100,0,1,29352000 - N-Etilperfluorooctano sulfonamida 100%,03_anexo_chile_sa_2017.pdf
CHL,expanded_2017,HS2017,308,29353000,29353000,293530,national8,pending_concordance,100,100,0,1,29353000 - N-Etil-N-(2-hidroxietil) 100% perfluorooctano sulfonamida,03_anexo_chile_sa_2017.pdf
CHL,expanded_2017,HS2017,309,29354000,29354000,293540,national8,pending_concordance,100,100,0,1,29354000 - N-(2-Hidroxietil)-N- 100% metilperfluorooctano sulfonamida,03_anexo_chile_sa_2017.pdf
CHL,expanded_2017,HS2017,310,29355000,29355000,293550,national8,pending_concordance,100,100,0,1,29355000 - Las demás perfluorooctano 100% sulfonamidas,03_anexo_chile_sa_2017.pdf
CHL,expanded_2017,HS2017,311,29359000,29359000,293590,national8,pending_concordance,100,100,0,1,29359000 - Las demás 100%,03_anexo_chile_sa_2017.pdf
CHL,expanded_2017,HS2017,312,29362100,29362100,293621,national8,exact,100,100,0,0,29362100 -- Vitaminas A y sus derivados 100%,03_anexo_chile_sa_2017.pdf
CHL,expanded_2017,HS2017,313,29362200,29362200,293622,national8,exact,100,100,0,0,29362200 -- Vitamina B1 y sus derivados 100%,03_anexo_chile_sa_2017.pdf
CHL,expanded_2017,HS2017,314,29362300,29362300,293623,national8,exact,100,100,0,0,29362300 -- Vitamina B2 y sus derivados 100%,03_anexo_chile_sa_2017.pdf
CHL,expanded_2017,HS2017,315,29362700,29362700,293627,national8,exact,100,100,0,0,29362700 -- Vitamina C y sus derivados 100%,03_anexo_chile_sa_2017.pdf
CHL,expanded_2017,HS2017,316,29362900,29362900,293629,national8,exact,80,80,0,0,29362900 -- Las demás vitaminas y sus 80% derivados,03_anexo_chile_sa_2017.pdf
CHL,expanded_2017,HS2017,317,29371200,29371200,293712,national8,exact,100,100,0,0,29371200 -- Insulina y sus sales 100%,03_anexo_chile_sa_2017.pdf
CHL,expanded_2017,HS2017,318,29371900,29371900,293719,national8,exact,100,100,0,0,29371900 -- Los demás 100%,03_anexo_chile_sa_2017.pdf
CHL,expanded_2017,HS2017,319,29372100,29372100,293721,national8,exact,100,100,0,0,"29372100 -- Cortisona, hidrocortisona, 100% prednisona (dehidrocortisona) y",03_anexo_chile_sa_2017.pdf
CHL,expanded_2017,HS2017,320,29372200,29372200,293722,national8,exact,100,100,0,0,29372200 -- Derivados halogenados de las 100% hormonas corticosteroides,03_anexo_chile_sa_2017.pdf
CHL,expanded_2017,HS2017,321,29372300,29372300,293723,national8,exact,100,100,0,0,29372300 -- Estrógenos y progestógenos 100%,03_anexo_chile_sa_2017.pdf
CHL,expanded_2017,HS2017,322,29372900,29372900,293729,national8,exact,100,100,0,0,29372900 -- Los demás 100%,03_anexo_chile_sa_2017.pdf
CHL,expanded_2017,HS2017,323,29379000,29379000,293790,national8,exact,100,100,0,0,29379000 - Los demás 100%,03_anexo_chile_sa_2017.pdf
CHL,expanded_2017,HS2017,324,29389000,29389000,293890,national8,exact,80,80,0,0,29389000 - Los demás 80%,03_anexo_chile_sa_2017.pdf
CHL,expanded_2017,HS2017,325,29391190,29391190,293911,national8,exact,80,80,0,0,29391190 --- Los demás 80%,03_anexo_chile_sa_2017.pdf
CHL,expanded_2017,HS2017,326,29391900,29391900,293919,national8,exact,100,100,0,0,29391900 -- Los demás 100%,03_anexo_chile_sa_2017.pdf
CHL,expanded_2017,HS2017,327,29393000,29393000,293930,national8,exact,80,80,0,0,29393000 - Cafeína y sus sales 80%,03_anexo_chile_sa_2017.pdf
CHL,expanded_2017,HS2017,328,29394100,29394100,293941,national8,exact,100,100,0,0,29394100 -- Efedrina y sus sales 100%,03_anexo_chile_sa_2017.pdf
CHL,expanded_2017,HS2017,329,29394200,29394200,293942,national8,exact,100,100,0,0,29394200 -- Seudoefedrina (DCI) y sus sales 100%,03_anexo_chile_sa_2017.pdf
CHL,expanded_2017,HS2017,330,29394400,29394400,293944,national8,exact,100,100,0,0,29394400 -- Norefedrina y sus sales 100%,03_anexo_chile_sa_2017.pdf
CHL,expanded_2017,HS2017,331,29394900,29394900,293949,national8,exact,0,100,1,0,29394900 -- Las demás 0%: Fenilpropanolamina 100%: Los demás,03_anexo_chile_sa_2017.pdf
CHL,expanded_2017,HS2017,332,29395900,29395900,293959,national8,exact,100,100,0,0,29395900 -- Los demás 100%,03_anexo_chile_sa_2017.pdf
CHL,expanded_2017,HS2017,333,29397100,29397100,293971,national8,pending_concordance,100,100,0,1,"29397100 -- Cocaína, ecgonina, 100% levometanfetamina, metanfetamina (DCI), racemato",03_anexo_chile_sa_2017.pdf
CHL,expanded_2017,HS2017,334,29397910,29397910,293979,national8,pending_concordance,100,100,0,1,"29397910 --- Escopolamina, sus sales y 100% derivados",03_anexo_chile_sa_2017.pdf
CHL,expanded_2017,HS2017,335,29397990,29397990,293979,national8,pending_concordance,100,100,0,1,29397990 --- Los demás 100%,03_anexo_chile_sa_2017.pdf
CHL,expanded_2017,HS2017,336,29400000,29400000,294000,national8,exact,80,80,0,0,"29400000 Azúcares químicamente puros, 80% excepto la sacarosa, lactosa,",03_anexo_chile_sa_2017.pdf
CHL,expanded_2017,HS2017,337,29411000,29411000,294110,national8,exact,100,100,0,0,29411000 - Penicilinas y sus derivados con la 100% estructura del ácido,03_anexo_chile_sa_2017.pdf
CHL,expanded_2017,HS2017,338,29412000,29412000,294120,national8,exact,100,100,0,0,29412000 - Estreptomicinas y sus derivados; 100% sales de estos productos,03_anexo_chile_sa_2017.pdf
CHL,expanded_2017,HS2017,339,29413090,29413090,294130,national8,exact,100,100,0,0,29413090 -- Los demás 100%,03_anexo_chile_sa_2017.pdf
CHL,expanded_2017,HS2017,340,29414000,29414000,294140,national8,exact,100,100,0,0,29414000 - Cloranfenicol y sus derivados; sales 100% de estos productos,03_anexo_chile_sa_2017.pdf
CHL,expanded_2017,HS2017,341,29415000,29415000,294150,national8,exact,100,100,0,0,29415000 - Eritromicina y sus derivados; sales 100% de estos productos,03_anexo_chile_sa_2017.pdf
CHL,expanded_2017,HS2017,342,29419020,29419020,294190,national8,exact,100,100,0,0,29419020 -- Rifampina (Rifampicina y sus 100% sinónimos),03_anexo_chile_sa_2017.pdf
CHL,expanded_2017,HS2017,343,29419090,29419090,294190,national8,exact,100,100,0,0,29419090 -- Los demás 100%,03_anexo_chile_sa_2017.pdf
CHL,expanded_2017,HS2017,344,29420000,29420000,294200,national8,exact,100,100,0,0,29420000 Los demás compuestos orgánicos. 100%,03_anexo_chile_sa_2017.pdf
CHL,expanded_2017,HS2017,345,30019000,30019000,300190,national8,exact,100,100,0,0,30019000 - Las demás 100%,03_anexo_chile_sa_2017.pdf
CHL,expanded_2017,HS2017,346,30021100,30021100,300211,national8,pending_concordance,100,100,0,1,30021100 -- Kit para el diagnóstico de la malaria 100% (paludismo),03_anexo_chile_sa_2017.pdf
CHL,expanded_2017,HS2017,347,30021210,30021210,300212,national8,pending_concordance,100,100,0,1,30021210 --- Para uso humano 100%,03_anexo_chile_sa_2017.pdf
CHL,expanded_2017,HS2017,348,30021220,30021220,300212,national8,pending_concordance,100,100,0,1,30021220 --- Para uso veterinario 100%,03_anexo_chile_sa_2017.pdf
CHL,expanded_2017,HS2017,349,30021311,30021311,300213,national8,pending_concordance,100,100,0,1,30021311 ---- Anticuerpos monoclonales 100%,03_anexo_chile_sa_2017.pdf
CHL,expanded_2017,HS2017,350,30021312,30021312,300213,national8,pending_concordance,100,100,0,1,30021312 ---- Proteínas recombinantes 100%,03_anexo_chile_sa_2017.pdf
CHL,expanded_2017,HS2017,351,30021313,30021313,300213,national8,pending_concordance,100,100,0,1,30021313 ---- Péptidos sintéticos 100%,03_anexo_chile_sa_2017.pdf
CHL,expanded_2017,HS2017,352,30021314,30021314,300213,national8,pending_concordance,100,100,0,1,30021314 ---- Ácidos nucleicos sintéticos 100%,03_anexo_chile_sa_2017.pdf
CHL,expanded_2017,HS2017,353,30021319,30021319,300213,national8,pending_concordance,100,100,0,1,30021319 ---- Los demás 100%,03_anexo_chile_sa_2017.pdf
CHL,expanded_2017,HS2017,354,30021320,30021320,300213,national8,pending_concordance,100,100,0,1,30021320 --- Para uso veterinario 100%,03_anexo_chile_sa_2017.pdf
CHL,expanded_2017,HS2017,355,30021411,30021411,300214,national8,pending_concordance,100,100,0,1,30021411 ---- Anticuerpos monoclonales 100%,03_anexo_chile_sa_2017.pdf
CHL,expanded_2017,HS2017,356,30021412,30021412,300214,national8,pending_concordance,100,100,0,1,30021412 ---- Proteínas recombinantes 100%,03_anexo_chile_sa_2017.pdf
CHL,expanded_2017,HS2017,357,30021413,30021413,300214,national8,pending_concordance,100,100,0,1,30021413 ---- Péptidos sintéticos 100%,03_anexo_chile_sa_2017.pdf
CHL,expanded_2017,HS2017,358,30021414,30021414,300214,national8,pending_concordance,100,100,0,1,30021414 ---- Ácidos nucleicos sintéticos 100%,03_anexo_chile_sa_2017.pdf
CHL,expanded_2017,HS2017,359,30021419,30021419,300214,national8,pending_concordance,100,100,0,1,30021419 ---- Los demás 100%,03_anexo_chile_sa_2017.pdf
CHL,expanded_2017,HS2017,360,30021420,30021420,300214,national8,pending_concordance,100,100,0,1,30021420 --- Para uso veterinario 100%,03_anexo_chile_sa_2017.pdf
CHL,expanded_2017,HS2017,361,30021511,30021511,300215,national8,pending_concordance,100,100,0,1,30021511 ---- Anticuerpos monoclonales 100%,03_anexo_chile_sa_2017.pdf
CHL,expanded_2017,HS2017,362,30021512,30021512,300215,national8,pending_concordance,100,100,0,1,30021512 ---- Proteínas recombinantes 100%,03_anexo_chile_sa_2017.pdf
CHL,expanded_2017,HS2017,363,30021513,30021513,300215,national8,pending_concordance,100,100,0,1,30021513 ---- Péptidos sintéticos 100%,03_anexo_chile_sa_2017.pdf
CHL,expanded_2017,HS2017,364,30021514,30021514,300215,national8,pending_concordance,100,100,0,1,30021514 ---- Ácidos nucleicos sintéticos 100%,03_anexo_chile_sa_2017.pdf
CHL,expanded_2017,HS2017,365,30021519,30021519,300215,national8,pending_concordance,100,100,0,1,30021519 ---- Los demás 100%,03_anexo_chile_sa_2017.pdf
CHL,expanded_2017,HS2017,366,30021520,30021520,300215,national8,pending_concordance,100,100,0,1,30021520 --- Para uso veterinario 100%,03_anexo_chile_sa_2017.pdf
CHL,expanded_2017,HS2017,367,30021910,30021910,300219,national8,pending_concordance,100,100,0,1,30021910 --- Para uso humano 100%,03_anexo_chile_sa_2017.pdf
CHL,expanded_2017,HS2017,368,30021920,30021920,300219,national8,pending_concordance,100,100,0,1,30021920 --- Para uso veterinario 100%,03_anexo_chile_sa_2017.pdf
CHL,expanded_2017,HS2017,369,30022000,30022000,300220,national8,exact,80,80,0,0,30022000 - Vacunas para uso en medicina 80%,03_anexo_chile_sa_2017.pdf
CHL,expanded_2017,HS2017,370,30029090,30029090,300290,national8,exact,100,100,0,0,30029090 -- Los demás 100%,03_anexo_chile_sa_2017.pdf
CHL,expanded_2017,HS2017,371,30032011,30032011,300320,national8,exact,80,80,0,0,30032011 --- Que contengan cefalosporinas y 80% sus derivados; sales de estos productos,03_anexo_chile_sa_2017.pdf
CHL,expanded_2017,HS2017,372,30032012,30032012,300320,national8,exact,80,80,0,0,30032012 --- Que contengan tetraciclinas o sus 80% derivados; sales de estos productos,03_anexo_chile_sa_2017.pdf
CHL,expanded_2017,HS2017,373,30032013,30032013,300320,national8,exact,80,80,0,0,30032013 --- Que contengan cloranfenicol o sus 80% derivados; sales de estos productos,03_anexo_chile_sa_2017.pdf
CHL,expanded_2017,HS2017,374,30032014,30032014,300320,national8,exact,80,80,0,0,30032014 --- Que contengan eritromicina o sus 80% derivados; sales de estos productos,03_anexo_chile_sa_2017.pdf
CHL,expanded_2017,HS2017,375,30032015,30032015,300320,national8,exact,80,80,0,0,30032015 --- Que contengan gentamicina o sus 80% derivados; sales de estos productos,03_anexo_chile_sa_2017.pdf
CHL,expanded_2017,HS2017,376,30032016,30032016,300320,national8,exact,80,80,0,0,30032016 --- Que contengan rifampina o 80% rifampicina,03_anexo_chile_sa_2017.pdf
CHL,expanded_2017,HS2017,377,30032017,30032017,300320,national8,exact,80,80,0,0,30032017 --- Que contengan lincosamidas y sus 80% derivados; sales de estos productos,03_anexo_chile_sa_2017.pdf
CHL,expanded_2017,HS2017,378,30032019,30032019,300320,national8,exact,80,80,0,0,30032019 --- Los demás 80%,03_anexo_chile_sa_2017.pdf
CHL,expanded_2017,HS2017,379,30032020,30032020,300320,national8,exact,80,80,0,0,30032020 -- Para uso veterinario 80%,03_anexo_chile_sa_2017.pdf
CHL,expanded_2017,HS2017,380,30033911,30033911,300339,national8,exact,80,80,0,0,30033911 ---- Que contengan testosterona o 80% sus derivados,03_anexo_chile_sa_2017.pdf
CHL,expanded_2017,HS2017,381,30033919,30033919,300339,national8,exact,80,80,0,0,30033919 ---- Los demás 80%,03_anexo_chile_sa_2017.pdf
CHL,expanded_2017,HS2017,382,30034110,30034110,300341,national8,pending_concordance,100,100,0,1,30034110 --- Para uso humano 100%,03_anexo_chile_sa_2017.pdf
CHL,expanded_2017,HS2017,383,30034210,30034210,300342,national8,pending_concordance,100,100,0,1,30034210 --- Para uso humano 100%,03_anexo_chile_sa_2017.pdf
CHL,expanded_2017,HS2017,384,30034310,30034310,300343,national8,pending_concordance,100,100,0,1,30034310 --- Para uso humano 100%,03_anexo_chile_sa_2017.pdf
CHL,expanded_2017,HS2017,385,30034910,30034910,300349,national8,pending_concordance,100,100,0,1,30034910 --- Para uso humano 100%,03_anexo_chile_sa_2017.pdf
CHL,expanded_2017,HS2017,386,30036000,30036000,300360,national8,pending_concordance,80,80,0,1,"30036000 - Los demás, que contengan los 80% principios activos contra la malaria (paludismo)",03_anexo_chile_sa_2017.pdf
CHL,expanded_2017,HS2017,387,30039010,30039010,300390,national8,exact,80,80,0,0,30039010 -- Para uso humano 80%,03_anexo_chile_sa_2017.pdf
CHL,expanded_2017,HS2017,388,30041011,30041011,300410,national8,exact,80,80,0,0,30041011 --- Que contengan penicilinas o 80% derivados de estos productos con la estructura,03_anexo_chile_sa_2017.pdf
CHL,expanded_2017,HS2017,389,30041012,30041012,300410,national8,exact,80,80,0,0,30041012 --- Que contengan estreptomicinas o 80% derivados de estos productos,03_anexo_chile_sa_2017.pdf
CHL,expanded_2017,HS2017,390,30041019,30041019,300410,national8,exact,80,80,0,0,30041019 --- Los demás 80%,03_anexo_chile_sa_2017.pdf
CHL,expanded_2017,HS2017,391,30041020,30041020,300410,national8,exact,80,80,0,0,30041020 -- Para uso veterinario 80%,03_anexo_chile_sa_2017.pdf
CHL,expanded_2017,HS2017,392,30042011,30042011,300420,national8,exact,60,60,0,0,30042011 --- Que contengan cefalosporinas y 60% sus derivados; sales de estos productos,03_anexo_chile_sa_2017.pdf
CHL,expanded_2017,HS2017,393,30042012,30042012,300420,national8,exact,60,60,0,0,30042012 --- Que contengan tetraciclinas o sus 60% derivados; sales de estos productos,03_anexo_chile_sa_2017.pdf
CHL,expanded_2017,HS2017,394,30042013,30042013,300420,national8,exact,60,60,0,0,30042013 --- Que contengan cloranfenicol o sus 60% derivados; sales de estos productos,03_anexo_chile_sa_2017.pdf
CHL,expanded_2017,HS2017,395,30042014,30042014,300420,national8,exact,60,60,0,0,30042014 --- Que contengan eritromicina o sus 60% derivados; sales de estos productos,03_anexo_chile_sa_2017.pdf
CHL,expanded_2017,HS2017,396,30042015,30042015,300420,national8,exact,60,60,0,0,30042015 --- Que contengan gentamicina o sus 60% derivados; sales de estos productos,03_anexo_chile_sa_2017.pdf
CHL,expanded_2017,HS2017,397,30042016,30042016,300420,national8,exact,60,60,0,0,30042016 --- Que contengan rifampina o 60% rifampicina,03_anexo_chile_sa_2017.pdf
CHL,expanded_2017,HS2017,398,30042017,30042017,300420,national8,exact,60,60,0,0,30042017 --- Que contengan lincosamidas y sus 60% derivados; sales de estos productos,03_anexo_chile_sa_2017.pdf
CHL,expanded_2017,HS2017,399,30042019,30042019,300420,national8,exact,60,60,0,0,30042019 --- Los demás 60%,03_anexo_chile_sa_2017.pdf
CHL,expanded_2017,HS2017,400,30042021,30042021,300420,national8,exact,80,80,0,0,30042021 --- En aerosol con gas propelente 80%,03_anexo_chile_sa_2017.pdf
CHL,expanded_2017,HS2017,401,30042029,30042029,300420,national8,exact,80,80,0,0,30042029 --- Los demás 80%,03_anexo_chile_sa_2017.pdf
CHL,expanded_2017,HS2017,402,30043110,30043110,300431,national8,exact,100,100,0,0,30043110 --- Para uso humano 100%,03_anexo_chile_sa_2017.pdf
CHL,expanded_2017,HS2017,403,30043120,30043120,300431,national8,exact,100,100,0,0,30043120 --- Para uso veterinario 100%,03_anexo_chile_sa_2017.pdf
CHL,expanded_2017,HS2017,404,30043211,30043211,300432,national8,exact,60,60,0,0,"30043211 ---- Que contengan hormonas 60% corticosteroides, sus derivados o análogos",03_anexo_chile_sa_2017.pdf
CHL,expanded_2017,HS2017,405,30043212,30043212,300432,national8,exact,60,60,0,0,30043212 ---- Que contengan testosterona y 60% sus derivados presentados en otra forma,03_anexo_chile_sa_2017.pdf
CHL,expanded_2017,HS2017,406,30043213,30043213,300432,national8,exact,60,60,0,0,"30043213 ---- Que contengan estrógenos y 60% progestágenos, sus derivados y compuestos",03_anexo_chile_sa_2017.pdf
CHL,expanded_2017,HS2017,407,30043219,30043219,300432,national8,exact,60,60,0,0,30043219 ---- Los demás 60%,03_anexo_chile_sa_2017.pdf
CHL,expanded_2017,HS2017,408,30043910,30043910,300439,national8,exact,60,60,0,0,30043910 --- Para uso humano 60%,03_anexo_chile_sa_2017.pdf
CHL,expanded_2017,HS2017,409,30044111,30044111,300441,national8,pending_concordance,60,60,0,1,30044111 ---- En aerosol con gas propelente 60%,03_anexo_chile_sa_2017.pdf
CHL,expanded_2017,HS2017,410,30044119,30044119,300441,national8,pending_concordance,60,60,0,1,30044119 ---- Los demás 60%,03_anexo_chile_sa_2017.pdf
CHL,expanded_2017,HS2017,411,30044211,30044211,300442,national8,pending_concordance,60,60,0,1,30044211 ---- En aerosol con gas propelente 60%,03_anexo_chile_sa_2017.pdf
CHL,expanded_2017,HS2017,412,30044219,30044219,300442,national8,pending_concordance,60,60,0,1,30044219 ---- Los demás 60%,03_anexo_chile_sa_2017.pdf
CHL,expanded_2017,HS2017,413,30044311,30044311,300443,national8,pending_concordance,60,60,0,1,30044311 ---- En aerosol con gas propelente 60%,03_anexo_chile_sa_2017.pdf
CHL,expanded_2017,HS2017,414,30044319,30044319,300443,national8,pending_concordance,60,60,0,1,30044319 ---- Los demás 60%,03_anexo_chile_sa_2017.pdf
CHL,expanded_2017,HS2017,415,30044930,30044930,300449,national8,pending_concordance,60,60,0,1,"30044930 --- Para uso humano, en aerosol con 60% gas propelente",03_anexo_chile_sa_2017.pdf
CHL,expanded_2017,HS2017,416,30044941,30044941,300449,national8,pending_concordance,60,60,0,1,30044941 ---- Que contengan productos 60% opiáceos o sus derivados sin acción estupefaciente,03_anexo_chile_sa_2017.pdf
CHL,expanded_2017,HS2017,417,30044949,30044949,300449,national8,pending_concordance,60,60,0,1,30044949 ---- Los demás 60%,03_anexo_chile_sa_2017.pdf
CHL,expanded_2017,HS2017,418,30045011,30045011,300450,national8,exact,60,60,0,0,30045011 --- En aerosol con gas propelente 60%,03_anexo_chile_sa_2017.pdf
CHL,expanded_2017,HS2017,419,30045019,30045019,300450,national8,exact,60,60,0,0,30045019 --- Los demás 60%,03_anexo_chile_sa_2017.pdf
CHL,expanded_2017,HS2017,420,30046000,30046000,300460,national8,pending_concordance,60,60,0,1,"30046000 - Los demás, que contengan los 60% principios activos contra la malaria (paludismo)",03_anexo_chile_sa_2017.pdf
CHL,expanded_2017,HS2017,421,30049011,30049011,300490,national8,exact,60,60,0,0,30049011 --- Que contengan estupefacientes 60%,03_anexo_chile_sa_2017.pdf
CHL,expanded_2017,HS2017,422,30049012,30049012,300490,national8,exact,60,60,0,0,30049012 --- Que contengan psicotrópicos 60%,03_anexo_chile_sa_2017.pdf
CHL,expanded_2017,HS2017,423,30049021,30049021,300490,national8,exact,60,60,0,0,30049021 --- Que contengan quinolonas 60%,03_anexo_chile_sa_2017.pdf
CHL,expanded_2017,HS2017,424,30049029,30049029,300490,national8,exact,60,60,0,0,30049029 --- Los demás 60%,03_anexo_chile_sa_2017.pdf
CHL,expanded_2017,HS2017,425,30049031,30049031,300490,national8,exact,60,60,0,0,30049031 --- Que contengan diuréticos 60%,03_anexo_chile_sa_2017.pdf
CHL,expanded_2017,HS2017,426,30049032,30049032,300490,national8,exact,60,60,0,0,30049032 --- Que contengan betabloqueadores 60%,03_anexo_chile_sa_2017.pdf
CHL,expanded_2017,HS2017,427,30049033,30049033,300490,national8,exact,60,60,0,0,30049033 --- Que contengan inhibidores de la 60% enzima convertidora de angiotensina,03_anexo_chile_sa_2017.pdf
CHL,expanded_2017,HS2017,428,30049034,30049034,300490,national8,exact,60,60,0,0,30049034 --- Que contengan bloqueadores de 60% los canales de calcio,03_anexo_chile_sa_2017.pdf
CHL,expanded_2017,HS2017,429,30049039,30049039,300490,national8,exact,60,60,0,0,30049039 --- Los demás 60%,03_anexo_chile_sa_2017.pdf
CHL,expanded_2017,HS2017,430,30049041,30049041,300490,national8,exact,60,60,0,0,30049041 --- Que contengan antirretrovirales 60%,03_anexo_chile_sa_2017.pdf
CHL,expanded_2017,HS2017,431,30049042,30049042,300490,national8,exact,60,60,0,0,30049042 --- Que contengan antiinflamatorios 60% no esteroidales,03_anexo_chile_sa_2017.pdf
CHL,expanded_2017,HS2017,432,30049043,30049043,300490,national8,exact,60,60,0,0,30049043 --- Que contengan los demás 60% analgésicos,03_anexo_chile_sa_2017.pdf
CHL,expanded_2017,HS2017,433,30049051,30049051,300490,national8,exact,60,60,0,0,30049051 --- Que contengan inhibidores de la 60% receptación de serotonina,03_anexo_chile_sa_2017.pdf
CHL,expanded_2017,HS2017,434,30049052,30049052,300490,national8,exact,60,60,0,0,30049052 --- Que contengan inhibidores de la 60% receptación de la noradrenalina,03_anexo_chile_sa_2017.pdf
CHL,expanded_2017,HS2017,435,30049053,30049053,300490,national8,exact,60,60,0,0,30049053 --- Que contengan tricíclicos y sus 60% derivados,03_anexo_chile_sa_2017.pdf
CHL,expanded_2017,HS2017,436,30049054,30049054,300490,national8,exact,60,60,0,0,30049054 --- Que contengan fenotiazinas y sus 60% derivados,03_anexo_chile_sa_2017.pdf
CHL,expanded_2017,HS2017,437,30049055,30049055,300490,national8,exact,60,60,0,0,30049055 --- Que contengan butirofenonas y 60% sus derivados,03_anexo_chile_sa_2017.pdf
CHL,expanded_2017,HS2017,438,30049056,30049056,300490,national8,exact,60,60,0,0,30049056 --- Que contengan dibenzodiazepinas 60% y sus derivados,03_anexo_chile_sa_2017.pdf
CHL,expanded_2017,HS2017,439,30049057,30049057,300490,national8,exact,60,60,0,0,30049057 --- Que contengan bencisoxanzoles y 60% sus derivados,03_anexo_chile_sa_2017.pdf
CHL,expanded_2017,HS2017,440,30049059,30049059,300490,national8,exact,60,60,0,0,30049059 --- Los demás 60%,03_anexo_chile_sa_2017.pdf
CHL,expanded_2017,HS2017,441,30049061,30049061,300490,national8,exact,60,60,0,0,30049061 --- Que contengan estatinas y sus 60% derivados,03_anexo_chile_sa_2017.pdf
CHL,expanded_2017,HS2017,442,30049062,30049062,300490,national8,exact,60,60,0,0,30049062 --- Que contengan inhibidores de la 60% absorción del colesterol,03_anexo_chile_sa_2017.pdf
CHL,expanded_2017,HS2017,443,30049063,30049063,300490,national8,exact,60,60,0,0,30049063 --- Que contengan fibratos y sus 60% derivados,03_anexo_chile_sa_2017.pdf
CHL,expanded_2017,HS2017,444,30049069,30049069,300490,national8,exact,60,60,0,0,30049069 --- Los demás 60%,03_anexo_chile_sa_2017.pdf
CHL,expanded_2017,HS2017,445,30049071,30049071,300490,national8,exact,60,60,0,0,30049071 --- Imidazólicos 60%,03_anexo_chile_sa_2017.pdf
CHL,expanded_2017,HS2017,446,30049072,30049072,300490,national8,exact,60,60,0,0,30049072 --- Triazólicos 60%,03_anexo_chile_sa_2017.pdf
CHL,expanded_2017,HS2017,447,30049079,30049079,300490,national8,exact,60,60,0,0,30049079 --- Los demás 60%,03_anexo_chile_sa_2017.pdf
CHL,expanded_2017,HS2017,448,30049091,30049091,300490,national8,exact,60,60,0,0,"30049091 --- Para uso humano, en aerosol con 60% gas propelente",03_anexo_chile_sa_2017.pdf
CHL,expanded_2017,HS2017,449,30049092,30049092,300490,national8,exact,60,60,0,0,30049092 --- Los demás para uso humano 60%,03_anexo_chile_sa_2017.pdf
CHL,expanded_2017,HS2017,450,30049093,30049093,300490,national8,exact,80,80,0,0,"30049093 --- Para uso veterinario, en aerosol 80% con gas propelente",03_anexo_chile_sa_2017.pdf
CHL,expanded_2017,HS2017,451,30049094,30049094,300490,national8,exact,80,80,0,0,30049094 --- Los demás para uso veterinario 80%,03_anexo_chile_sa_2017.pdf
CHL,expanded_2017,HS2017,452,30059020,30059020,300590,national8,exact,80,80,0,0,30059020 -- Vendas 80%,03_anexo_chile_sa_2017.pdf
CHL,expanded_2017,HS2017,453,30059090,30059090,300590,national8,exact,80,80,0,0,30059090 -- Los demás 80%,03_anexo_chile_sa_2017.pdf
CHL,expanded_2017,HS2017,454,30061010,30061010,300610,national8,exact,30,30,0,0,30061010 -- Hemostáticos reabsorbibles 30% estériles para cirugía u odoltología,03_anexo_chile_sa_2017.pdf
CHL,expanded_2017,HS2017,455,30061020,30061020,300610,national8,exact,30,30,0,0,30061020 -- Adhesivos estériles para tejidos 30% orgánicos utilizados en cirugía para,03_anexo_chile_sa_2017.pdf
CHL,expanded_2017,HS2017,456,30061031,30061031,300610,national8,exact,30,30,0,0,30061031 --- Para suturas cardiovasculares 30%,03_anexo_chile_sa_2017.pdf
CHL,expanded_2017,HS2017,457,30061039,30061039,300610,national8,exact,30,30,0,0,30061039 --- Las demás 30%,03_anexo_chile_sa_2017.pdf
CHL,expanded_2017,HS2017,458,30064020,30064020,300640,national8,exact,100,100,0,0,30064020 -- Cementos para la refección de los 100% huesos,03_anexo_chile_sa_2017.pdf
CHL,expanded_2017,HS2017,459,30066000,30066000,300660,national8,exact,80,80,0,0,"30066000 - Preparaciones químicas 80% anticonceptivas a base de hormonas,",03_anexo_chile_sa_2017.pdf
CHL,expanded_2017,HS2017,460,31042000,31042000,310420,national8,exact,80,80,0,0,31042000 - Cloruro de potasio 80%,03_anexo_chile_sa_2017.pdf
CHL,expanded_2017,HS2017,461,31054000,31054000,310540,national8,exact,80,80,0,0,"31054000 - Dihidrogenoortofosfato de amonio 80% (fosfato monoamónico),",03_anexo_chile_sa_2017.pdf
CHL,expanded_2017,HS2017,462,32021000,32021000,320210,national8,exact,100,100,0,0,32021000 - Productos curtientes orgánicos 100% sintéticos,03_anexo_chile_sa_2017.pdf
CHL,expanded_2017,HS2017,463,32041200,32041200,320412,national8,exact,80,80,0,0,"32041200 -- Colorantes ácidos, incluso 80% metalizados, y preparaciones a",03_anexo_chile_sa_2017.pdf
CHL,expanded_2017,HS2017,464,32041300,32041300,320413,national8,exact,80,80,0,0,32041300 -- Colorantes básicos y 80% preparaciones a base de estos colorantes,03_anexo_chile_sa_2017.pdf
CHL,expanded_2017,HS2017,465,32041400,32041400,320414,national8,exact,100,100,0,0,32041400 -- Colorantes directos y 100% preparaciones a base de estos colorantes,03_anexo_chile_sa_2017.pdf
CHL,expanded_2017,HS2017,466,32041600,32041600,320416,national8,exact,80,80,0,0,32041600 -- Colorantes reactivos y 80% preparaciones a base de estos colorantes,03_anexo_chile_sa_2017.pdf
CHL,expanded_2017,HS2017,467,32041700,32041700,320417,national8,exact,80,80,0,0,32041700 -- Colorantes pigmentarios y 80% preparaciones a base de estos colorantes,03_anexo_chile_sa_2017.pdf
CHL,expanded_2017,HS2017,468,32041990,32041990,320419,national8,exact,100,100,0,0,32041990 --- Los demás 100%,03_anexo_chile_sa_2017.pdf
CHL,expanded_2017,HS2017,469,32042000,32042000,320420,national8,exact,80,80,0,0,32042000 - Productos orgánicos sintéticos de 80% los tipos utilizados para,03_anexo_chile_sa_2017.pdf
CHL,expanded_2017,HS2017,470,32049000,32049000,320490,national8,exact,100,100,0,0,32049000 - Los demás 100%,03_anexo_chile_sa_2017.pdf
CHL,expanded_2017,HS2017,471,32064900,32064900,320649,national8,exact,100,100,0,0,32064900 -- Las demás 100%,03_anexo_chile_sa_2017.pdf
CHL,expanded_2017,HS2017,472,32065000,32065000,320650,national8,exact,100,100,0,0,32065000 - Productos inorgánicos de los tipos 100% utilizados como luminóforos,03_anexo_chile_sa_2017.pdf
CHL,expanded_2017,HS2017,473,32074090,32074090,320740,national8,exact,100,100,0,0,32074090 -- Los demás 100%,03_anexo_chile_sa_2017.pdf
CHL,expanded_2017,HS2017,474,32129010,32129010,321290,national8,exact,100,100,0,0,32129010 -- Pigmentos molidos utilizados para 100% la fabricación de pinturas,03_anexo_chile_sa_2017.pdf
CHL,expanded_2017,HS2017,475,32129090,32129090,321290,national8,exact,100,100,0,0,32129090 -- Los demás 100%,03_anexo_chile_sa_2017.pdf
CHL,expanded_2017,HS2017,476,32151100,32151100,321511,national8,exact,30,30,0,0,32151100 -- Negras 30%,03_anexo_chile_sa_2017.pdf
CHL,expanded_2017,HS2017,477,32151900,32151900,321519,national8,exact,30,30,0,0,32151900 -- Las demás 30%,03_anexo_chile_sa_2017.pdf
CHL,expanded_2017,HS2017,478,33012400,33012400,330124,national8,exact,100,100,0,0,33012400 -- De menta piperita (Mentha piperita) 100%,03_anexo_chile_sa_2017.pdf
CHL,expanded_2017,HS2017,479,33012900,33012900,330129,national8,exact,60,60,0,0,33012900 -- Los demás 60%,03_anexo_chile_sa_2017.pdf
CHL,expanded_2017,HS2017,480,33013000,33013000,330130,national8,exact,100,100,0,0,33013000 - Resinoides 100%,03_anexo_chile_sa_2017.pdf
CHL,expanded_2017,HS2017,481,33019000,33019000,330190,national8,exact,60,60,0,0,33019000 - Los demás 60%,03_anexo_chile_sa_2017.pdf
CHL,expanded_2017,HS2017,482,33021000,33021000,330210,national8,exact,80,80,0,0,33021000 - De los tipos utilizados en las 80% industrias alimentarias o de bebidas,03_anexo_chile_sa_2017.pdf
CHL,expanded_2017,HS2017,483,33029010,33029010,330290,national8,exact,80,80,0,0,33029010 -- De los tipos utilizados en las 80% industrias de perfumería y aguas de tocador,03_anexo_chile_sa_2017.pdf
CHL,expanded_2017,HS2017,484,33029090,33029090,330290,national8,exact,100,100,0,0,33029090 -- Las demás 100%,03_anexo_chile_sa_2017.pdf
CHL,expanded_2017,HS2017,485,33030010,33030010,330300,national8,exact,80,80,0,0,33030010 - Perfumes 80%,03_anexo_chile_sa_2017.pdf
CHL,expanded_2017,HS2017,486,33030020,33030020,330300,national8,exact,80,80,0,0,33030020 - Aguas de tocador 80%,03_anexo_chile_sa_2017.pdf
CHL,expanded_2017,HS2017,487,33041000,33041000,330410,national8,exact,80,80,0,0,33041000 - Preparaciones para el maquillaje de 80% los labios,03_anexo_chile_sa_2017.pdf
CHL,expanded_2017,HS2017,488,33042000,33042000,330420,national8,exact,80,80,0,0,33042000 - Preparaciones para el maquillaje de 80% los ojos,03_anexo_chile_sa_2017.pdf
CHL,expanded_2017,HS2017,489,33049100,33049100,330491,national8,exact,80,80,0,0,"33049100 -- Polvos, incluidos los compactos 80%",03_anexo_chile_sa_2017.pdf
CHL,expanded_2017,HS2017,490,33049930,33049930,330499,national8,exact,100,100,0,0,33049930 --- Aceites emulsionados 100%,03_anexo_chile_sa_2017.pdf
CHL,expanded_2017,HS2017,491,33049951,33049951,330499,national8,exact,100,100,0,0,33049951 ---- Preparaciones desmaquillantes 100%,03_anexo_chile_sa_2017.pdf
CHL,expanded_2017,HS2017,492,33049952,33049952,330499,national8,exact,100,100,0,0,33049952 ---- Preparaciones exfoliantes 100%,03_anexo_chile_sa_2017.pdf
CHL,expanded_2017,HS2017,493,33049953,33049953,330499,national8,exact,100,100,0,0,33049953 ---- Cremas para el cuidado de la piel 100%,03_anexo_chile_sa_2017.pdf
CHL,expanded_2017,HS2017,494,33049959,33049959,330499,national8,exact,100,100,0,0,33049959 ---- Las demás 100%,03_anexo_chile_sa_2017.pdf
CHL,expanded_2017,HS2017,495,33049991,33049991,330499,national8,exact,100,100,0,0,33049991 ---- Set de maquillaje para 100% entretenimiento de niñas,03_anexo_chile_sa_2017.pdf
CHL,expanded_2017,HS2017,496,33049999,33049999,330499,national8,exact,100,100,0,0,33049999 ---- Las demás 100%,03_anexo_chile_sa_2017.pdf
CHL,expanded_2017,HS2017,497,33051010,33051010,330510,national8,exact,80,80,0,0,33051010 -- Para limpieza 80%,03_anexo_chile_sa_2017.pdf
CHL,expanded_2017,HS2017,498,33051020,33051020,330510,national8,exact,80,80,0,0,33051020 -- Para tratamiento con sustancias 80% farmacéuticas o desinfectantes o con,03_anexo_chile_sa_2017.pdf
CHL,expanded_2017,HS2017,499,33051090,33051090,330510,national8,exact,80,80,0,0,33051090 -- Los demás 80%,03_anexo_chile_sa_2017.pdf
CHL,expanded_2017,HS2017,500,33059090,33059090,330590,national8,exact,80,80,0,0,33059090 -- Las demás 80%,03_anexo_chile_sa_2017.pdf
CHL,expanded_2017,HS2017,501,33061000,33061000,330610,national8,exact,80,80,0,0,33061000 - Dentífricos 80%,03_anexo_chile_sa_2017.pdf
CHL,expanded_2017,HS2017,502,33062000,33062000,330620,national8,exact,100,100,0,0,33062000 - Hilo utilizado para limpieza de los 100% espacios interdentales (hilo dental),03_anexo_chile_sa_2017.pdf
CHL,expanded_2017,HS2017,503,33072010,33072010,330720,national8,exact,100,100,0,0,33072010 -- En aerosol con gas propelente 100%,03_anexo_chile_sa_2017.pdf
CHL,expanded_2017,HS2017,504,33072090,33072090,330720,national8,exact,100,100,0,0,33072090 -- Los demás 100%,03_anexo_chile_sa_2017.pdf
CHL,expanded_2017,HS2017,505,33074100,33074100,330741,national8,exact,80,80,0,0,33074100 -- «Agarbatti» y demás preparaciones 80% odoríferas que actúan por combustión,03_anexo_chile_sa_2017.pdf
CHL,expanded_2017,HS2017,506,33074910,33074910,330749,national8,exact,80,80,0,0,33074910 --- En aerosol con gas propelente 80%,03_anexo_chile_sa_2017.pdf
CHL,expanded_2017,HS2017,507,33074990,33074990,330749,national8,exact,80,80,0,0,33074990 --- Las demás 80%,03_anexo_chile_sa_2017.pdf
CHL,expanded_2017,HS2017,508,33079010,33079010,330790,national8,exact,80,80,0,0,33079010 -- Preparaciones depilatorias 80%,03_anexo_chile_sa_2017.pdf
CHL,expanded_2017,HS2017,509,33079090,33079090,330790,national8,exact,80,80,0,0,33079090 -- Los demás 80%,03_anexo_chile_sa_2017.pdf
CHL,expanded_2017,HS2017,510,34011100,34011100,340111,national8,exact,80,80,0,0,34011100 -- De tocador (incluso los 80% medicinales),03_anexo_chile_sa_2017.pdf
CHL,expanded_2017,HS2017,511,34021100,34021100,340211,national8,exact,60,60,0,0,34021100 -- Aniónicos 60%,03_anexo_chile_sa_2017.pdf
CHL,expanded_2017,HS2017,512,34021200,34021200,340212,national8,exact,100,100,0,0,34021200 -- Catiónicos 100%,03_anexo_chile_sa_2017.pdf
CHL,expanded_2017,HS2017,513,34021300,34021300,340213,national8,exact,100,100,0,0,34021300 -- No iónicos 100%,03_anexo_chile_sa_2017.pdf
CHL,expanded_2017,HS2017,514,34021900,34021900,340219,national8,exact,30,30,0,0,34021900 -- Los demás 30%,03_anexo_chile_sa_2017.pdf
CHL,expanded_2017,HS2017,515,34022020,34022020,340220,national8,exact,80,80,0,0,34022020 -- Preparaciones de lavar (incluidas 80% las preparaciones auxiliares para,03_anexo_chile_sa_2017.pdf
CHL,expanded_2017,HS2017,516,34031910,34031910,340319,national8,exact,80,80,0,0,34031910 --- En aerosol con gas propelente 80%,03_anexo_chile_sa_2017.pdf
CHL,expanded_2017,HS2017,517,34031990,34031990,340319,national8,exact,80,80,0,0,34031990 --- Las demás 80%,03_anexo_chile_sa_2017.pdf
CHL,expanded_2017,HS2017,518,34049010,34049010,340490,national8,exact,60,60,0,0,34049010 -- Artificiales 60%,03_anexo_chile_sa_2017.pdf
CHL,expanded_2017,HS2017,519,34060000,34060000,340600,national8,exact,100,100,0,0,"34060000 Velas, cirios y artículos similares. 100%",03_anexo_chile_sa_2017.pdf
CHL,expanded_2017,HS2017,520,34070010,34070010,340700,national8,exact,100,100,0,0,"34070010 - Pastas para modelar, incluidas las 100% presentadas para entretenimiento de los niños",03_anexo_chile_sa_2017.pdf
CHL,expanded_2017,HS2017,521,34070020,34070020,340700,national8,exact,100,100,0,0,34070020 - Preparaciones llamadas «ceras 100% para odontología» o «compuestos para,03_anexo_chile_sa_2017.pdf
CHL,expanded_2017,HS2017,522,34070030,34070030,340700,national8,exact,100,100,0,0,34070030 - Las demás preparaciones para 100% odontología a base de yeso fraguable,03_anexo_chile_sa_2017.pdf
CHL,expanded_2017,HS2017,523,35061000,35061000,350610,national8,exact,100,100,0,0,"35061000 - Productos de cualquier clase 100% utilizados como colas o adhesivos,",03_anexo_chile_sa_2017.pdf
CHL,expanded_2017,HS2017,524,35069120,35069120,350691,national8,exact,30,30,0,0,35069120 --- A base de polímeros de las 30% partidas 39.01 a 39.13,03_anexo_chile_sa_2017.pdf
CHL,expanded_2017,HS2017,525,35079010,35079010,350790,national8,exact,100,100,0,0,35079010 -- Pancreáticas 100%,03_anexo_chile_sa_2017.pdf
CHL,expanded_2017,HS2017,526,35079090,35079090,350790,national8,exact,60,60,0,0,35079090 -- Las demás 60%,03_anexo_chile_sa_2017.pdf
CHL,expanded_2017,HS2017,527,36050000,36050000,360500,national8,exact,80,80,0,0,"36050000 Fósforos (cerillas), excepto los 80% artículos de pirotecnia de la",03_anexo_chile_sa_2017.pdf
CHL,expanded_2017,HS2017,528,37079010,37079010,370790,national8,exact,100,100,0,0,37079010 -- Polvo impresor para fotocopiadoras 100% (tóner),03_anexo_chile_sa_2017.pdf
CHL,expanded_2017,HS2017,529,38021000,38021000,380210,national8,exact,60,60,0,0,38021000 - Carbón activado 60%,03_anexo_chile_sa_2017.pdf
CHL,expanded_2017,HS2017,530,38085200,38085200,380852,national8,pending_concordance,60,60,0,1,"38085200 -- DDT (ISO) (clofenotano (DCI)), 60% acondicionado en envases con un contenido",03_anexo_chile_sa_2017.pdf
CHL,expanded_2017,HS2017,531,38085900,38085900,380859,national8,pending_concordance,0,80,1,1,"38085900 -- Los demás 60%: Productos de la partida 38.08, que contengan una o más de las sustancias siguientes: ácido perfluorooctano sulfónico y sus ",03_anexo_chile_sa_2017.pdf
CHL,expanded_2017,HS2017,532,38086200,38086200,380862,national8,pending_concordance,0,60,1,1,38086200 -- Acondicionados en envases con un 0%: Contenido neto contenido en peso neto superior a inferior o igual a 5KN o 300 g 5L - 0% 60%: Contenid,03_anexo_chile_sa_2017.pdf
CHL,expanded_2017,HS2017,533,38086900,38086900,380869,national8,pending_concordance,60,60,0,1,38086900 -- Los demás 60%,03_anexo_chile_sa_2017.pdf
CHL,expanded_2017,HS2017,534,38089192,38089192,380891,national8,exact,60,60,0,0,38089192 ---- Que contengan dibromuro de 60% etileno,03_anexo_chile_sa_2017.pdf
CHL,expanded_2017,HS2017,535,38089193,38089193,380891,national8,exact,60,60,0,0,38089193 ---- Que contengan heptacloro 60%,03_anexo_chile_sa_2017.pdf
CHL,expanded_2017,HS2017,536,38089194,38089194,380891,national8,exact,60,60,0,0,38089194 ---- Que contengan mevinfos 60%,03_anexo_chile_sa_2017.pdf
CHL,expanded_2017,HS2017,537,38089199,38089199,380891,national8,exact,60,60,0,0,38089199 ---- Los demás 60%,03_anexo_chile_sa_2017.pdf
CHL,expanded_2017,HS2017,538,38089219,38089219,380892,national8,exact,60,60,0,0,38089219 ---- Los demás 60%,03_anexo_chile_sa_2017.pdf
CHL,expanded_2017,HS2017,539,38089299,38089299,380892,national8,exact,60,60,0,0,38089299 ---- Los demás 60%,03_anexo_chile_sa_2017.pdf
CHL,expanded_2017,HS2017,540,38089319,38089319,380893,national8,exact,60,60,0,0,38089319 ---- Los demás 60%,03_anexo_chile_sa_2017.pdf
CHL,expanded_2017,HS2017,541,38089329,38089329,380893,national8,exact,60,60,0,0,38089329 ---- Los demás 60%,03_anexo_chile_sa_2017.pdf
CHL,expanded_2017,HS2017,542,38089351,38089351,380893,national8,exact,60,60,0,0,38089351 ---- Que contengan daminozide 60%,03_anexo_chile_sa_2017.pdf
CHL,expanded_2017,HS2017,543,38089359,38089359,380893,national8,exact,60,60,0,0,38089359 ---- Los demás 60%,03_anexo_chile_sa_2017.pdf
CHL,expanded_2017,HS2017,544,38089412,38089412,380894,national8,exact,80,80,0,0,"38089412 ---- Los demás, de uso doméstico, en 80% aerosol con gas propelente",03_anexo_chile_sa_2017.pdf
CHL,expanded_2017,HS2017,545,38089419,38089419,380894,national8,exact,80,80,0,0,38089419 ---- Los demás 80%,03_anexo_chile_sa_2017.pdf
CHL,expanded_2017,HS2017,546,38089499,38089499,380894,national8,exact,80,80,0,0,38089499 ---- Los demás 80%,03_anexo_chile_sa_2017.pdf
CHL,expanded_2017,HS2017,547,38101000,38101000,381010,national8,exact,100,100,0,0,38101000 - Preparaciones para el decapado de 100% metal; pastas y polvos para,03_anexo_chile_sa_2017.pdf
CHL,expanded_2017,HS2017,548,38111910,38111910,381119,national8,exact,100,100,0,0,38111910 --- No acondicionadas para la venta 100% al por menor,03_anexo_chile_sa_2017.pdf
CHL,expanded_2017,HS2017,549,38122000,38122000,381220,national8,exact,100,100,0,0,38122000 - Plastificantes compuestos para 100% caucho o plástico,03_anexo_chile_sa_2017.pdf
CHL,expanded_2017,HS2017,550,38123100,38123100,381231,national8,pending_concordance,80,80,0,1,"38123100 -- Mezclas de oligómeros de 2,2,4- 80% trimetil-1,2-dihidroquinoleína (TMQ)",03_anexo_chile_sa_2017.pdf
CHL,expanded_2017,HS2017,551,38123900,38123900,381239,national8,pending_concordance,80,80,0,1,38123900 -- Los demás 80%,03_anexo_chile_sa_2017.pdf
CHL,expanded_2017,HS2017,552,38140090,38140090,381400,national8,exact,100,100,0,0,38140090 - Los demás 100%,03_anexo_chile_sa_2017.pdf
CHL,expanded_2017,HS2017,553,38160010,38160010,381600,national8,exact,80,80,0,0,38160010 - Cementos refractarios 80%,03_anexo_chile_sa_2017.pdf
CHL,expanded_2017,HS2017,554,38200000,38200000,382000,national8,exact,100,100,0,0,38200000 Preparaciones anticongelantes y 100% líquidos preparados para descongelar.,03_anexo_chile_sa_2017.pdf
CHL,expanded_2017,HS2017,555,38210000,38210000,382100,national8,exact,100,100,0,0,38210000 Medios de cultivo preparados para el 100% desarrollo o mantenimiento,03_anexo_chile_sa_2017.pdf
CHL,expanded_2017,HS2017,556,38220000,38220000,382200,national8,exact,100,100,0,0,38220000 Reactivos de diagnóstico o de 100% laboratorio sobre cualquier soporte,03_anexo_chile_sa_2017.pdf
CHL,expanded_2017,HS2017,557,38231900,38231900,382319,national8,exact,80,80,0,0,38231900 -- Los demás 80%,03_anexo_chile_sa_2017.pdf
CHL,expanded_2017,HS2017,558,38237000,38237000,382370,national8,exact,100,100,0,0,38237000 - Alcoholes grasos industriales 100%,03_anexo_chile_sa_2017.pdf
CHL,expanded_2017,HS2017,559,38248400,38248400,382484,national8,pending_concordance,80,80,0,1,"38248400 -- Que contengan aldrina (ISO), 80% canfecloro (ISO)",03_anexo_chile_sa_2017.pdf
CHL,expanded_2017,HS2017,560,38248500,38248500,382485,national8,pending_concordance,80,80,0,1,"38248500 -- Que contengan 1,2,3,4,5,6- 80% hexaclorociclohexano",03_anexo_chile_sa_2017.pdf
CHL,expanded_2017,HS2017,561,38248600,38248600,382486,national8,pending_concordance,80,80,0,1,38248600 -- Que contengan pentaclorobenceno 80% (ISO) o hexaclorobenceno (ISO),03_anexo_chile_sa_2017.pdf
CHL,expanded_2017,HS2017,562,38248700,38248700,382487,national8,pending_concordance,80,80,0,1,"38248700 -- Que contengan ácido 80% perfluorooctano sulfónico o sus sales,",03_anexo_chile_sa_2017.pdf
CHL,expanded_2017,HS2017,563,38248800,38248800,382488,national8,pending_concordance,80,80,0,1,"38248800 -- Que contengan éteres tetra-, 80% penta-, hexa-, hepta- u octabromodifenílicos",03_anexo_chile_sa_2017.pdf
CHL,expanded_2017,HS2017,564,38249100,38249100,382491,national8,pending_concordance,80,80,0,1,38249100 -- Mezclas y preparaciones 80% constituidas esencialmente,03_anexo_chile_sa_2017.pdf
CHL,expanded_2017,HS2017,565,38249930,38249930,382499,national8,pending_concordance,100,100,0,1,38249930 --- Parafinas cloradas 100%,03_anexo_chile_sa_2017.pdf
CHL,expanded_2017,HS2017,566,38249941,38249941,382499,national8,pending_concordance,100,100,0,1,38249941 ---- Preparaciones extractantes de 100% metales para aplicación en minerales,03_anexo_chile_sa_2017.pdf
CHL,expanded_2017,HS2017,567,38249999,38249999,382499,national8,pending_concordance,0,0,0,1,38249999 ---- Los demás 8 0 %,03_anexo_chile_sa_2017.pdf
CHL,expanded_2017,HS2017,568,39012000,39012000,390120,national8,exact,60,60,0,0,"39012000 - Polietileno de densidad superior o 60% igual a 0,94",03_anexo_chile_sa_2017.pdf
CHL,expanded_2017,HS2017,569,39021000,39021000,390210,national8,exact,60,60,0,0,39021000 - Polipropileno 60%,03_anexo_chile_sa_2017.pdf
CHL,expanded_2017,HS2017,570,39023000,39023000,390230,national8,exact,80,80,0,0,39023000 - Copolímeros de propileno 80%,03_anexo_chile_sa_2017.pdf
CHL,expanded_2017,HS2017,571,39029000,39029000,390290,national8,exact,80,80,0,0,39029000 - Los demás 80%,03_anexo_chile_sa_2017.pdf
CHL,expanded_2017,HS2017,572,39031100,39031100,390311,national8,exact,60,60,0,0,39031100 -- Expandible 60%,03_anexo_chile_sa_2017.pdf
CHL,expanded_2017,HS2017,573,39031910,39031910,390319,national8,exact,80,80,0,0,39031910 --- De uso general (cristal) 80%,03_anexo_chile_sa_2017.pdf
CHL,expanded_2017,HS2017,574,39031990,39031990,390319,national8,exact,80,80,0,0,39031990 --- Los demás 80%,03_anexo_chile_sa_2017.pdf
CHL,expanded_2017,HS2017,575,39042200,39042200,390422,national8,exact,60,60,0,0,39042200 -- Plastificados 60%,03_anexo_chile_sa_2017.pdf
CHL,expanded_2017,HS2017,576,39059900,39059900,390599,national8,exact,100,100,0,0,39059900 -- Los demás 100%,03_anexo_chile_sa_2017.pdf
CHL,expanded_2017,HS2017,577,39069000,39069000,390690,national8,exact,60,60,0,0,39069000 - Los demás 60%,03_anexo_chile_sa_2017.pdf
CHL,expanded_2017,HS2017,578,39073020,39073020,390730,national8,exact,80,80,0,0,39073020 -- En estado líquido o pastoso 80%,03_anexo_chile_sa_2017.pdf
CHL,expanded_2017,HS2017,579,39076100,39076100,390761,national8,pending_concordance,80,80,0,1,39076100 -- Con un índice de viscosidad 80% superior o igual a 78 ml/g,03_anexo_chile_sa_2017.pdf
CHL,expanded_2017,HS2017,580,39076900,39076900,390769,national8,pending_concordance,80,80,0,1,39076900 -- Los demás 80%,03_anexo_chile_sa_2017.pdf
CHL,expanded_2017,HS2017,581,39089000,39089000,390890,national8,exact,80,80,0,0,39089000 - Las demás 80%,03_anexo_chile_sa_2017.pdf
CHL,expanded_2017,HS2017,582,39100090,39100090,391000,national8,exact,80,80,0,0,39100090 - Las demás 80%,03_anexo_chile_sa_2017.pdf
CHL,expanded_2017,HS2017,583,39123100,39123100,391231,national8,exact,80,80,0,0,39123100 -- Carboximetilcelulosa y sus sales 80%,03_anexo_chile_sa_2017.pdf
CHL,expanded_2017,HS2017,584,39129000,39129000,391290,national8,exact,80,80,0,0,39129000 - Los demás 80%,03_anexo_chile_sa_2017.pdf
CHL,expanded_2017,HS2017,585,39139000,39139000,391390,national8,exact,80,80,0,0,39139000 - Los demás 80%,03_anexo_chile_sa_2017.pdf
CHL,expanded_2017,HS2017,586,39140010,39140010,391400,national8,exact,100,100,0,0,"39140010 - De condensación, de 100% policondensación y de poliadición",03_anexo_chile_sa_2017.pdf
CHL,expanded_2017,HS2017,587,39162000,39162000,391620,national8,exact,100,100,0,0,39162000 - De polímeros de cloruro de vinilo 100%,03_anexo_chile_sa_2017.pdf
CHL,expanded_2017,HS2017,588,39169000,39169000,391690,national8,exact,80,80,0,0,39169000 - De los demás plásticos 80%,03_anexo_chile_sa_2017.pdf
CHL,expanded_2017,HS2017,589,39172900,39172900,391729,national8,exact,100,100,0,0,39172900 -- De los demás plásticos 100%,03_anexo_chile_sa_2017.pdf
CHL,expanded_2017,HS2017,590,39173230,39173230,391732,national8,exact,100,100,0,0,39173230 --- De polímeros de cloruro de vinilo 100%,03_anexo_chile_sa_2017.pdf
CHL,expanded_2017,HS2017,591,39173990,39173990,391739,national8,exact,100,100,0,0,39173990 --- Los demás 100%,03_anexo_chile_sa_2017.pdf
CHL,expanded_2017,HS2017,592,39181000,39181000,391810,national8,exact,60,60,0,0,39181000 - De polímeros de cloruro de vinilo 60%,03_anexo_chile_sa_2017.pdf
CHL,expanded_2017,HS2017,593,39189000,39189000,391890,national8,exact,80,80,0,0,39189000 - De los demás plásticos 80%,03_anexo_chile_sa_2017.pdf
CHL,expanded_2017,HS2017,594,39191010,39191010,391910,national8,exact,80,80,0,0,39191010 -- De polímeros de etileno 80%,03_anexo_chile_sa_2017.pdf
CHL,expanded_2017,HS2017,595,39191020,39191020,391910,national8,exact,80,80,0,0,39191020 -- De polímeros de propileno 80%,03_anexo_chile_sa_2017.pdf
CHL,expanded_2017,HS2017,596,39199040,39199040,391990,national8,exact,100,100,0,0,39199040 -- De poliéster 100%,03_anexo_chile_sa_2017.pdf
CHL,expanded_2017,HS2017,597,39199090,39199090,391990,national8,exact,80,80,0,0,39199090 -- Los demás 80%,03_anexo_chile_sa_2017.pdf
CHL,expanded_2017,HS2017,598,39201010,39201010,392010,national8,exact,60,60,0,0,"39201010 -- De densidad inferior a 0,94 60%",03_anexo_chile_sa_2017.pdf
CHL,expanded_2017,HS2017,599,39202010,39202010,392020,national8,exact,60,60,0,0,"39202010 -- De espesor inferior o igual a 0,10 60% mm",03_anexo_chile_sa_2017.pdf
CHL,expanded_2017,HS2017,600,39202020,39202020,392020,national8,exact,30,30,0,0,"39202020 -- De espesor superior a 0,10 mm 30%",03_anexo_chile_sa_2017.pdf
CHL,expanded_2017,HS2017,601,39204900,39204900,392049,national8,exact,80,80,0,0,39204900 -- Las demás 80%,03_anexo_chile_sa_2017.pdf
CHL,expanded_2017,HS2017,602,39206210,39206210,392062,national8,exact,80,80,0,0,39206210 --- Láminas 80%,03_anexo_chile_sa_2017.pdf
CHL,expanded_2017,HS2017,603,39206290,39206290,392062,national8,exact,80,80,0,0,39206290 --- Las demás 80%,03_anexo_chile_sa_2017.pdf
CHL,expanded_2017,HS2017,604,39206390,39206390,392063,national8,exact,100,100,0,0,39206390 --- Las demás 100%,03_anexo_chile_sa_2017.pdf
CHL,expanded_2017,HS2017,605,39206910,39206910,392069,national8,exact,80,80,0,0,39206910 --- Láminas 80%,03_anexo_chile_sa_2017.pdf
CHL,expanded_2017,HS2017,606,39206990,39206990,392069,national8,exact,80,80,0,0,39206990 --- Las demás 80%,03_anexo_chile_sa_2017.pdf
CHL,expanded_2017,HS2017,607,39209900,39209900,392099,national8,exact,80,80,0,0,39209900 -- De los demás plásticos 80%,03_anexo_chile_sa_2017.pdf
CHL,expanded_2017,HS2017,608,39211900,39211900,392119,national8,exact,80,80,0,0,39211900 -- De los demás plásticos 80%,03_anexo_chile_sa_2017.pdf
CHL,expanded_2017,HS2017,609,39219010,39219010,392190,national8,exact,100,100,0,0,39219010 -- Laminados plásticos compuestos 100% de papel Kraft impregnado y,03_anexo_chile_sa_2017.pdf
CHL,expanded_2017,HS2017,610,39219090,39219090,392190,national8,exact,80,80,0,0,39219090 -- Los demás 80%,03_anexo_chile_sa_2017.pdf
CHL,expanded_2017,HS2017,611,39231010,39231010,392310,national8,exact,80,80,0,0,39231010 -- Cajas 80%,03_anexo_chile_sa_2017.pdf
CHL,expanded_2017,HS2017,612,39232110,39232110,392321,national8,exact,30,30,0,0,39232110 --- Bolsas 30%,03_anexo_chile_sa_2017.pdf
CHL,expanded_2017,HS2017,613,39232190,39232190,392321,national8,exact,30,30,0,0,39232190 --- Los demás 30%,03_anexo_chile_sa_2017.pdf
CHL,expanded_2017,HS2017,614,39232910,39232910,392329,national8,exact,30,30,0,0,39232910 --- Bolsas 30%,03_anexo_chile_sa_2017.pdf
CHL,expanded_2017,HS2017,615,39232990,39232990,392329,national8,exact,60,60,0,0,39232990 --- Los demás 60%,03_anexo_chile_sa_2017.pdf
CHL,expanded_2017,HS2017,616,39233020,39233020,392330,national8,exact,100,100,0,0,39233020 -- Botellas 100%,03_anexo_chile_sa_2017.pdf
CHL,expanded_2017,HS2017,617,39235010,39235010,392350,national8,exact,80,80,0,0,39235010 -- Tapas 80%,03_anexo_chile_sa_2017.pdf
CHL,expanded_2017,HS2017,618,39235090,39235090,392350,national8,exact,100,100,0,0,39235090 -- Los demás 100%,03_anexo_chile_sa_2017.pdf
CHL,expanded_2017,HS2017,619,39241000,39241000,392410,national8,exact,100,100,0,0,39241000 - Vajilla y demás artículos para el 100% servicio de mesa o de cocina,03_anexo_chile_sa_2017.pdf
CHL,expanded_2017,HS2017,620,39249000,39249000,392490,national8,exact,100,100,0,0,39249000 - Los demás 100%,03_anexo_chile_sa_2017.pdf
CHL,expanded_2017,HS2017,621,39259000,39259000,392590,national8,exact,80,80,0,0,39259000 - Los demás 80%,03_anexo_chile_sa_2017.pdf
CHL,expanded_2017,HS2017,622,39261000,39261000,392610,national8,exact,80,80,0,0,39261000 - Artículos de oficina y artículos 80% escolares,03_anexo_chile_sa_2017.pdf
CHL,expanded_2017,HS2017,623,39262011,39262011,392620,national8,exact,80,80,0,0,39262011 --- Para examinación médica 80%,03_anexo_chile_sa_2017.pdf
CHL,expanded_2017,HS2017,624,39262012,39262012,392620,national8,exact,80,80,0,0,39262012 --- Quirúrgicos 80%,03_anexo_chile_sa_2017.pdf
CHL,expanded_2017,HS2017,625,39262019,39262019,392620,national8,exact,80,80,0,0,39262019 --- Los demás 80%,03_anexo_chile_sa_2017.pdf
CHL,expanded_2017,HS2017,626,39262090,39262090,392620,national8,exact,80,80,0,0,39262090 -- Los demás 80%,03_anexo_chile_sa_2017.pdf
CHL,expanded_2017,HS2017,627,39263000,39263000,392630,national8,exact,100,100,0,0,"39263000 - Guarniciones para muebles, 100% carrocerías o similares",03_anexo_chile_sa_2017.pdf
CHL,expanded_2017,HS2017,628,39264000,39264000,392640,national8,exact,80,80,0,0,39264000 - Estatuillas y demás artículos de 80% adorno,03_anexo_chile_sa_2017.pdf
CHL,expanded_2017,HS2017,629,39269010,39269010,392690,national8,exact,80,80,0,0,39269010 -- Juntas (empaquetaduras) 80%,03_anexo_chile_sa_2017.pdf
CHL,expanded_2017,HS2017,630,39269030,39269030,392690,national8,exact,100,100,0,0,39269030 -- Correas transportadoras 100%,03_anexo_chile_sa_2017.pdf
CHL,expanded_2017,HS2017,631,39269040,39269040,392690,national8,exact,60,60,0,0,39269040 -- Preservativos 60%,03_anexo_chile_sa_2017.pdf
CHL,expanded_2017,HS2017,632,39269050,39269050,392690,national8,exact,60,60,0,0,39269050 -- Tetinas 60%,03_anexo_chile_sa_2017.pdf
CHL,expanded_2017,HS2017,633,39269090,39269090,392690,national8,exact,60,60,0,0,39269090 -- Las demás 60%,03_anexo_chile_sa_2017.pdf
CHL,expanded_2017,HS2017,634,40025900,40025900,400259,national8,exact,100,100,0,0,40025900 -- Los demás 100%,03_anexo_chile_sa_2017.pdf
CHL,expanded_2017,HS2017,635,40081100,40081100,400811,national8,exact,30,30,0,0,"40081100 -- Placas, hojas y tiras 30%",03_anexo_chile_sa_2017.pdf
CHL,expanded_2017,HS2017,636,40081900,40081900,400819,national8,exact,30,30,0,0,40081900 -- Los demás 30%,03_anexo_chile_sa_2017.pdf
CHL,expanded_2017,HS2017,637,40082100,40082100,400821,national8,exact,30,30,0,0,"40082100 -- Placas, hojas y tiras 30%",03_anexo_chile_sa_2017.pdf
CHL,expanded_2017,HS2017,638,40082900,40082900,400829,national8,exact,30,30,0,0,40082900 -- Los demás 30%,03_anexo_chile_sa_2017.pdf
CHL,expanded_2017,HS2017,639,40091100,40091100,400911,national8,exact,30,30,0,0,40091100 -- Sin accesorios 30%,03_anexo_chile_sa_2017.pdf
CHL,expanded_2017,HS2017,640,40092100,40092100,400921,national8,exact,60,60,0,0,40092100 -- Sin accesorios 60%,03_anexo_chile_sa_2017.pdf
CHL,expanded_2017,HS2017,641,40092200,40092200,400922,national8,exact,60,60,0,0,40092200 -- Con accesorios 60%,03_anexo_chile_sa_2017.pdf
CHL,expanded_2017,HS2017,642,40093100,40093100,400931,national8,exact,30,30,0,0,40093100 -- Sin accesorios 30%,03_anexo_chile_sa_2017.pdf
CHL,expanded_2017,HS2017,643,40093200,40093200,400932,national8,exact,30,30,0,0,40093200 -- Con accesorios 30%,03_anexo_chile_sa_2017.pdf
CHL,expanded_2017,HS2017,644,40094100,40094100,400941,national8,exact,30,30,0,0,40094100 -- Sin accesorios 30%,03_anexo_chile_sa_2017.pdf
CHL,expanded_2017,HS2017,645,40094200,40094200,400942,national8,exact,30,30,0,0,40094200 -- Con accesorios 30%,03_anexo_chile_sa_2017.pdf
CHL,expanded_2017,HS2017,646,40101200,40101200,401012,national8,exact,100,100,0,0,40101200 -- Reforzadas solamente con materia 100% textil,03_anexo_chile_sa_2017.pdf
CHL,expanded_2017,HS2017,647,40101900,40101900,401019,national8,exact,30,30,0,0,40101900 -- Las demás 30%,03_anexo_chile_sa_2017.pdf
CHL,expanded_2017,HS2017,648,40103100,40103100,401031,national8,exact,80,80,0,0,"40103100 -- Correas de transmisión sin fin, 80% estriadas, de sección",03_anexo_chile_sa_2017.pdf
CHL,expanded_2017,HS2017,649,40103200,40103200,401032,national8,exact,30,30,0,0,"40103200 -- Correas de transmisión sin fin, sin 30% estriar, de sección",03_anexo_chile_sa_2017.pdf
CHL,expanded_2017,HS2017,650,40103300,40103300,401033,national8,exact,30,30,0,0,"40103300 -- Correas de transmisión sin fin, 30% estriadas, de sección",03_anexo_chile_sa_2017.pdf
CHL,expanded_2017,HS2017,651,40103400,40103400,401034,national8,exact,30,30,0,0,"40103400 -- Correas de transmisión sin fin, sin 30% estriar, de sección",03_anexo_chile_sa_2017.pdf
CHL,expanded_2017,HS2017,652,40103900,40103900,401039,national8,exact,60,60,0,0,40103900 -- Las demás 60%,03_anexo_chile_sa_2017.pdf
CHL,expanded_2017,HS2017,653,40111000,40111000,401110,national8,exact,30,30,0,0,40111000 - De los tipos utilizados en 30% automóviles de turismo (incluidos los,03_anexo_chile_sa_2017.pdf
CHL,expanded_2017,HS2017,654,40112000,40112000,401120,national8,exact,30,30,0,0,40112000 - De los tipos utilizados en autobuses 30% o camiones,03_anexo_chile_sa_2017.pdf
CHL,expanded_2017,HS2017,655,40115000,40115000,401150,national8,exact,100,100,0,0,40115000 - De los tipos utilizados en bicicletas 100%,03_anexo_chile_sa_2017.pdf
CHL,expanded_2017,HS2017,656,40117000,40117000,401170,national8,pending_concordance,60,80,1,1,"40117000 - De los tipos utilizados en vehículos 60%: Con altos relieves y máquinas agrícolas o forestales en forma de taco, ángulo o similares 80%: Lo",03_anexo_chile_sa_2017.pdf
CHL,expanded_2017,HS2017,657,40118090,40118090,401180,national8,pending_concordance,60,100,1,1,"40118090 -- Los demás 80%: Neumáticos con altos relieves en forma de taco, ángulo o similares, de los tipos utilizados en vehículos y máquinas para la",03_anexo_chile_sa_2017.pdf
CHL,expanded_2017,HS2017,658,40119000,40119000,401190,national8,pending_concordance,0,100,1,1,"40119000 - Los demás 0%: Con altos relieves en forma de taco, ángulo o similares, de los tipos utilizados en volquetes automotores y en otros vehículo",03_anexo_chile_sa_2017.pdf
CHL,expanded_2017,HS2017,659,40132000,40132000,401320,national8,exact,100,100,0,0,40132000 - De los tipos utilizados en bicicletas 100%,03_anexo_chile_sa_2017.pdf
CHL,expanded_2017,HS2017,660,40139000,40139000,401390,national8,exact,30,30,0,0,40139000 - Las demás 30%,03_anexo_chile_sa_2017.pdf
CHL,expanded_2017,HS2017,661,40141000,40141000,401410,national8,exact,100,100,0,0,40141000 - Preservativos 100%,03_anexo_chile_sa_2017.pdf
CHL,expanded_2017,HS2017,662,40149010,40149010,401490,national8,exact,60,60,0,0,40149010 -- Tetinas 60%,03_anexo_chile_sa_2017.pdf
CHL,expanded_2017,HS2017,663,40149090,40149090,401490,national8,exact,60,60,0,0,40149090 -- Los demás 60%,03_anexo_chile_sa_2017.pdf
CHL,expanded_2017,HS2017,664,40151990,40151990,401519,national8,exact,30,30,0,0,40151990 --- Los demás 30%,03_anexo_chile_sa_2017.pdf
CHL,expanded_2017,HS2017,665,40159000,40159000,401590,national8,exact,60,60,0,0,40159000 - Los demás 60%,03_anexo_chile_sa_2017.pdf
CHL,expanded_2017,HS2017,666,40169100,40169100,401691,national8,exact,60,60,0,0,40169100 -- Revestimientos para el suelo y 60% alfombras,03_anexo_chile_sa_2017.pdf
CHL,expanded_2017,HS2017,667,40169310,40169310,401693,national8,exact,60,60,0,0,40169310 --- De los tipos utilizados en los 60% vehículos del Capítulo 87,03_anexo_chile_sa_2017.pdf
CHL,expanded_2017,HS2017,668,40169390,40169390,401693,national8,exact,60,60,0,0,40169390 --- Las demás 60%,03_anexo_chile_sa_2017.pdf
CHL,expanded_2017,HS2017,669,40169400,40169400,401694,national8,exact,60,60,0,0,"40169400 -- Defensas, incluso inflables, para el 60% atraque de los barcos",03_anexo_chile_sa_2017.pdf
CHL,expanded_2017,HS2017,670,40169910,40169910,401699,national8,exact,60,60,0,0,40169910 --- Artículos para usos técnicos 60%,03_anexo_chile_sa_2017.pdf
CHL,expanded_2017,HS2017,671,40169920,40169920,401699,national8,exact,80,80,0,0,"40169920 --- Elementos para control de 80% vibración, del tipo utilizado en los",03_anexo_chile_sa_2017.pdf
CHL,expanded_2017,HS2017,672,40169990,40169990,401699,national8,exact,60,60,0,0,40169990 --- Las demás 60%,03_anexo_chile_sa_2017.pdf
CHL,expanded_2017,HS2017,673,40170000,40170000,401700,national8,exact,60,60,0,0,"40170000 Caucho endurecido (por ejemplo, 60% ebonita) en cualquier forma,",03_anexo_chile_sa_2017.pdf
CHL,expanded_2017,HS2017,674,41041100,41041100,410411,national8,exact,80,80,0,0,41041100 -- Plena flor sin dividir; divididos con 80% la flor,03_anexo_chile_sa_2017.pdf
CHL,expanded_2017,HS2017,675,41041900,41041900,410419,national8,exact,80,80,0,0,41041900 -- Los demás 80%,03_anexo_chile_sa_2017.pdf
CHL,expanded_2017,HS2017,676,41044100,41044100,410441,national8,exact,80,80,0,0,41044100 -- Plena flor sin dividir; divididos con 80% la flor,03_anexo_chile_sa_2017.pdf
CHL,expanded_2017,HS2017,677,41044900,41044900,410449,national8,exact,80,80,0,0,41044900 -- Los demás 80%,03_anexo_chile_sa_2017.pdf
CHL,expanded_2017,HS2017,678,41062200,41062200,410622,national8,exact,80,80,0,0,41062200 -- En estado seco («crust») 80%,03_anexo_chile_sa_2017.pdf
CHL,expanded_2017,HS2017,679,41071100,41071100,410711,national8,exact,80,80,0,0,41071100 -- Plena flor sin dividir 80%,03_anexo_chile_sa_2017.pdf
CHL,expanded_2017,HS2017,680,41071900,41071900,410719,national8,exact,60,60,0,0,41071900 -- Los demás 60%,03_anexo_chile_sa_2017.pdf
CHL,expanded_2017,HS2017,681,41079100,41079100,410791,national8,exact,100,100,0,0,41079100 -- Plena flor sin dividir 100%,03_anexo_chile_sa_2017.pdf
CHL,expanded_2017,HS2017,682,41079200,41079200,410792,national8,exact,80,80,0,0,41079200 -- Divididos con la flor 80%,03_anexo_chile_sa_2017.pdf
CHL,expanded_2017,HS2017,683,41079900,41079900,410799,national8,exact,80,80,0,0,41079900 -- Los demás 80%,03_anexo_chile_sa_2017.pdf
CHL,expanded_2017,HS2017,684,41120000,41120000,411200,national8,exact,100,100,0,0,41120000 Cueros preparados después del 100% curtido o secado y cueros y,03_anexo_chile_sa_2017.pdf
CHL,expanded_2017,HS2017,685,41131000,41131000,411310,national8,exact,100,100,0,0,41131000 - De caprino 100%,03_anexo_chile_sa_2017.pdf
CHL,expanded_2017,HS2017,686,41141000,41141000,411410,national8,exact,80,80,0,0,41141000 - Cueros y pieles agamuzados 80% (incluido el agamuzado combinado,03_anexo_chile_sa_2017.pdf
CHL,expanded_2017,HS2017,687,42010000,42010000,420100,national8,exact,80,80,0,0,42010000 Artículos de talabartería o 80% guarnicionería para todos los animales,03_anexo_chile_sa_2017.pdf
CHL,expanded_2017,HS2017,688,42021100,42021100,420211,national8,exact,80,80,0,0,42021100 -- Con la superficie exterior de cuero 80% natural o cuero regenerado,03_anexo_chile_sa_2017.pdf
CHL,expanded_2017,HS2017,689,42021210,42021210,420212,national8,exact,60,60,0,0,42021210 --- De plástico 60%,03_anexo_chile_sa_2017.pdf
CHL,expanded_2017,HS2017,690,42021220,42021220,420212,national8,exact,80,80,0,0,42021220 --- De materia textil 80%,03_anexo_chile_sa_2017.pdf
CHL,expanded_2017,HS2017,691,42021900,42021900,420219,national8,exact,60,60,0,0,42021900 -- Los demás 60%,03_anexo_chile_sa_2017.pdf
CHL,expanded_2017,HS2017,692,42022100,42022100,420221,national8,exact,60,60,0,0,42022100 -- Con la superficie exterior de cuero 60% natural o cuero regenerado,03_anexo_chile_sa_2017.pdf
CHL,expanded_2017,HS2017,693,42022210,42022210,420222,national8,exact,60,60,0,0,42022210 --- De plástico 60%,03_anexo_chile_sa_2017.pdf
CHL,expanded_2017,HS2017,694,42022220,42022220,420222,national8,exact,60,60,0,0,42022220 --- De materia textil 60%,03_anexo_chile_sa_2017.pdf
CHL,expanded_2017,HS2017,695,42022900,42022900,420229,national8,exact,60,60,0,0,42022900 -- Los demás 60%,03_anexo_chile_sa_2017.pdf
CHL,expanded_2017,HS2017,696,42023100,42023100,420231,national8,exact,60,60,0,0,42023100 -- Con la superficie exterior de cuero 60% natural o cuero regenerado,03_anexo_chile_sa_2017.pdf
CHL,expanded_2017,HS2017,697,42023210,42023210,420232,national8,exact,80,80,0,0,42023210 --- De plástico 80%,03_anexo_chile_sa_2017.pdf
CHL,expanded_2017,HS2017,698,42023220,42023220,420232,national8,exact,80,80,0,0,42023220 --- De materia textil 80%,03_anexo_chile_sa_2017.pdf
CHL,expanded_2017,HS2017,699,42023900,42023900,420239,national8,exact,80,80,0,0,42023900 -- Los demás 80%,03_anexo_chile_sa_2017.pdf
CHL,expanded_2017,HS2017,700,42029100,42029100,420291,national8,exact,80,80,0,0,42029100 -- Con la superficie exterior de cuero 80% natural o cuero regenerado,03_anexo_chile_sa_2017.pdf
CHL,expanded_2017,HS2017,701,42029210,42029210,420292,national8,exact,80,80,0,0,42029210 --- De plástico 80%,03_anexo_chile_sa_2017.pdf
CHL,expanded_2017,HS2017,702,42029220,42029220,420292,national8,exact,60,60,0,0,42029220 --- De materia textil 60%,03_anexo_chile_sa_2017.pdf
CHL,expanded_2017,HS2017,703,42029900,42029900,420299,national8,exact,80,80,0,0,42029900 -- Los demás 80%,03_anexo_chile_sa_2017.pdf
CHL,expanded_2017,HS2017,704,42031010,42031010,420310,national8,exact,60,60,0,0,"42031010 -- Chaquetas, chaquetones y casacas 60%",03_anexo_chile_sa_2017.pdf
CHL,expanded_2017,HS2017,705,42031090,42031090,420310,national8,exact,60,60,0,0,42031090 -- Las demás 60%,03_anexo_chile_sa_2017.pdf
CHL,expanded_2017,HS2017,706,42032100,42032100,420321,national8,exact,80,80,0,0,42032100 -- Diseñados especialmente para la 80% práctica del deporte,03_anexo_chile_sa_2017.pdf
CHL,expanded_2017,HS2017,707,42032900,42032900,420329,national8,exact,80,80,0,0,42032900 -- Los demás 80%,03_anexo_chile_sa_2017.pdf
CHL,expanded_2017,HS2017,708,42033000,42033000,420330,national8,exact,60,60,0,0,"42033000 - Cintos, cinturones y bandoleras 60%",03_anexo_chile_sa_2017.pdf
CHL,expanded_2017,HS2017,709,42034000,42034000,420340,national8,exact,60,60,0,0,42034000 - Los demás complementos 60% (accesorios) de vestir,03_anexo_chile_sa_2017.pdf
CHL,expanded_2017,HS2017,710,42050000,42050000,420500,national8,exact,60,60,0,0,42050000 Las demás manufacturas de cuero 60% natural o cuero regenerado.,03_anexo_chile_sa_2017.pdf
CHL,expanded_2017,HS2017,711,44072900,44072900,440729,national8,exact,0,100,1,0,"44072900 -- Las demás 100%: De Abura, Acajou d’Afrique, Afrormosia, Ako, Andiroba, Aningré, Avodiré, Azobé, Balau, Bossé clair, Bossé foncé, Cativo, C",03_anexo_chile_sa_2017.pdf
CHL,expanded_2017,HS2017,712,44140000,44140000,441400,national8,exact,30,30,0,0,"44140000 Marcos de madera para cuadros, 30% fotografías, espejos u objetos similares.",03_anexo_chile_sa_2017.pdf
CHL,expanded_2017,HS2017,713,44151010,44151010,441510,national8,exact,30,30,0,0,44151010 -- Cajas 30%,03_anexo_chile_sa_2017.pdf
CHL,expanded_2017,HS2017,714,44181000,44181000,441810,national8,exact,30,30,0,0,"44181000 - Ventanas, puertas vidriera, y sus 30% marcos y contramarcos",03_anexo_chile_sa_2017.pdf
CHL,expanded_2017,HS2017,715,44182010,44182010,441820,national8,exact,30,30,0,0,44182010 -- Puertas 30%,03_anexo_chile_sa_2017.pdf
CHL,expanded_2017,HS2017,716,44182090,44182090,441820,national8,exact,30,30,0,0,44182090 -- Los demás 30%,03_anexo_chile_sa_2017.pdf
CHL,expanded_2017,HS2017,717,44191100,44191100,441911,national8,pending_concordance,80,80,0,1,"44191100 -- Tablas para pan, tablas para cortar 80% y artículos similares",03_anexo_chile_sa_2017.pdf
CHL,expanded_2017,HS2017,718,44191200,44191200,441912,national8,pending_concordance,80,80,0,1,44191200 -- Palillos 80%,03_anexo_chile_sa_2017.pdf
CHL,expanded_2017,HS2017,719,44191900,44191900,441919,national8,pending_concordance,80,80,0,1,44191900 -- Los demás 80%,03_anexo_chile_sa_2017.pdf
CHL,expanded_2017,HS2017,720,44199000,44199000,441990,national8,pending_concordance,80,80,0,1,44199000 - Los demás 80%,03_anexo_chile_sa_2017.pdf
CHL,expanded_2017,HS2017,721,44201010,44201010,442010,national8,exact,80,80,0,0,"44201010 -- Palos de lluvia o palos de agua, de 80% las cactáceas quisco (Echinopsis",03_anexo_chile_sa_2017.pdf
CHL,expanded_2017,HS2017,722,44201090,44201090,442010,national8,exact,80,80,0,0,44201090 -- Los demás 80%,03_anexo_chile_sa_2017.pdf
CHL,expanded_2017,HS2017,723,44209000,44209000,442090,national8,exact,80,80,0,0,44209000 - Los demás 80%,03_anexo_chile_sa_2017.pdf
CHL,expanded_2017,HS2017,724,44211000,44211000,442110,national8,exact,100,100,0,0,44211000 - Perchas para prendas de vestir 100%,03_anexo_chile_sa_2017.pdf
CHL,expanded_2017,HS2017,725,44219100,44219100,442191,national8,pending_concordance,80,80,0,1,44219100 -- De bambú 80%,03_anexo_chile_sa_2017.pdf
CHL,expanded_2017,HS2017,726,44219990,44219990,442199,national8,pending_concordance,80,80,0,1,44219990 --- Las demás 80%,03_anexo_chile_sa_2017.pdf
CHL,expanded_2017,HS2017,727,46012900,46012900,460129,national8,exact,80,80,0,0,46012900 -- Los demás 80%,03_anexo_chile_sa_2017.pdf
CHL,expanded_2017,HS2017,728,46019400,46019400,460194,national8,exact,80,80,0,0,46019400 -- De las demás materias vegetales 80%,03_anexo_chile_sa_2017.pdf
CHL,expanded_2017,HS2017,729,46021100,46021100,460211,national8,exact,100,100,0,0,46021100 -- De bambú 100%,03_anexo_chile_sa_2017.pdf
CHL,expanded_2017,HS2017,730,46021200,46021200,460212,national8,exact,100,100,0,0,46021200 -- De roten (ratán)* 100%,03_anexo_chile_sa_2017.pdf
CHL,expanded_2017,HS2017,731,46021900,46021900,460219,national8,exact,100,100,0,0,46021900 -- Los demás 100%,03_anexo_chile_sa_2017.pdf
CHL,expanded_2017,HS2017,732,46029000,46029000,460290,national8,exact,100,100,0,0,46029000 - Los demás 100%,03_anexo_chile_sa_2017.pdf
CHL,expanded_2017,HS2017,733,48043100,48043100,480431,national8,exact,60,60,0,0,48043100 -- Crudos 60%,03_anexo_chile_sa_2017.pdf
CHL,expanded_2017,HS2017,734,48063000,48063000,480630,national8,exact,30,30,0,0,48063000 - Papel vegetal (papel calco) 30%,03_anexo_chile_sa_2017.pdf
CHL,expanded_2017,HS2017,735,48099000,48099000,480990,national8,exact,30,30,0,0,48099000 - Los demás 30%,03_anexo_chile_sa_2017.pdf
CHL,expanded_2017,HS2017,736,48101910,48101910,481019,national8,exact,30,30,0,0,48101910 --- Papel 30%,03_anexo_chile_sa_2017.pdf
CHL,expanded_2017,HS2017,737,48102210,48102210,481022,national8,exact,30,30,0,0,48102210 --- Papel para la impresión 30%,03_anexo_chile_sa_2017.pdf
CHL,expanded_2017,HS2017,738,48109210,48109210,481092,national8,exact,30,30,0,0,48109210 --- Cartulinas 30%,03_anexo_chile_sa_2017.pdf
CHL,expanded_2017,HS2017,739,48114110,48114110,481141,national8,exact,30,30,0,0,48114110 --- Papel autoadhesivo en rollos 30%,03_anexo_chile_sa_2017.pdf
CHL,expanded_2017,HS2017,740,48115900,48115900,481159,national8,exact,30,30,0,0,48115900 -- Los demás 30%,03_anexo_chile_sa_2017.pdf
CHL,expanded_2017,HS2017,741,48185000,48185000,481850,national8,exact,100,100,0,0,"48185000 - Prendas y complementos 100% (accesorios), de vestir",03_anexo_chile_sa_2017.pdf
CHL,expanded_2017,HS2017,742,48191010,48191010,481910,national8,exact,30,30,0,0,48191010 -- Cajas de cartón corrugado 30%,03_anexo_chile_sa_2017.pdf
CHL,expanded_2017,HS2017,743,48191090,48191090,481910,national8,exact,30,30,0,0,48191090 -- Las demás 30%,03_anexo_chile_sa_2017.pdf
CHL,expanded_2017,HS2017,744,48192010,48192010,481920,national8,exact,30,30,0,0,48192010 -- Cajas plegables de cartón sin 30% corrugar,03_anexo_chile_sa_2017.pdf
CHL,expanded_2017,HS2017,745,48192090,48192090,481920,national8,exact,30,30,0,0,48192090 -- Los demás 30%,03_anexo_chile_sa_2017.pdf
CHL,expanded_2017,HS2017,746,48201010,48201010,482010,national8,exact,30,30,0,0,48201010 -- Agendas 30%,03_anexo_chile_sa_2017.pdf
CHL,expanded_2017,HS2017,747,48201090,48201090,482010,national8,exact,30,30,0,0,48201090 -- Los demás 30%,03_anexo_chile_sa_2017.pdf
CHL,expanded_2017,HS2017,748,48202090,48202090,482020,national8,exact,30,30,0,0,48202090 -- Los demás 30%,03_anexo_chile_sa_2017.pdf
CHL,expanded_2017,HS2017,749,48203010,48203010,482030,national8,exact,30,30,0,0,48203010 -- Archivadores clasificadores de 30% cartón,03_anexo_chile_sa_2017.pdf
CHL,expanded_2017,HS2017,750,48205000,48205000,482050,national8,exact,30,30,0,0,48205000 - Álbumes para muestras o para 30% colecciones,03_anexo_chile_sa_2017.pdf
CHL,expanded_2017,HS2017,751,48221000,48221000,482210,national8,exact,30,30,0,0,48221000 - De los tipos utilizados para el 30% bobinado de hilados textiles,03_anexo_chile_sa_2017.pdf
CHL,expanded_2017,HS2017,752,48234000,48234000,482340,national8,exact,30,30,0,0,"48234000 - Papel diagrama para aparatos 30% registradores, en bobinas",03_anexo_chile_sa_2017.pdf
CHL,expanded_2017,HS2017,753,48239099,48239099,482390,national8,exact,60,60,0,0,48239099 --- Los demás 60%,03_anexo_chile_sa_2017.pdf
CHL,expanded_2017,HS2017,754,49019999,49019999,490199,national8,exact,100,100,0,0,49019999 ---- Los demás 100%,03_anexo_chile_sa_2017.pdf
CHL,expanded_2017,HS2017,755,49070090,49070090,490700,national8,exact,60,60,0,0,49070090 - Los demás 60%,03_anexo_chile_sa_2017.pdf
CHL,expanded_2017,HS2017,756,49100000,49100000,491000,national8,exact,30,30,0,0,"49100000 Calendarios de cualquier clase 30% impresos, incluidos los tacos",03_anexo_chile_sa_2017.pdf
CHL,expanded_2017,HS2017,757,49111010,49111010,491110,national8,exact,80,80,0,0,49111010 -- Catálogos comerciales 80%,03_anexo_chile_sa_2017.pdf
CHL,expanded_2017,HS2017,758,49111090,49111090,491110,national8,exact,100,100,0,0,49111090 -- Los demás 100%,03_anexo_chile_sa_2017.pdf
CHL,expanded_2017,HS2017,759,49119900,49119900,491199,national8,exact,30,30,0,0,49119900 -- Los demás 30%,03_anexo_chile_sa_2017.pdf
CHL,expanded_2017,HS2017,760,50071000,50071000,500710,national8,exact,80,80,0,0,50071000 - Tejidos de borrilla 80%,03_anexo_chile_sa_2017.pdf
CHL,expanded_2017,HS2017,761,50072000,50072000,500720,national8,exact,60,60,0,0,50072000 - Los demás tejidos con un contenido 60% de seda o de desperdicios,03_anexo_chile_sa_2017.pdf
CHL,expanded_2017,HS2017,762,50079000,50079000,500790,national8,exact,80,80,0,0,50079000 - Los demás tejidos 80%,03_anexo_chile_sa_2017.pdf
CHL,expanded_2017,HS2017,763,51071000,51071000,510710,national8,exact,60,85,1,0,51071000 - Con un contenido de lana superior o 60% igual al 85 % en peso,03_anexo_chile_sa_2017.pdf
CHL,expanded_2017,HS2017,764,51121110,51121110,511211,national8,exact,30,30,0,0,51121110 --- De lana 30%,03_anexo_chile_sa_2017.pdf
CHL,expanded_2017,HS2017,765,51129000,51129000,511290,national8,exact,60,60,0,0,51129000 - Los demás 60%,03_anexo_chile_sa_2017.pdf
CHL,expanded_2017,HS2017,766,52029100,52029100,520291,national8,exact,80,80,0,0,52029100 -- Hilachas 80%,03_anexo_chile_sa_2017.pdf
CHL,expanded_2017,HS2017,767,52030000,52030000,520300,national8,exact,100,100,0,0,52030000 Algodón cardado o peinado. 100%,03_anexo_chile_sa_2017.pdf
CHL,expanded_2017,HS2017,768,52041100,52041100,520411,national8,exact,80,85,1,0,52041100 -- Con un contenido de algodón 80% superior o igual al 85 % en peso,03_anexo_chile_sa_2017.pdf
CHL,expanded_2017,HS2017,769,52042000,52042000,520420,national8,exact,100,100,0,0,52042000 - Acondicionado para la venta al por 100% menor,03_anexo_chile_sa_2017.pdf
CHL,expanded_2017,HS2017,770,52051100,52051100,520511,national8,exact,60,60,0,0,"52051100 -- De título superior o igual a 714,29 60% decitex (inferior o igual al",03_anexo_chile_sa_2017.pdf
CHL,expanded_2017,HS2017,771,52051200,52051200,520512,national8,exact,60,60,0,0,"52051200 -- De título inferior a 714,29 decitex 60% pero superior o igual a",03_anexo_chile_sa_2017.pdf
CHL,expanded_2017,HS2017,772,52051300,52051300,520513,national8,exact,80,80,0,0,"52051300 -- De título inferior a 232,56 decitex 80% pero superior o igual a",03_anexo_chile_sa_2017.pdf
CHL,expanded_2017,HS2017,773,52051400,52051400,520514,national8,exact,80,80,0,0,"52051400 -- De título inferior a 192,31 decitex 80% pero superior o igual a 125",03_anexo_chile_sa_2017.pdf
CHL,expanded_2017,HS2017,774,52052100,52052100,520521,national8,exact,80,80,0,0,"52052100 -- De título superior o igual a 714,29 80% decitex (inferior o igual al",03_anexo_chile_sa_2017.pdf
CHL,expanded_2017,HS2017,775,52052200,52052200,520522,national8,exact,80,80,0,0,"52052200 -- De título inferior a 714,29 decitex 80% pero superior o igual a",03_anexo_chile_sa_2017.pdf
CHL,expanded_2017,HS2017,776,52052300,52052300,520523,national8,exact,80,80,0,0,"52052300 -- De título inferior a 232,56 decitex 80% pero superior o igual a",03_anexo_chile_sa_2017.pdf
CHL,expanded_2017,HS2017,777,52052400,52052400,520524,national8,exact,80,80,0,0,"52052400 -- De título inferior a 192,31 decitex 80% pero superior o igual a 125",03_anexo_chile_sa_2017.pdf
CHL,expanded_2017,HS2017,778,52052600,52052600,520526,national8,exact,100,100,0,0,"52052600 -- De título inferior a 125 decitex pero 100% superior o igual a 106,38",03_anexo_chile_sa_2017.pdf
CHL,expanded_2017,HS2017,779,52053100,52053100,520531,national8,exact,100,100,0,0,"52053100 -- De título superior o igual a 714,29 100% decitex por hilo sencillo",03_anexo_chile_sa_2017.pdf
CHL,expanded_2017,HS2017,780,52053200,52053200,520532,national8,exact,100,100,0,0,"52053200 -- De título inferior a 714,29 decitex 100% pero superior o igual a",03_anexo_chile_sa_2017.pdf
CHL,expanded_2017,HS2017,781,52054100,52054100,520541,national8,exact,100,100,0,0,"52054100 -- De título superior o igual a 714,29 100% decitex por hilo sencillo",03_anexo_chile_sa_2017.pdf
CHL,expanded_2017,HS2017,782,52054200,52054200,520542,national8,exact,100,100,0,0,"52054200 -- De título inferior a 714,29 decitex 100% pero superior o igual a",03_anexo_chile_sa_2017.pdf
CHL,expanded_2017,HS2017,783,52054700,52054700,520547,national8,exact,100,100,0,0,"52054700 -- De título inferior a 106,38 decitex 100% pero superior o igual a",03_anexo_chile_sa_2017.pdf
CHL,expanded_2017,HS2017,784,52061200,52061200,520612,national8,exact,80,80,0,0,"52061200 -- De título inferior a 714,29 decitex 80% pero superior o igual a",03_anexo_chile_sa_2017.pdf
CHL,expanded_2017,HS2017,785,52062200,52062200,520622,national8,exact,60,60,0,0,"52062200 -- De título inferior a 714,29 decitex 60% pero superior o igual a",03_anexo_chile_sa_2017.pdf
CHL,expanded_2017,HS2017,786,52062500,52062500,520625,national8,exact,80,80,0,0,52062500 -- De título inferior a 125 decitex 80% (superior al número métrico 80),03_anexo_chile_sa_2017.pdf
CHL,expanded_2017,HS2017,787,52064100,52064100,520641,national8,exact,100,100,0,0,"52064100 -- De título superior o igual a 714,29 100% decitex por hilo sencillo",03_anexo_chile_sa_2017.pdf
CHL,expanded_2017,HS2017,788,52071000,52071000,520710,national8,exact,80,85,1,0,52071000 - Con un contenido de algodón 80% superior o igual al 85 % en peso,03_anexo_chile_sa_2017.pdf
CHL,expanded_2017,HS2017,789,52081200,52081200,520812,national8,exact,80,80,0,0,"52081200 -- De ligamento tafetán, de peso 80% superior a 100 g/m²",03_anexo_chile_sa_2017.pdf
CHL,expanded_2017,HS2017,790,52081300,52081300,520813,national8,exact,100,100,0,0,"52081300 -- De ligamento sarga, incluido el 100% cruzado, de curso inferior o igual a 4",03_anexo_chile_sa_2017.pdf
CHL,expanded_2017,HS2017,791,52081900,52081900,520819,national8,exact,80,80,0,0,52081900 -- Los demás tejidos 80%,03_anexo_chile_sa_2017.pdf
CHL,expanded_2017,HS2017,792,52082200,52082200,520822,national8,exact,80,80,0,0,"52082200 -- De ligamento tafetán, de peso 80% superior a 100 g/m²",03_anexo_chile_sa_2017.pdf
CHL,expanded_2017,HS2017,793,52082900,52082900,520829,national8,exact,100,100,0,0,52082900 -- Los demás tejidos 100%,03_anexo_chile_sa_2017.pdf
CHL,expanded_2017,HS2017,794,52083100,52083100,520831,national8,exact,80,80,0,0,"52083100 -- De ligamento tafetán, de peso 80% inferior o igual a 100 g/m²",03_anexo_chile_sa_2017.pdf
CHL,expanded_2017,HS2017,795,52083200,52083200,520832,national8,exact,60,60,0,0,"52083200 -- De ligamento tafetán, de peso 60% superior a 100 g/m²",03_anexo_chile_sa_2017.pdf
CHL,expanded_2017,HS2017,796,52083300,52083300,520833,national8,exact,80,80,0,0,"52083300 -- De ligamento sarga, incluido el 80% cruzado, de curso inferior o igual a 4",03_anexo_chile_sa_2017.pdf
CHL,expanded_2017,HS2017,797,52085100,52085100,520851,national8,exact,80,80,0,0,"52085100 -- De ligamento tafetán, de peso 80% inferior o igual a 100 g/m²",03_anexo_chile_sa_2017.pdf
CHL,expanded_2017,HS2017,798,52085200,52085200,520852,national8,exact,100,100,0,0,"52085200 -- De ligamento tafetán, de peso 100% superior a 100 g/m²",03_anexo_chile_sa_2017.pdf
CHL,expanded_2017,HS2017,799,52093100,52093100,520931,national8,exact,80,80,0,0,52093100 -- De ligamento tafetán 80%,03_anexo_chile_sa_2017.pdf
CHL,expanded_2017,HS2017,800,52094100,52094100,520941,national8,exact,30,30,0,0,52094100 -- De ligamento tafetán 30%,03_anexo_chile_sa_2017.pdf
CHL,expanded_2017,HS2017,801,52094900,52094900,520949,national8,exact,80,80,0,0,52094900 -- Los demás tejidos 80%,03_anexo_chile_sa_2017.pdf
CHL,expanded_2017,HS2017,802,52121100,52121100,521211,national8,exact,100,100,0,0,52121100 -- Crudos 100%,03_anexo_chile_sa_2017.pdf
CHL,expanded_2017,HS2017,803,52121200,52121200,521212,national8,exact,100,100,0,0,52121200 -- Blanqueados 100%,03_anexo_chile_sa_2017.pdf
CHL,expanded_2017,HS2017,804,52122500,52122500,521225,national8,exact,100,100,0,0,52122500 -- Estampados 100%,03_anexo_chile_sa_2017.pdf
CHL,expanded_2017,HS2017,805,53061000,53061000,530610,national8,exact,80,80,0,0,53061000 - Sencillos 80%,03_anexo_chile_sa_2017.pdf
CHL,expanded_2017,HS2017,806,53071000,53071000,530710,national8,exact,100,100,0,0,53071000 - Sencillos 100%,03_anexo_chile_sa_2017.pdf
CHL,expanded_2017,HS2017,807,53072000,53072000,530720,national8,exact,100,100,0,0,53072000 - Retorcidos o cableados 100%,03_anexo_chile_sa_2017.pdf
CHL,expanded_2017,HS2017,808,53091900,53091900,530919,national8,exact,80,80,0,0,53091900 -- Los demás 80%,03_anexo_chile_sa_2017.pdf
CHL,expanded_2017,HS2017,809,53092900,53092900,530929,national8,exact,80,80,0,0,53092900 -- Los demás 80%,03_anexo_chile_sa_2017.pdf
CHL,expanded_2017,HS2017,810,53101000,53101000,531010,national8,exact,80,80,0,0,53101000 - Crudos 80%,03_anexo_chile_sa_2017.pdf
CHL,expanded_2017,HS2017,811,53109000,53109000,531090,national8,exact,80,80,0,0,53109000 - Los demás 80%,03_anexo_chile_sa_2017.pdf
CHL,expanded_2017,HS2017,812,54011000,54011000,540110,national8,exact,60,60,0,0,54011000 - De filamentos sintéticos 60%,03_anexo_chile_sa_2017.pdf
CHL,expanded_2017,HS2017,813,54023300,54023300,540233,national8,exact,30,30,0,0,54023300 -- De poliésteres 30%,03_anexo_chile_sa_2017.pdf
CHL,expanded_2017,HS2017,814,54023900,54023900,540239,national8,exact,80,80,0,0,54023900 -- Los demás 80%,03_anexo_chile_sa_2017.pdf
CHL,expanded_2017,HS2017,815,54024900,54024900,540249,national8,exact,60,60,0,0,54024900 -- Los demás 60%,03_anexo_chile_sa_2017.pdf
CHL,expanded_2017,HS2017,816,54026300,54026300,540263,national8,pending_concordance,80,80,0,1,54026300 -- De polipropileno 80%,03_anexo_chile_sa_2017.pdf
CHL,expanded_2017,HS2017,817,54026900,54026900,540269,national8,exact,80,80,0,0,54026900 -- Los demás 80%,03_anexo_chile_sa_2017.pdf
CHL,expanded_2017,HS2017,818,54034900,54034900,540349,national8,exact,100,100,0,0,54034900 -- Los demás 100%,03_anexo_chile_sa_2017.pdf
CHL,expanded_2017,HS2017,819,54041900,54041900,540419,national8,exact,100,100,0,0,54041900 -- Los demás 100%,03_anexo_chile_sa_2017.pdf
CHL,expanded_2017,HS2017,820,54072000,54072000,540720,national8,exact,60,60,0,0,54072000 - Tejidos fabricados con tiras o 60% formas similares,03_anexo_chile_sa_2017.pdf
CHL,expanded_2017,HS2017,821,54075210,54075210,540752,national8,exact,80,80,0,0,54075210 --- De peso inferior o igual a 200 g/m² 80%,03_anexo_chile_sa_2017.pdf
CHL,expanded_2017,HS2017,822,54076140,54076140,540761,national8,exact,80,80,0,0,54076140 --- Estampados 80%,03_anexo_chile_sa_2017.pdf
CHL,expanded_2017,HS2017,823,54077100,54077100,540771,national8,exact,60,60,0,0,54077100 -- Crudos o blanqueados 60%,03_anexo_chile_sa_2017.pdf
CHL,expanded_2017,HS2017,824,54077300,54077300,540773,national8,exact,80,80,0,0,54077300 -- Con hilados de distintos colores 80%,03_anexo_chile_sa_2017.pdf
CHL,expanded_2017,HS2017,825,54079200,54079200,540792,national8,exact,80,80,0,0,54079200 -- Teñidos 80%,03_anexo_chile_sa_2017.pdf
CHL,expanded_2017,HS2017,826,54082400,54082400,540824,national8,exact,80,80,0,0,54082400 -- Estampados 80%,03_anexo_chile_sa_2017.pdf
CHL,expanded_2017,HS2017,827,55032000,55032000,550320,national8,exact,80,80,0,0,55032000 - De poliésteres 80%,03_anexo_chile_sa_2017.pdf
CHL,expanded_2017,HS2017,828,55081010,55081010,550810,national8,exact,100,100,0,0,55081010 -- De poliésteres 100%,03_anexo_chile_sa_2017.pdf
CHL,expanded_2017,HS2017,829,55092100,55092100,550921,national8,exact,60,60,0,0,55092100 -- Sencillos 60%,03_anexo_chile_sa_2017.pdf
CHL,expanded_2017,HS2017,830,55092200,55092200,550922,national8,exact,60,60,0,0,55092200 -- Retorcidos o cableados 60%,03_anexo_chile_sa_2017.pdf
CHL,expanded_2017,HS2017,831,55093100,55093100,550931,national8,exact,30,30,0,0,55093100 -- Sencillos 30%,03_anexo_chile_sa_2017.pdf
CHL,expanded_2017,HS2017,832,55093200,55093200,550932,national8,exact,30,30,0,0,55093200 -- Retorcidos o cableados 30%,03_anexo_chile_sa_2017.pdf
CHL,expanded_2017,HS2017,833,55095100,55095100,550951,national8,exact,60,60,0,0,55095100 -- Mezclados exclusiva o 60% principalmente con fibras artificiales discontinuas,03_anexo_chile_sa_2017.pdf
CHL,expanded_2017,HS2017,834,55095200,55095200,550952,national8,exact,60,60,0,0,55095200 -- Mezclados exclusiva o 60% principalmente con lana o pelo fino,03_anexo_chile_sa_2017.pdf
CHL,expanded_2017,HS2017,835,55095310,55095310,550953,national8,exact,30,30,0,0,"55095310 --- De título superior o igual a 416,67 30% decitex (inferior o igual al número",03_anexo_chile_sa_2017.pdf
CHL,expanded_2017,HS2017,836,55095330,55095330,550953,national8,exact,30,30,0,0,"55095330 --- De título inferior a 333,33 decitex 30% (superior al número métrico 30)",03_anexo_chile_sa_2017.pdf
CHL,expanded_2017,HS2017,837,55095900,55095900,550959,national8,exact,60,60,0,0,55095900 -- Los demás 60%,03_anexo_chile_sa_2017.pdf
CHL,expanded_2017,HS2017,838,55096200,55096200,550962,national8,exact,60,60,0,0,55096200 -- Mezclados exclusiva o 60% principalmente con algodón,03_anexo_chile_sa_2017.pdf
CHL,expanded_2017,HS2017,839,55096900,55096900,550969,national8,exact,80,80,0,0,55096900 -- Los demás 80%,03_anexo_chile_sa_2017.pdf
CHL,expanded_2017,HS2017,840,55099100,55099100,550991,national8,exact,80,80,0,0,55099100 -- Mezclados exclusiva o 80% principalmente con lana o pelo fino,03_anexo_chile_sa_2017.pdf
CHL,expanded_2017,HS2017,841,55099900,55099900,550999,national8,exact,60,60,0,0,55099900 -- Los demás 60%,03_anexo_chile_sa_2017.pdf
CHL,expanded_2017,HS2017,842,55101100,55101100,551011,national8,exact,60,60,0,0,55101100 -- Sencillos 60%,03_anexo_chile_sa_2017.pdf
CHL,expanded_2017,HS2017,843,55111000,55111000,551110,national8,exact,60,60,0,0,55111000 - De fibras sintéticas discontinuas con 60% un contenido de estas,03_anexo_chile_sa_2017.pdf
CHL,expanded_2017,HS2017,844,55112000,55112000,551120,national8,exact,60,60,0,0,55112000 - De fibras sintéticas discontinuas con 60% un contenido de estas,03_anexo_chile_sa_2017.pdf
CHL,expanded_2017,HS2017,845,55121910,55121910,551219,national8,exact,30,30,0,0,55121910 --- Teñidos 30%,03_anexo_chile_sa_2017.pdf
CHL,expanded_2017,HS2017,846,55134100,55134100,551341,national8,exact,60,60,0,0,"55134100 -- De fibras discontinuas de poliéster, 60% de ligamento tafetán",03_anexo_chile_sa_2017.pdf
CHL,expanded_2017,HS2017,847,55151140,55151140,551511,national8,exact,30,30,0,0,55151140 --- Estampados 30%,03_anexo_chile_sa_2017.pdf
CHL,expanded_2017,HS2017,848,55151900,55151900,551519,national8,exact,80,80,0,0,55151900 -- Los demás 80%,03_anexo_chile_sa_2017.pdf
CHL,expanded_2017,HS2017,849,55152100,55152100,551521,national8,exact,80,80,0,0,55152100 -- Mezcladas exclusiva o 80% principalmente con filamentos sintéticos,03_anexo_chile_sa_2017.pdf
CHL,expanded_2017,HS2017,850,55164300,55164300,551643,national8,exact,80,80,0,0,55164300 -- Con hilados de distintos colores 80%,03_anexo_chile_sa_2017.pdf
CHL,expanded_2017,HS2017,851,56012100,56012100,560121,national8,exact,60,60,0,0,56012100 -- De algodón 60%,03_anexo_chile_sa_2017.pdf
CHL,expanded_2017,HS2017,852,56022100,56022100,560221,national8,exact,80,80,0,0,56022100 -- De lana o pelo fino 80%,03_anexo_chile_sa_2017.pdf
CHL,expanded_2017,HS2017,853,56074100,56074100,560741,national8,exact,60,60,0,0,56074100 -- Cordeles para atar o engavillar 60%,03_anexo_chile_sa_2017.pdf
CHL,expanded_2017,HS2017,854,56074900,56074900,560749,national8,exact,80,80,0,0,56074900 -- Los demás 80%,03_anexo_chile_sa_2017.pdf
CHL,expanded_2017,HS2017,855,56075090,56075090,560750,national8,exact,80,80,0,0,56075090 -- Los demás 80%,03_anexo_chile_sa_2017.pdf
CHL,expanded_2017,HS2017,856,56079000,56079000,560790,national8,exact,60,60,0,0,56079000 - Los demás 60%,03_anexo_chile_sa_2017.pdf
CHL,expanded_2017,HS2017,857,56081110,56081110,560811,national8,exact,60,60,0,0,56081110 --- De materia textil sintética 60%,03_anexo_chile_sa_2017.pdf
CHL,expanded_2017,HS2017,858,56089000,56089000,560890,national8,exact,80,80,0,0,56089000 - Las demás 80%,03_anexo_chile_sa_2017.pdf
CHL,expanded_2017,HS2017,859,56090000,56090000,560900,national8,exact,80,80,0,0,"56090000 Artículos de hilados, tiras o formas 80% similares de las partidas 54.04",03_anexo_chile_sa_2017.pdf
CHL,expanded_2017,HS2017,860,57011000,57011000,570110,national8,exact,60,60,0,0,57011000 - De lana o pelo fino 60%,03_anexo_chile_sa_2017.pdf
CHL,expanded_2017,HS2017,861,57019000,57019000,570190,national8,exact,60,60,0,0,57019000 - De las demás materias textiles 60%,03_anexo_chile_sa_2017.pdf
CHL,expanded_2017,HS2017,862,57021000,57021000,570210,national8,exact,60,60,0,0,"57021000 - Alfombras llamadas «Kelim» o 60% «Kilim», «Schumacks» o",03_anexo_chile_sa_2017.pdf
CHL,expanded_2017,HS2017,863,57022000,57022000,570220,national8,exact,80,80,0,0,57022000 - Revestimientos para el suelo de 80% fibras de coco,03_anexo_chile_sa_2017.pdf
CHL,expanded_2017,HS2017,864,57023100,57023100,570231,national8,exact,60,60,0,0,57023100 -- De lana o pelo fino 60%,03_anexo_chile_sa_2017.pdf
CHL,expanded_2017,HS2017,865,57023200,57023200,570232,national8,exact,60,60,0,0,57023200 -- De materia textil sintética o artificial 60%,03_anexo_chile_sa_2017.pdf
CHL,expanded_2017,HS2017,866,57023900,57023900,570239,national8,exact,80,80,0,0,57023900 -- De las demás materias textiles 80%,03_anexo_chile_sa_2017.pdf
CHL,expanded_2017,HS2017,867,57024100,57024100,570241,national8,exact,60,60,0,0,57024100 -- De lana o pelo fino 60%,03_anexo_chile_sa_2017.pdf
CHL,expanded_2017,HS2017,868,57024210,57024210,570242,national8,exact,60,60,0,0,57024210 --- De polipropileno 60%,03_anexo_chile_sa_2017.pdf
CHL,expanded_2017,HS2017,869,57024290,57024290,570242,national8,exact,60,60,0,0,57024290 --- Los demás 60%,03_anexo_chile_sa_2017.pdf
CHL,expanded_2017,HS2017,870,57024900,57024900,570249,national8,exact,60,60,0,0,57024900 -- De las demás materias textiles 60%,03_anexo_chile_sa_2017.pdf
CHL,expanded_2017,HS2017,871,57029100,57029100,570291,national8,exact,60,60,0,0,57029100 -- De lana o pelo fino 60%,03_anexo_chile_sa_2017.pdf
CHL,expanded_2017,HS2017,872,57029200,57029200,570292,national8,exact,60,60,0,0,57029200 -- De materia textil sintética o artificial 60%,03_anexo_chile_sa_2017.pdf
CHL,expanded_2017,HS2017,873,57029900,57029900,570299,national8,exact,60,60,0,0,57029900 -- De las demás materias textiles 60%,03_anexo_chile_sa_2017.pdf
CHL,expanded_2017,HS2017,874,57031000,57031000,570310,national8,exact,60,60,0,0,57031000 - De lana o pelo fino 60%,03_anexo_chile_sa_2017.pdf
CHL,expanded_2017,HS2017,875,57032000,57032000,570320,national8,exact,60,60,0,0,57032000 - De nailon o demás poliamidas 60%,03_anexo_chile_sa_2017.pdf
CHL,expanded_2017,HS2017,876,57033011,57033011,570330,national8,exact,60,60,0,0,57033011 --- De polipropileno 60%,03_anexo_chile_sa_2017.pdf
CHL,expanded_2017,HS2017,877,57033019,57033019,570330,national8,exact,80,80,0,0,57033019 --- Las demás 80%,03_anexo_chile_sa_2017.pdf
CHL,expanded_2017,HS2017,878,57039000,57039000,570390,national8,exact,60,60,0,0,57039000 - De las demás materias textiles 60%,03_anexo_chile_sa_2017.pdf
CHL,expanded_2017,HS2017,879,57042000,57042000,570420,national8,pending_concordance,60,60,0,1,"57042000 - De superficie superior a 0,3 m² pero 60% inferior o igual a 1 m²",03_anexo_chile_sa_2017.pdf
CHL,expanded_2017,HS2017,880,57049000,57049000,570490,national8,exact,60,60,0,0,57049000 - Los demás 60%,03_anexo_chile_sa_2017.pdf
CHL,expanded_2017,HS2017,881,57050000,57050000,570500,national8,exact,60,60,0,0,"57050000 Las demás alfombras y 60% revestimientos para el suelo, de materia",03_anexo_chile_sa_2017.pdf
CHL,expanded_2017,HS2017,882,58019000,58019000,580190,national8,exact,80,80,0,0,58019000 - De las demás materias textiles 80%,03_anexo_chile_sa_2017.pdf
CHL,expanded_2017,HS2017,883,58041000,58041000,580410,national8,exact,80,80,0,0,"58041000 - Tul, tul-bobinot y tejidos de mallas 80% anudadas",03_anexo_chile_sa_2017.pdf
CHL,expanded_2017,HS2017,884,58050000,58050000,580500,national8,exact,80,80,0,0,"58050000 Tapicería tejida a mano (gobelinos, 80% Flandes, Aubusson, Beauvais y",03_anexo_chile_sa_2017.pdf
CHL,expanded_2017,HS2017,885,58062000,58062000,580620,national8,exact,80,80,0,0,"58062000 - Las demás cintas, con un contenido 80% de hilos de elastómeros",03_anexo_chile_sa_2017.pdf
CHL,expanded_2017,HS2017,886,58063100,58063100,580631,national8,exact,80,80,0,0,58063100 -- De algodón 80%,03_anexo_chile_sa_2017.pdf
CHL,expanded_2017,HS2017,887,58063900,58063900,580639,national8,exact,80,80,0,0,58063900 -- De las demás materias textiles 80%,03_anexo_chile_sa_2017.pdf
CHL,expanded_2017,HS2017,888,58089000,58089000,580890,national8,exact,60,60,0,0,58089000 - Los demás 60%,03_anexo_chile_sa_2017.pdf
CHL,expanded_2017,HS2017,889,58109100,58109100,581091,national8,exact,80,80,0,0,58109100 -- De algodón 80%,03_anexo_chile_sa_2017.pdf
CHL,expanded_2017,HS2017,890,58109200,58109200,581092,national8,exact,80,80,0,0,58109200 -- De fibras sintéticas o artificiales 80%,03_anexo_chile_sa_2017.pdf
CHL,expanded_2017,HS2017,891,58109900,58109900,581099,national8,exact,80,80,0,0,58109900 -- De las demás materias textiles 80%,03_anexo_chile_sa_2017.pdf
CHL,expanded_2017,HS2017,892,59090000,59090000,590900,national8,exact,100,100,0,0,"59090000 Mangueras para bombas y tubos 100% similares, de materia textil,",03_anexo_chile_sa_2017.pdf
CHL,expanded_2017,HS2017,893,59100010,59100010,591000,national8,exact,60,60,0,0,59100010 - Transportadoras 60%,03_anexo_chile_sa_2017.pdf
CHL,expanded_2017,HS2017,894,59100020,59100020,591000,national8,exact,80,80,0,0,59100020 - De transmisión 80%,03_anexo_chile_sa_2017.pdf
CHL,expanded_2017,HS2017,895,59119000,59119000,591190,national8,exact,100,100,0,0,59119000 - Los demás 100%,03_anexo_chile_sa_2017.pdf
CHL,expanded_2017,HS2017,896,60059000,60059000,600590,national8,exact,80,80,0,0,60059000 - Los demás 80%,03_anexo_chile_sa_2017.pdf
CHL,expanded_2017,HS2017,897,61012000,61012000,610120,national8,exact,30,30,0,0,61012000 - De algodón 30%,03_anexo_chile_sa_2017.pdf
CHL,expanded_2017,HS2017,898,61019000,61019000,610190,national8,exact,80,80,0,0,61019000 - De las demás materias textiles 80%,03_anexo_chile_sa_2017.pdf
CHL,expanded_2017,HS2017,899,61021000,61021000,610210,national8,exact,30,30,0,0,61021000 - De lana o pelo fino 30%,03_anexo_chile_sa_2017.pdf
CHL,expanded_2017,HS2017,900,61022000,61022000,610220,national8,exact,30,30,0,0,61022000 - De algodón 30%,03_anexo_chile_sa_2017.pdf
CHL,expanded_2017,HS2017,901,61023000,61023000,610230,national8,exact,30,30,0,0,61023000 - De fibras sintéticas o artificiales 30%,03_anexo_chile_sa_2017.pdf
CHL,expanded_2017,HS2017,902,61033200,61033200,610332,national8,exact,30,30,0,0,61033200 -- De algodón 30%,03_anexo_chile_sa_2017.pdf
CHL,expanded_2017,HS2017,903,61034210,61034210,610342,national8,exact,30,30,0,0,61034210 --- Para hombres 30%,03_anexo_chile_sa_2017.pdf
CHL,expanded_2017,HS2017,904,61034300,61034300,610343,national8,exact,30,30,0,0,61034300 -- De fibras sintéticas 30%,03_anexo_chile_sa_2017.pdf
CHL,expanded_2017,HS2017,905,61042200,61042200,610422,national8,exact,30,30,0,0,61042200 -- De algodón 30%,03_anexo_chile_sa_2017.pdf
CHL,expanded_2017,HS2017,906,61043200,61043200,610432,national8,exact,30,30,0,0,61043200 -- De algodón 30%,03_anexo_chile_sa_2017.pdf
CHL,expanded_2017,HS2017,907,61044200,61044200,610442,national8,exact,30,30,0,0,61044200 -- De algodón 30%,03_anexo_chile_sa_2017.pdf
CHL,expanded_2017,HS2017,908,61044300,61044300,610443,national8,exact,30,30,0,0,61044300 -- De fibras sintéticas 30%,03_anexo_chile_sa_2017.pdf
CHL,expanded_2017,HS2017,909,61044400,61044400,610444,national8,exact,80,80,0,0,61044400 -- De fibras artificiales 80%,03_anexo_chile_sa_2017.pdf
CHL,expanded_2017,HS2017,910,61044900,61044900,610449,national8,exact,80,80,0,0,61044900 -- De las demás materias textiles 80%,03_anexo_chile_sa_2017.pdf
CHL,expanded_2017,HS2017,911,61045200,61045200,610452,national8,exact,60,60,0,0,61045200 -- De algodón 60%,03_anexo_chile_sa_2017.pdf
CHL,expanded_2017,HS2017,912,61045300,61045300,610453,national8,exact,30,30,0,0,61045300 -- De fibras sintéticas 30%,03_anexo_chile_sa_2017.pdf
CHL,expanded_2017,HS2017,913,61046210,61046210,610462,national8,exact,30,30,0,0,61046210 --- Para mujeres 30%,03_anexo_chile_sa_2017.pdf
CHL,expanded_2017,HS2017,914,61046300,61046300,610463,national8,exact,30,30,0,0,61046300 -- De fibras sintéticas 30%,03_anexo_chile_sa_2017.pdf
CHL,expanded_2017,HS2017,915,61046900,61046900,610469,national8,exact,80,80,0,0,61046900 -- De las demás materias textiles 80%,03_anexo_chile_sa_2017.pdf
CHL,expanded_2017,HS2017,916,61051011,61051011,610510,national8,exact,60,60,0,0,61051011 --- Para hombres 60%,03_anexo_chile_sa_2017.pdf
CHL,expanded_2017,HS2017,917,61051012,61051012,610510,national8,exact,30,30,0,0,61051012 --- Para niños 30%,03_anexo_chile_sa_2017.pdf
CHL,expanded_2017,HS2017,918,61052010,61052010,610520,national8,exact,30,30,0,0,61052010 -- Para hombres 30%,03_anexo_chile_sa_2017.pdf
CHL,expanded_2017,HS2017,919,61061000,61061000,610610,national8,exact,30,30,0,0,61061000 - De algodón 30%,03_anexo_chile_sa_2017.pdf
CHL,expanded_2017,HS2017,920,61062000,61062000,610620,national8,exact,30,30,0,0,61062000 - De fibras sintéticas o artificiales 30%,03_anexo_chile_sa_2017.pdf
CHL,expanded_2017,HS2017,921,61071100,61071100,610711,national8,exact,30,30,0,0,61071100 -- De algodón 30%,03_anexo_chile_sa_2017.pdf
CHL,expanded_2017,HS2017,922,61072100,61072100,610721,national8,exact,30,30,0,0,61072100 -- De algodón 30%,03_anexo_chile_sa_2017.pdf
CHL,expanded_2017,HS2017,923,61079100,61079100,610791,national8,exact,30,30,0,0,61079100 -- De algodón 30%,03_anexo_chile_sa_2017.pdf
CHL,expanded_2017,HS2017,924,61082100,61082100,610821,national8,exact,30,30,0,0,61082100 -- De algodón 30%,03_anexo_chile_sa_2017.pdf
CHL,expanded_2017,HS2017,925,61082200,61082200,610822,national8,exact,30,30,0,0,61082200 -- De fibras sintéticas o artificiales 30%,03_anexo_chile_sa_2017.pdf
CHL,expanded_2017,HS2017,926,61083100,61083100,610831,national8,exact,30,30,0,0,61083100 -- De algodón 30%,03_anexo_chile_sa_2017.pdf
CHL,expanded_2017,HS2017,927,61091011,61091011,610910,national8,exact,30,30,0,0,61091011 --- Para hombres y mujeres 30%,03_anexo_chile_sa_2017.pdf
CHL,expanded_2017,HS2017,928,61091012,61091012,610910,national8,exact,30,30,0,0,61091012 --- Para niños y niñas 30%,03_anexo_chile_sa_2017.pdf
CHL,expanded_2017,HS2017,929,61091091,61091091,610910,national8,exact,30,30,0,0,61091091 --- Para hombres y mujeres 30%,03_anexo_chile_sa_2017.pdf
CHL,expanded_2017,HS2017,930,61091092,61091092,610910,national8,exact,30,30,0,0,61091092 --- Para niños y niñas 30%,03_anexo_chile_sa_2017.pdf
CHL,expanded_2017,HS2017,931,61099021,61099021,610990,national8,exact,30,30,0,0,61099021 --- Para hombres y mujeres 30%,03_anexo_chile_sa_2017.pdf
CHL,expanded_2017,HS2017,932,61099022,61099022,610990,national8,exact,30,30,0,0,61099022 --- Para niños y niñas 30%,03_anexo_chile_sa_2017.pdf
CHL,expanded_2017,HS2017,933,61099031,61099031,610990,national8,exact,30,30,0,0,61099031 --- Para hombres y mujeres 30%,03_anexo_chile_sa_2017.pdf
CHL,expanded_2017,HS2017,934,61099091,61099091,610990,national8,exact,30,30,0,0,61099091 --- Para hombres y mujeres 30%,03_anexo_chile_sa_2017.pdf
CHL,expanded_2017,HS2017,935,61102000,61102000,611020,national8,exact,30,30,0,0,61102000 - De algodón 30%,03_anexo_chile_sa_2017.pdf
CHL,expanded_2017,HS2017,936,61103010,61103010,611030,national8,exact,30,30,0,0,61103010 -- Suéteres (jerseys) 30%,03_anexo_chile_sa_2017.pdf
CHL,expanded_2017,HS2017,937,61103090,61103090,611030,national8,exact,30,30,0,0,61103090 -- Los demás 30%,03_anexo_chile_sa_2017.pdf
CHL,expanded_2017,HS2017,938,61112000,61112000,611120,national8,exact,30,30,0,0,61112000 - De algodón 30%,03_anexo_chile_sa_2017.pdf
CHL,expanded_2017,HS2017,939,61142000,61142000,611420,national8,exact,30,30,0,0,61142000 - De algodón 30%,03_anexo_chile_sa_2017.pdf
CHL,expanded_2017,HS2017,940,61143010,61143010,611430,national8,exact,30,30,0,0,61143010 -- De fibras sintéticas 30%,03_anexo_chile_sa_2017.pdf
CHL,expanded_2017,HS2017,941,61143020,61143020,611430,national8,exact,30,30,0,0,61143020 -- De fibras artificiales 30%,03_anexo_chile_sa_2017.pdf
CHL,expanded_2017,HS2017,942,61149000,61149000,611490,national8,exact,60,60,0,0,61149000 - De las demás materias textiles 60%,03_anexo_chile_sa_2017.pdf
CHL,expanded_2017,HS2017,943,61159590,61159590,611595,national8,exact,30,30,0,0,61159590 --- Los demás 30%,03_anexo_chile_sa_2017.pdf
CHL,expanded_2017,HS2017,944,61171010,61171010,611710,national8,exact,30,30,0,0,61171010 -- De lana o pelo fino 30%,03_anexo_chile_sa_2017.pdf
CHL,expanded_2017,HS2017,945,61171020,61171020,611710,national8,exact,60,60,0,0,61171020 -- De algodón 60%,03_anexo_chile_sa_2017.pdf
CHL,expanded_2017,HS2017,946,61171030,61171030,611710,national8,exact,30,30,0,0,61171030 -- De fibras sintéticas o artificiales 30%,03_anexo_chile_sa_2017.pdf
CHL,expanded_2017,HS2017,947,61171090,61171090,611710,national8,exact,80,80,0,0,61171090 -- Los demás 80%,03_anexo_chile_sa_2017.pdf
CHL,expanded_2017,HS2017,948,61178000,61178000,611780,national8,exact,80,80,0,0,61178000 - Los demás complementos 80% (accesorios) de vestir,03_anexo_chile_sa_2017.pdf
CHL,expanded_2017,HS2017,949,62011320,62011320,620113,national8,exact,80,80,0,0,62011320 --- Para niños 80%,03_anexo_chile_sa_2017.pdf
CHL,expanded_2017,HS2017,950,62019211,62019211,620192,national8,exact,30,30,0,0,62019211 ---- Para hombres 30%,03_anexo_chile_sa_2017.pdf
CHL,expanded_2017,HS2017,951,62019291,62019291,620192,national8,exact,30,30,0,0,62019291 ---- Para hombres 30%,03_anexo_chile_sa_2017.pdf
CHL,expanded_2017,HS2017,952,62019311,62019311,620193,national8,exact,60,60,0,0,62019311 ---- Para hombres 60%,03_anexo_chile_sa_2017.pdf
CHL,expanded_2017,HS2017,953,62019321,62019321,620193,national8,exact,80,80,0,0,62019321 ---- Para hombres 80%,03_anexo_chile_sa_2017.pdf
CHL,expanded_2017,HS2017,954,62021110,62021110,620211,national8,exact,30,30,0,0,62021110 --- Para mujeres 30%,03_anexo_chile_sa_2017.pdf
CHL,expanded_2017,HS2017,955,62021200,62021200,620212,national8,exact,30,30,0,0,62021200 -- De algodón 30%,03_anexo_chile_sa_2017.pdf
CHL,expanded_2017,HS2017,956,62021310,62021310,620213,national8,exact,80,80,0,0,62021310 --- Para mujeres 80%,03_anexo_chile_sa_2017.pdf
CHL,expanded_2017,HS2017,957,62029200,62029200,620292,national8,exact,30,30,0,0,62029200 -- De algodón 30%,03_anexo_chile_sa_2017.pdf
CHL,expanded_2017,HS2017,958,62029320,62029320,620293,national8,exact,30,30,0,0,62029320 --- Parkas 30%,03_anexo_chile_sa_2017.pdf
CHL,expanded_2017,HS2017,959,62029390,62029390,620293,national8,exact,60,60,0,0,62029390 --- Los demás 60%,03_anexo_chile_sa_2017.pdf
CHL,expanded_2017,HS2017,960,62033200,62033200,620332,national8,exact,30,30,0,0,62033200 -- De algodón 30%,03_anexo_chile_sa_2017.pdf
CHL,expanded_2017,HS2017,961,62033300,62033300,620333,national8,exact,60,60,0,0,62033300 -- De fibras sintéticas 60%,03_anexo_chile_sa_2017.pdf
CHL,expanded_2017,HS2017,962,62034211,62034211,620342,national8,exact,30,30,0,0,62034211 ---- Pantalones largos 30%,03_anexo_chile_sa_2017.pdf
CHL,expanded_2017,HS2017,963,62034212,62034212,620342,national8,exact,30,30,0,0,62034212 ---- Pantalones con peto 30%,03_anexo_chile_sa_2017.pdf
CHL,expanded_2017,HS2017,964,62034213,62034213,620342,national8,exact,30,30,0,0,62034213 ---- Pantalones cortos (calzones) 30%,03_anexo_chile_sa_2017.pdf
CHL,expanded_2017,HS2017,965,62034214,62034214,620342,national8,exact,30,30,0,0,62034214 ---- Shorts 30%,03_anexo_chile_sa_2017.pdf
CHL,expanded_2017,HS2017,966,62034291,62034291,620342,national8,exact,60,60,0,0,62034291 ---- Pantalones largos 60%,03_anexo_chile_sa_2017.pdf
CHL,expanded_2017,HS2017,967,62034293,62034293,620342,national8,exact,30,30,0,0,62034293 ---- Pantalones cortos (calzones) 30%,03_anexo_chile_sa_2017.pdf
CHL,expanded_2017,HS2017,968,62034294,62034294,620342,national8,exact,30,30,0,0,62034294 ---- Shorts 30%,03_anexo_chile_sa_2017.pdf
CHL,expanded_2017,HS2017,969,62034311,62034311,620343,national8,exact,30,30,0,0,62034311 ---- Pantalones largos 30%,03_anexo_chile_sa_2017.pdf
CHL,expanded_2017,HS2017,970,62034313,62034313,620343,national8,exact,30,30,0,0,62034313 ---- Pantalones cortos (calzones) 30%,03_anexo_chile_sa_2017.pdf
CHL,expanded_2017,HS2017,971,62034314,62034314,620343,national8,exact,30,30,0,0,62034314 ---- Shorts 30%,03_anexo_chile_sa_2017.pdf
CHL,expanded_2017,HS2017,972,62034900,62034900,620349,national8,exact,30,30,0,0,62034900 -- De las demás materias textiles 30%,03_anexo_chile_sa_2017.pdf
CHL,expanded_2017,HS2017,973,62041900,62041900,620419,national8,exact,80,80,0,0,62041900 -- De las demás materias textiles 80%,03_anexo_chile_sa_2017.pdf
CHL,expanded_2017,HS2017,974,62042200,62042200,620422,national8,exact,30,30,0,0,62042200 -- De algodón 30%,03_anexo_chile_sa_2017.pdf
CHL,expanded_2017,HS2017,975,62042300,62042300,620423,national8,exact,30,30,0,0,62042300 -- De fibras sintéticas 30%,03_anexo_chile_sa_2017.pdf
CHL,expanded_2017,HS2017,976,62042900,62042900,620429,national8,exact,80,80,0,0,62042900 -- De las demás materias textiles 80%,03_anexo_chile_sa_2017.pdf
CHL,expanded_2017,HS2017,977,62043200,62043200,620432,national8,exact,30,30,0,0,62043200 -- De algodón 30%,03_anexo_chile_sa_2017.pdf
CHL,expanded_2017,HS2017,978,62043300,62043300,620433,national8,exact,30,30,0,0,62043300 -- De fibras sintéticas 30%,03_anexo_chile_sa_2017.pdf
CHL,expanded_2017,HS2017,979,62043900,62043900,620439,national8,exact,30,30,0,0,62043900 -- De las demás materias textiles 30%,03_anexo_chile_sa_2017.pdf
CHL,expanded_2017,HS2017,980,62044200,62044200,620442,national8,exact,30,30,0,0,62044200 -- De algodón 30%,03_anexo_chile_sa_2017.pdf
CHL,expanded_2017,HS2017,981,62044300,62044300,620443,national8,exact,30,30,0,0,62044300 -- De fibras sintéticas 30%,03_anexo_chile_sa_2017.pdf
CHL,expanded_2017,HS2017,982,62044400,62044400,620444,national8,exact,60,60,0,0,62044400 -- De fibras artificiales 60%,03_anexo_chile_sa_2017.pdf
CHL,expanded_2017,HS2017,983,62044900,62044900,620449,national8,exact,30,30,0,0,62044900 -- De las demás materias textiles 30%,03_anexo_chile_sa_2017.pdf
CHL,expanded_2017,HS2017,984,62045200,62045200,620452,national8,exact,60,60,0,0,62045200 -- De algodón 60%,03_anexo_chile_sa_2017.pdf
CHL,expanded_2017,HS2017,985,62045300,62045300,620453,national8,exact,30,30,0,0,62045300 -- De fibras sintéticas 30%,03_anexo_chile_sa_2017.pdf
CHL,expanded_2017,HS2017,986,62045900,62045900,620459,national8,exact,30,30,0,0,62045900 -- De las demás materias textiles 30%,03_anexo_chile_sa_2017.pdf
CHL,expanded_2017,HS2017,987,62046211,62046211,620462,national8,exact,30,30,0,0,62046211 ---- Pantalones largos 30%,03_anexo_chile_sa_2017.pdf
CHL,expanded_2017,HS2017,988,62046212,62046212,620462,national8,exact,30,30,0,0,62046212 ---- Pantalones con peto 30%,03_anexo_chile_sa_2017.pdf
CHL,expanded_2017,HS2017,989,62046213,62046213,620462,national8,exact,30,30,0,0,62046213 ---- Pantalones cortos (calzones) 30%,03_anexo_chile_sa_2017.pdf
CHL,expanded_2017,HS2017,990,62046214,62046214,620462,national8,exact,30,30,0,0,62046214 ---- Shorts 30%,03_anexo_chile_sa_2017.pdf
CHL,expanded_2017,HS2017,991,62046291,62046291,620462,national8,exact,30,30,0,0,62046291 ---- Pantalones largos 30%,03_anexo_chile_sa_2017.pdf
CHL,expanded_2017,HS2017,992,62046294,62046294,620462,national8,exact,60,60,0,0,62046294 ---- Shorts 60%,03_anexo_chile_sa_2017.pdf
CHL,expanded_2017,HS2017,993,62046311,62046311,620463,national8,exact,30,30,0,0,62046311 ---- Pantalones largos 30%,03_anexo_chile_sa_2017.pdf
CHL,expanded_2017,HS2017,994,62046900,62046900,620469,national8,exact,30,30,0,0,62046900 -- De las demás materias textiles 30%,03_anexo_chile_sa_2017.pdf
CHL,expanded_2017,HS2017,995,62052010,62052010,620520,national8,exact,30,30,0,0,62052010 -- Para hombres 30%,03_anexo_chile_sa_2017.pdf
CHL,expanded_2017,HS2017,996,62052020,62052020,620520,national8,exact,30,30,0,0,62052020 -- Para niños 30%,03_anexo_chile_sa_2017.pdf
CHL,expanded_2017,HS2017,997,62053022,62053022,620530,national8,exact,30,30,0,0,62053022 --- Para niños 30%,03_anexo_chile_sa_2017.pdf
CHL,expanded_2017,HS2017,998,62053023,62053023,620530,national8,exact,30,30,0,0,62053023 --- Para hombres 30%,03_anexo_chile_sa_2017.pdf
CHL,expanded_2017,HS2017,999,62053041,62053041,620530,national8,exact,30,30,0,0,62053041 --- Para hombres 30%,03_anexo_chile_sa_2017.pdf
CHL,expanded_2017,HS2017,1000,62059000,62059000,620590,national8,exact,30,30,0,0,62059000 - De las demás materias textiles 30%,03_anexo_chile_sa_2017.pdf
CHL,expanded_2017,HS2017,1001,62061000,62061000,620610,national8,exact,80,80,0,0,62061000 - De seda o desperdicios de seda 80%,03_anexo_chile_sa_2017.pdf
CHL,expanded_2017,HS2017,1002,62062000,62062000,620620,national8,exact,30,30,0,0,62062000 - De lana o pelo fino 30%,03_anexo_chile_sa_2017.pdf
CHL,expanded_2017,HS2017,1003,62063000,62063000,620630,national8,exact,30,30,0,0,62063000 - De algodón 30%,03_anexo_chile_sa_2017.pdf
CHL,expanded_2017,HS2017,1004,62064011,62064011,620640,national8,exact,60,60,0,0,62064011 --- Para mujeres 60%,03_anexo_chile_sa_2017.pdf
CHL,expanded_2017,HS2017,1005,62064012,62064012,620640,national8,exact,30,30,0,0,62064012 --- Para niñas 30%,03_anexo_chile_sa_2017.pdf
CHL,expanded_2017,HS2017,1006,62064021,62064021,620640,national8,exact,30,30,0,0,62064021 --- Para mujeres 30%,03_anexo_chile_sa_2017.pdf
CHL,expanded_2017,HS2017,1007,62069000,62069000,620690,national8,exact,30,30,0,0,62069000 - De las demás materias textiles 30%,03_anexo_chile_sa_2017.pdf
CHL,expanded_2017,HS2017,1008,62071100,62071100,620711,national8,exact,30,30,0,0,62071100 -- De algodón 30%,03_anexo_chile_sa_2017.pdf
CHL,expanded_2017,HS2017,1009,62072100,62072100,620721,national8,exact,30,30,0,0,62072100 -- De algodón 30%,03_anexo_chile_sa_2017.pdf
CHL,expanded_2017,HS2017,1010,62079100,62079100,620791,national8,exact,30,30,0,0,62079100 -- De algodón 30%,03_anexo_chile_sa_2017.pdf
CHL,expanded_2017,HS2017,1011,62082100,62082100,620821,national8,exact,30,30,0,0,62082100 -- De algodón 30%,03_anexo_chile_sa_2017.pdf
CHL,expanded_2017,HS2017,1012,62082200,62082200,620822,national8,exact,30,30,0,0,62082200 -- De fibras sintéticas o artificiales 30%,03_anexo_chile_sa_2017.pdf
CHL,expanded_2017,HS2017,1013,62082900,62082900,620829,national8,exact,80,80,0,0,62082900 -- De las demás materias textiles 80%,03_anexo_chile_sa_2017.pdf
CHL,expanded_2017,HS2017,1014,62089100,62089100,620891,national8,exact,30,30,0,0,62089100 -- De algodón 30%,03_anexo_chile_sa_2017.pdf
CHL,expanded_2017,HS2017,1015,62089200,62089200,620892,national8,exact,30,30,0,0,62089200 -- De fibras sintéticas o artificiales 30%,03_anexo_chile_sa_2017.pdf
CHL,expanded_2017,HS2017,1016,62092000,62092000,620920,national8,exact,30,30,0,0,62092000 - De algodón 30%,03_anexo_chile_sa_2017.pdf
CHL,expanded_2017,HS2017,1017,62093000,62093000,620930,national8,exact,80,80,0,0,62093000 - De fibras sintéticas 80%,03_anexo_chile_sa_2017.pdf
CHL,expanded_2017,HS2017,1018,62105000,62105000,621050,national8,exact,80,80,0,0,62105000 - Las demás prendas de vestir para 80% mujeres o niñas,03_anexo_chile_sa_2017.pdf
CHL,expanded_2017,HS2017,1019,62111100,62111100,621111,national8,exact,30,30,0,0,62111100 -- Para hombres o niños 30%,03_anexo_chile_sa_2017.pdf
CHL,expanded_2017,HS2017,1020,62113200,62113200,621132,national8,exact,30,30,0,0,62113200 -- De algodón 30%,03_anexo_chile_sa_2017.pdf
CHL,expanded_2017,HS2017,1021,62113300,62113300,621133,national8,exact,60,60,0,0,62113300 -- De fibras sintéticas o artificiales 60%,03_anexo_chile_sa_2017.pdf
CHL,expanded_2017,HS2017,1022,62114200,62114200,621142,national8,exact,30,30,0,0,62114200 -- De algodón 30%,03_anexo_chile_sa_2017.pdf
CHL,expanded_2017,HS2017,1023,62114300,62114300,621143,national8,exact,60,60,0,0,62114300 -- De fibras sintéticas o artificiales 60%,03_anexo_chile_sa_2017.pdf
CHL,expanded_2017,HS2017,1024,62121020,62121020,621210,national8,exact,30,30,0,0,62121020 -- De fibras sintéticas o artificiales 30%,03_anexo_chile_sa_2017.pdf
CHL,expanded_2017,HS2017,1025,62132000,62132000,621320,national8,exact,30,30,0,0,62132000 - De algodón 30%,03_anexo_chile_sa_2017.pdf
CHL,expanded_2017,HS2017,1026,62139000,62139000,621390,national8,exact,80,80,0,0,62139000 - De las demás materias textiles 80%,03_anexo_chile_sa_2017.pdf
CHL,expanded_2017,HS2017,1027,62141000,62141000,621410,national8,exact,80,80,0,0,62141000 - De seda o desperdicios de seda 80%,03_anexo_chile_sa_2017.pdf
CHL,expanded_2017,HS2017,1028,62142000,62142000,621420,national8,exact,60,60,0,0,62142000 - De lana o pelo fino 60%,03_anexo_chile_sa_2017.pdf
CHL,expanded_2017,HS2017,1029,62143000,62143000,621430,national8,exact,60,60,0,0,62143000 - De fibras sintéticas 60%,03_anexo_chile_sa_2017.pdf
CHL,expanded_2017,HS2017,1030,62144000,62144000,621440,national8,exact,30,30,0,0,62144000 - De fibras artificiales 30%,03_anexo_chile_sa_2017.pdf
CHL,expanded_2017,HS2017,1031,62149000,62149000,621490,national8,exact,60,60,0,0,62149000 - De las demás materias textiles 60%,03_anexo_chile_sa_2017.pdf
CHL,expanded_2017,HS2017,1032,62152000,62152000,621520,national8,exact,80,80,0,0,62152000 - De fibras sintéticas o artificiales 80%,03_anexo_chile_sa_2017.pdf
CHL,expanded_2017,HS2017,1033,62160000,62160000,621600,national8,exact,60,60,0,0,"62160000 Guantes, mitones y manoplas. 60%",03_anexo_chile_sa_2017.pdf
CHL,expanded_2017,HS2017,1034,62171000,62171000,621710,national8,exact,30,30,0,0,62171000 - Complementos (accesorios) de 30% vestir,03_anexo_chile_sa_2017.pdf
CHL,expanded_2017,HS2017,1035,62179000,62179000,621790,national8,exact,80,80,0,0,62179000 - Partes 80%,03_anexo_chile_sa_2017.pdf
CHL,expanded_2017,HS2017,1036,63013000,63013000,630130,national8,exact,30,30,0,0,63013000 - Mantas de algodón (excepto las 30% eléctricas),03_anexo_chile_sa_2017.pdf
CHL,expanded_2017,HS2017,1037,63014000,63014000,630140,national8,exact,30,30,0,0,63014000 - Mantas de fibras sintéticas (excepto 30% las eléctricas),03_anexo_chile_sa_2017.pdf
CHL,expanded_2017,HS2017,1038,63019000,63019000,630190,national8,exact,30,30,0,0,63019000 - Las demás mantas 30%,03_anexo_chile_sa_2017.pdf
CHL,expanded_2017,HS2017,1039,63021000,63021000,630210,national8,exact,30,30,0,0,"63021000 - Ropa de cama, de punto 30%",03_anexo_chile_sa_2017.pdf
CHL,expanded_2017,HS2017,1040,63022110,63022110,630221,national8,exact,30,30,0,0,63022110 --- Sábanas y fundas 30%,03_anexo_chile_sa_2017.pdf
CHL,expanded_2017,HS2017,1041,63022190,63022190,630221,national8,exact,30,30,0,0,63022190 --- Las demás 30%,03_anexo_chile_sa_2017.pdf
CHL,expanded_2017,HS2017,1042,63022210,63022210,630222,national8,exact,30,30,0,0,63022210 --- Sábanas y fundas 30%,03_anexo_chile_sa_2017.pdf
CHL,expanded_2017,HS2017,1043,63022290,63022290,630222,national8,exact,80,80,0,0,63022290 --- Las demás 80%,03_anexo_chile_sa_2017.pdf
CHL,expanded_2017,HS2017,1044,63022900,63022900,630229,national8,exact,30,30,0,0,63022900 -- De las demás materias textiles 30%,03_anexo_chile_sa_2017.pdf
CHL,expanded_2017,HS2017,1045,63023110,63023110,630231,national8,exact,60,60,0,0,63023110 --- Sábanas y fundas 60%,03_anexo_chile_sa_2017.pdf
CHL,expanded_2017,HS2017,1046,63023190,63023190,630231,national8,exact,60,60,0,0,63023190 --- Las demás 60%,03_anexo_chile_sa_2017.pdf
CHL,expanded_2017,HS2017,1047,63023210,63023210,630232,national8,exact,30,30,0,0,63023210 --- Sábanas y fundas 30%,03_anexo_chile_sa_2017.pdf
CHL,expanded_2017,HS2017,1048,63023290,63023290,630232,national8,exact,30,30,0,0,63023290 --- Las demás 30%,03_anexo_chile_sa_2017.pdf
CHL,expanded_2017,HS2017,1049,63023900,63023900,630239,national8,exact,30,30,0,0,63023900 -- De las demás materias textiles 30%,03_anexo_chile_sa_2017.pdf
CHL,expanded_2017,HS2017,1050,63024000,63024000,630240,national8,exact,60,60,0,0,"63024000 - Ropa de mesa, de punto 60%",03_anexo_chile_sa_2017.pdf
CHL,expanded_2017,HS2017,1051,63025100,63025100,630251,national8,exact,30,30,0,0,63025100 -- De algodón 30%,03_anexo_chile_sa_2017.pdf
CHL,expanded_2017,HS2017,1052,63025300,63025300,630253,national8,exact,30,30,0,0,63025300 -- De fibras sintéticas o artificiales 30%,03_anexo_chile_sa_2017.pdf
CHL,expanded_2017,HS2017,1053,63025900,63025900,630259,national8,exact,80,80,0,0,63025900 -- De las demás materias textiles 80%,03_anexo_chile_sa_2017.pdf
CHL,expanded_2017,HS2017,1054,63026011,63026011,630260,national8,exact,30,30,0,0,"63026011 --- Juegos o surtidos de toallas de 30% diferentes dimensiones,",03_anexo_chile_sa_2017.pdf
CHL,expanded_2017,HS2017,1055,63026012,63026012,630260,national8,exact,30,30,0,0,63026012 --- Toallas cuya mayor dimensión sea 30% inferior o igual a 50 cm,03_anexo_chile_sa_2017.pdf
CHL,expanded_2017,HS2017,1056,63026013,63026013,630260,national8,exact,30,30,0,0,63026013 --- Toallas cuya mayor dimensión sea 30% superior a 50 cm pero,03_anexo_chile_sa_2017.pdf
CHL,expanded_2017,HS2017,1057,63026014,63026014,630260,national8,exact,30,30,0,0,63026014 --- Toallas cuya mayor dimensión sea 30% superior a 60 cm pero,03_anexo_chile_sa_2017.pdf
CHL,expanded_2017,HS2017,1058,63026019,63026019,630260,national8,exact,30,30,0,0,63026019 --- Las demás toallas 30%,03_anexo_chile_sa_2017.pdf
CHL,expanded_2017,HS2017,1059,63026091,63026091,630260,national8,exact,100,100,0,0,63026091 --- Ropa de cocina 100%,03_anexo_chile_sa_2017.pdf
CHL,expanded_2017,HS2017,1060,63026099,63026099,630260,national8,exact,80,80,0,0,63026099 --- Las demás 80%,03_anexo_chile_sa_2017.pdf
CHL,expanded_2017,HS2017,1061,63029110,63029110,630291,national8,exact,80,80,0,0,63029110 --- Ropa de cocina 80%,03_anexo_chile_sa_2017.pdf
CHL,expanded_2017,HS2017,1062,63029190,63029190,630291,national8,exact,80,80,0,0,63029190 --- Las demás 80%,03_anexo_chile_sa_2017.pdf
CHL,expanded_2017,HS2017,1063,63029310,63029310,630293,national8,exact,80,80,0,0,63029310 --- Toallas 80%,03_anexo_chile_sa_2017.pdf
CHL,expanded_2017,HS2017,1064,63029390,63029390,630293,national8,exact,80,80,0,0,63029390 --- Las demás 80%,03_anexo_chile_sa_2017.pdf
CHL,expanded_2017,HS2017,1065,63029900,63029900,630299,national8,exact,80,80,0,0,63029900 -- De las demás materias textiles 80%,03_anexo_chile_sa_2017.pdf
CHL,expanded_2017,HS2017,1066,63031200,63031200,630312,national8,exact,60,60,0,0,63031200 -- De fibras sintéticas 60%,03_anexo_chile_sa_2017.pdf
CHL,expanded_2017,HS2017,1067,63031900,63031900,630319,national8,exact,80,80,0,0,63031900 -- De las demás materias textiles 80%,03_anexo_chile_sa_2017.pdf
CHL,expanded_2017,HS2017,1068,63039100,63039100,630391,national8,exact,30,30,0,0,63039100 -- De algodón 30%,03_anexo_chile_sa_2017.pdf
CHL,expanded_2017,HS2017,1069,63039200,63039200,630392,national8,exact,60,60,0,0,63039200 -- De fibras sintéticas 60%,03_anexo_chile_sa_2017.pdf
CHL,expanded_2017,HS2017,1070,63039900,63039900,630399,national8,exact,100,100,0,0,63039900 -- De las demás materias textiles 100%,03_anexo_chile_sa_2017.pdf
CHL,expanded_2017,HS2017,1071,63041100,63041100,630411,national8,exact,80,80,0,0,63041100 -- De punto 80%,03_anexo_chile_sa_2017.pdf
CHL,expanded_2017,HS2017,1072,63041900,63041900,630419,national8,exact,100,100,0,0,63041900 -- Las demás 100%,03_anexo_chile_sa_2017.pdf
CHL,expanded_2017,HS2017,1073,63042000,63042000,630420,national8,pending_concordance,60,60,0,1,"63042000 - Mosquiteros, especificados en la 60% Nota 1 de subpartida de este Capítulo",03_anexo_chile_sa_2017.pdf
CHL,expanded_2017,HS2017,1074,63049100,63049100,630491,national8,exact,60,60,0,0,63049100 -- De punto 60%,03_anexo_chile_sa_2017.pdf
CHL,expanded_2017,HS2017,1075,63049200,63049200,630492,national8,exact,60,60,0,0,"63049200 -- De algodón, excepto de punto 60%",03_anexo_chile_sa_2017.pdf
CHL,expanded_2017,HS2017,1076,63049300,63049300,630493,national8,exact,60,60,0,0,"63049300 -- De fibras sintéticas, excepto de 60% punto",03_anexo_chile_sa_2017.pdf
CHL,expanded_2017,HS2017,1077,63049900,63049900,630499,national8,exact,80,80,0,0,"63049900 -- De las demás materias textiles, 80% excepto de punto",03_anexo_chile_sa_2017.pdf
CHL,expanded_2017,HS2017,1078,63051000,63051000,630510,national8,exact,100,100,0,0,63051000 - De yute o demás fibras textiles del 100% líber de la partida 53.03,03_anexo_chile_sa_2017.pdf
CHL,expanded_2017,HS2017,1079,63052000,63052000,630520,national8,exact,80,80,0,0,63052000 - De algodón 80%,03_anexo_chile_sa_2017.pdf
CHL,expanded_2017,HS2017,1080,63053200,63053200,630532,national8,exact,60,60,0,0,63053200 -- Continentes intermedios flexibles 60% para productos a granel,03_anexo_chile_sa_2017.pdf
CHL,expanded_2017,HS2017,1081,63053310,63053310,630533,national8,exact,80,80,0,0,63053310 --- De polietileno 80%,03_anexo_chile_sa_2017.pdf
CHL,expanded_2017,HS2017,1082,63053322,63053322,630533,national8,exact,60,60,0,0,63053322 ---- Con capacidad de carga superior 60% a 50 kilos neto pero inferior o,03_anexo_chile_sa_2017.pdf
CHL,expanded_2017,HS2017,1083,63059000,63059000,630590,national8,exact,80,80,0,0,63059000 - De las demás materias textiles 80%,03_anexo_chile_sa_2017.pdf
CHL,expanded_2017,HS2017,1084,63061900,63061900,630619,national8,exact,80,80,0,0,63061900 -- De las demás materias textiles 80%,03_anexo_chile_sa_2017.pdf
CHL,expanded_2017,HS2017,1085,63069000,63069000,630690,national8,exact,80,80,0,0,63069000 - Los demás 80%,03_anexo_chile_sa_2017.pdf
CHL,expanded_2017,HS2017,1086,63071000,63071000,630710,national8,exact,60,60,0,0,"63071000 - Paños para fregar o lavar (bayetas, 60% paños rejilla), franelas y",03_anexo_chile_sa_2017.pdf
CHL,expanded_2017,HS2017,1087,63079000,63079000,630790,national8,exact,60,60,0,0,63079000 - Los demás 60%,03_anexo_chile_sa_2017.pdf
CHL,expanded_2017,HS2017,1088,64011000,64011000,640110,national8,exact,60,60,0,0,64011000 - Calzado con puntera metálica de 60% protección,03_anexo_chile_sa_2017.pdf
CHL,expanded_2017,HS2017,1089,64021900,64021900,640219,national8,exact,60,60,0,0,64021900 -- Los demás 60%,03_anexo_chile_sa_2017.pdf
CHL,expanded_2017,HS2017,1090,64029991,64029991,640299,national8,exact,80,80,0,0,64029991 ---- Con plantilla de longitud inferior a 80% 24 cm,03_anexo_chile_sa_2017.pdf
CHL,expanded_2017,HS2017,1091,64029992,64029992,640299,national8,exact,100,100,0,0,"64029992 ---- Para hombres, con plantilla de 100% longitud superior o igual a 24 cm",03_anexo_chile_sa_2017.pdf
CHL,expanded_2017,HS2017,1092,64029993,64029993,640299,national8,exact,80,80,0,0,"64029993 ---- Para mujeres, con plantilla de 80% longitud superior o igual a 24 cm",03_anexo_chile_sa_2017.pdf
CHL,expanded_2017,HS2017,1093,64031900,64031900,640319,national8,exact,60,60,0,0,64031900 -- Los demás 60%,03_anexo_chile_sa_2017.pdf
CHL,expanded_2017,HS2017,1094,64032000,64032000,640320,national8,exact,60,60,0,0,64032000 - Calzado con suela de cuero natural 60% y parte superior de tiras de,03_anexo_chile_sa_2017.pdf
CHL,expanded_2017,HS2017,1095,64034000,64034000,640340,national8,exact,60,60,0,0,"64034000 - Los demás calzados, con puntera 60% metálica de protección",03_anexo_chile_sa_2017.pdf
CHL,expanded_2017,HS2017,1096,64035100,64035100,640351,national8,exact,80,80,0,0,64035100 -- Que cubran el tobillo 80%,03_anexo_chile_sa_2017.pdf
CHL,expanded_2017,HS2017,1097,64035900,64035900,640359,national8,exact,60,60,0,0,64035900 -- Los demás 60%,03_anexo_chile_sa_2017.pdf
CHL,expanded_2017,HS2017,1098,64039110,64039110,640391,national8,exact,60,60,0,0,64039110 --- Botín 60%,03_anexo_chile_sa_2017.pdf
CHL,expanded_2017,HS2017,1099,64039120,64039120,640391,national8,exact,60,60,0,0,64039120 --- Bota media caña 60%,03_anexo_chile_sa_2017.pdf
CHL,expanded_2017,HS2017,1100,64039190,64039190,640391,national8,exact,60,60,0,0,64039190 --- Los demás 60%,03_anexo_chile_sa_2017.pdf
CHL,expanded_2017,HS2017,1101,64039910,64039910,640399,national8,exact,60,60,0,0,64039910 --- Calzado asegurado al pie por 60% correas o cintas (calzado,03_anexo_chile_sa_2017.pdf
CHL,expanded_2017,HS2017,1102,64039991,64039991,640399,national8,exact,80,80,0,0,64039991 ---- Con plantilla de longitud inferior a 80% 24 cm,03_anexo_chile_sa_2017.pdf
CHL,expanded_2017,HS2017,1103,64039992,64039992,640399,national8,exact,60,60,0,0,"64039992 ---- Para hombres, con plantilla de 60% longitud superior o igual a 24 cm",03_anexo_chile_sa_2017.pdf
CHL,expanded_2017,HS2017,1104,64039993,64039993,640399,national8,exact,60,60,0,0,"64039993 ---- Para mujeres, con plantilla de 60% longitud superior o igual a 24 cm",03_anexo_chile_sa_2017.pdf
CHL,expanded_2017,HS2017,1105,64041900,64041900,640419,national8,exact,80,80,0,0,64041900 -- Los demás 80%,03_anexo_chile_sa_2017.pdf
CHL,expanded_2017,HS2017,1106,64061000,64061000,640610,national8,exact,60,60,0,0,"64061000 - Partes superiores de calzado y sus 60% partes, excepto los",03_anexo_chile_sa_2017.pdf
CHL,expanded_2017,HS2017,1107,64069000,64069000,640690,national8,exact,60,60,0,0,64069000 - Los demás 60%,03_anexo_chile_sa_2017.pdf
CHL,expanded_2017,HS2017,1108,65050000,65050000,650500,national8,exact,100,100,0,0,"65050000 Sombreros y demás tocados, de 100% punto o confeccionados con",03_anexo_chile_sa_2017.pdf
CHL,expanded_2017,HS2017,1109,65061000,65061000,650610,national8,exact,80,80,0,0,65061000 - Cascos de seguridad 80%,03_anexo_chile_sa_2017.pdf
CHL,expanded_2017,HS2017,1110,65069900,65069900,650699,national8,exact,100,100,0,0,65069900 -- De las demás materias 100%,03_anexo_chile_sa_2017.pdf
CHL,expanded_2017,HS2017,1111,68022100,68022100,680221,national8,exact,60,60,0,0,"68022100 -- Mármol, travertinos y alabastro 60%",03_anexo_chile_sa_2017.pdf
CHL,expanded_2017,HS2017,1112,68022300,68022300,680223,national8,exact,60,60,0,0,68022300 -- Granito 60%,03_anexo_chile_sa_2017.pdf
CHL,expanded_2017,HS2017,1113,68029100,68029100,680291,national8,exact,80,80,0,0,"68029100 -- Mármol, travertinos y alabastro 80%",03_anexo_chile_sa_2017.pdf
CHL,expanded_2017,HS2017,1114,68029300,68029300,680293,national8,exact,60,60,0,0,68029300 -- Granito 60%,03_anexo_chile_sa_2017.pdf
CHL,expanded_2017,HS2017,1115,68029900,68029900,680299,national8,exact,80,80,0,0,68029900 -- Las demás piedras 80%,03_anexo_chile_sa_2017.pdf
CHL,expanded_2017,HS2017,1116,68030000,68030000,680300,national8,exact,60,60,0,0,68030000 Pizarra natural trabajada y 60% manufacturas de pizarra natural o,03_anexo_chile_sa_2017.pdf
CHL,expanded_2017,HS2017,1117,68042100,68042100,680421,national8,exact,60,60,0,0,"68042100 -- De diamante natural o sintético, 60% aglomerado",03_anexo_chile_sa_2017.pdf
CHL,expanded_2017,HS2017,1118,68043000,68043000,680430,national8,exact,80,80,0,0,68043000 - Piedras de afilar o pulir a mano 80%,03_anexo_chile_sa_2017.pdf
CHL,expanded_2017,HS2017,1119,68069000,68069000,680690,national8,exact,80,80,0,0,68069000 - Los demás 80%,03_anexo_chile_sa_2017.pdf
CHL,expanded_2017,HS2017,1120,68138100,68138100,681381,national8,exact,80,80,0,0,68138100 -- Guarniciones para frenos 80%,03_anexo_chile_sa_2017.pdf
CHL,expanded_2017,HS2017,1121,68141000,68141000,681410,national8,exact,80,80,0,0,"68141000 - Placas, hojas y tiras de mica 80% aglomerada o reconstituida, incluso",03_anexo_chile_sa_2017.pdf
CHL,expanded_2017,HS2017,1122,68151000,68151000,681510,national8,exact,80,80,0,0,"68151000 - Manufacturas de grafito o de otros 80% carbonos, para usos distintos",03_anexo_chile_sa_2017.pdf
CHL,expanded_2017,HS2017,1123,68159900,68159900,681599,national8,exact,60,60,0,0,68159900 -- Las demás 60%,03_anexo_chile_sa_2017.pdf
CHL,expanded_2017,HS2017,1124,69021000,69021000,690210,national8,exact,60,60,0,0,"69021000 - Con un contenido de los elementos 60% Mg (magnesio), Ca (calcio)",03_anexo_chile_sa_2017.pdf
CHL,expanded_2017,HS2017,1125,69022000,69022000,690220,national8,exact,100,100,0,0,"69022000 - Con un contenido de alúmina 100% (Al2O3 ), de sílice (SiO2) o de una",03_anexo_chile_sa_2017.pdf
CHL,expanded_2017,HS2017,1126,69029000,69029000,690290,national8,exact,60,60,0,0,69029000 - Los demás 60%,03_anexo_chile_sa_2017.pdf
CHL,expanded_2017,HS2017,1127,69031010,69031010,690310,national8,exact,80,80,0,0,69031010 -- Retortas y crisoles 80%,03_anexo_chile_sa_2017.pdf
CHL,expanded_2017,HS2017,1128,69031090,69031090,690310,national8,exact,80,80,0,0,69031090 -- Los demás 80%,03_anexo_chile_sa_2017.pdf
CHL,expanded_2017,HS2017,1129,69039010,69039010,690390,national8,exact,80,80,0,0,69039010 -- Retortas y crisoles 80%,03_anexo_chile_sa_2017.pdf
CHL,expanded_2017,HS2017,1130,69039090,69039090,690390,national8,exact,60,60,0,0,69039090 -- Los demás 60%,03_anexo_chile_sa_2017.pdf
CHL,expanded_2017,HS2017,1131,69091100,69091100,690911,national8,exact,30,30,0,0,69091100 -- De porcelana 30%,03_anexo_chile_sa_2017.pdf
CHL,expanded_2017,HS2017,1132,69111090,69111090,691110,national8,exact,60,60,0,0,69111090 -- Los demás 60%,03_anexo_chile_sa_2017.pdf
CHL,expanded_2017,HS2017,1133,69120020,69120020,691200,national8,exact,80,80,0,0,69120020 - De loza o barro 80%,03_anexo_chile_sa_2017.pdf
CHL,expanded_2017,HS2017,1134,69131000,69131000,691310,national8,exact,30,30,0,0,69131000 - De porcelana 30%,03_anexo_chile_sa_2017.pdf
CHL,expanded_2017,HS2017,1135,69139000,69139000,691390,national8,exact,100,100,0,0,69139000 - Los demás 100%,03_anexo_chile_sa_2017.pdf
CHL,expanded_2017,HS2017,1136,69149000,69149000,691490,national8,exact,80,80,0,0,69149000 - Las demás 80%,03_anexo_chile_sa_2017.pdf
CHL,expanded_2017,HS2017,1137,70051000,70051000,700510,national8,exact,60,60,0,0,"70051000 - Vidrio sin armar con capa 60% absorbente, reflectante o",03_anexo_chile_sa_2017.pdf
CHL,expanded_2017,HS2017,1138,70052100,70052100,700521,national8,exact,60,60,0,0,"70052100 -- Coloreados en la masa, 60% opacificados, chapados o simplemente",03_anexo_chile_sa_2017.pdf
CHL,expanded_2017,HS2017,1139,70071100,70071100,700711,national8,exact,60,60,0,0,70071100 -- De dimensiones y formatos que 60% permitan su empleo en,03_anexo_chile_sa_2017.pdf
CHL,expanded_2017,HS2017,1140,70072100,70072100,700721,national8,exact,30,30,0,0,70072100 -- De dimensiones y formatos que 30% permitan su empleo en,03_anexo_chile_sa_2017.pdf
CHL,expanded_2017,HS2017,1141,70091000,70091000,700910,national8,exact,80,80,0,0,70091000 - Espejos retrovisores para vehículos 80%,03_anexo_chile_sa_2017.pdf
CHL,expanded_2017,HS2017,1142,70099200,70099200,700992,national8,exact,100,100,0,0,70099200 -- Enmarcados 100%,03_anexo_chile_sa_2017.pdf
CHL,expanded_2017,HS2017,1143,70109050,70109050,701090,national8,exact,30,30,0,0,70109050 -- Frascos 30%,03_anexo_chile_sa_2017.pdf
CHL,expanded_2017,HS2017,1144,70132800,70132800,701328,national8,exact,80,80,0,0,70132800 -- Los demás 80%,03_anexo_chile_sa_2017.pdf
CHL,expanded_2017,HS2017,1145,70133700,70133700,701337,national8,exact,30,30,0,0,70133700 -- Los demás 30%,03_anexo_chile_sa_2017.pdf
CHL,expanded_2017,HS2017,1146,70134900,70134900,701349,national8,exact,30,30,0,0,70134900 -- Los demás 30%,03_anexo_chile_sa_2017.pdf
CHL,expanded_2017,HS2017,1147,70139100,70139100,701391,national8,exact,30,30,0,0,70139100 -- De cristal al plomo 30%,03_anexo_chile_sa_2017.pdf
CHL,expanded_2017,HS2017,1148,70139900,70139900,701399,national8,exact,30,30,0,0,70139900 -- Los demás 30%,03_anexo_chile_sa_2017.pdf
CHL,expanded_2017,HS2017,1149,70140000,70140000,701400,national8,exact,80,80,0,0,70140000 Vidrio para señalización y elementos 80% de óptica de vidrio,03_anexo_chile_sa_2017.pdf
CHL,expanded_2017,HS2017,1150,70151000,70151000,701510,national8,exact,100,100,0,0,70151000 - Cristales correctores para gafas 100% (anteojos),03_anexo_chile_sa_2017.pdf
CHL,expanded_2017,HS2017,1151,70171000,70171000,701710,national8,exact,80,80,0,0,70171000 - De cuarzo o demás sílices fundidos 80%,03_anexo_chile_sa_2017.pdf
CHL,expanded_2017,HS2017,1152,70172000,70172000,701720,national8,exact,80,80,0,0,70172000 - De otro vidrio con un coeficiente de 80% dilatación lineal inferior o,03_anexo_chile_sa_2017.pdf
CHL,expanded_2017,HS2017,1153,70179000,70179000,701790,national8,exact,60,60,0,0,70179000 - Los demás 60%,03_anexo_chile_sa_2017.pdf
CHL,expanded_2017,HS2017,1154,70181000,70181000,701810,national8,exact,100,100,0,0,"70181000 - Cuentas de vidrio, imitaciones de 100% perlas, de piedras preciosas",03_anexo_chile_sa_2017.pdf
CHL,expanded_2017,HS2017,1155,70199000,70199000,701990,national8,exact,80,80,0,0,70199000 - Las demás 80%,03_anexo_chile_sa_2017.pdf
CHL,expanded_2017,HS2017,1156,70200000,70200000,702000,national8,exact,100,100,0,0,70200000 Las demás manufacturas de vidrio. 100%,03_anexo_chile_sa_2017.pdf
CHL,expanded_2017,HS2017,1157,71022900,71022900,710229,national8,exact,100,100,0,0,71022900 -- Los demás 100%,03_anexo_chile_sa_2017.pdf
CHL,expanded_2017,HS2017,1158,71023100,71023100,710231,national8,exact,80,80,0,0,"71023100 -- En bruto o simplemente aserrados, 80% exfoliados o desbastados",03_anexo_chile_sa_2017.pdf
CHL,expanded_2017,HS2017,1159,71023900,71023900,710239,national8,exact,60,60,0,0,71023900 -- Los demás 60%,03_anexo_chile_sa_2017.pdf
CHL,expanded_2017,HS2017,1160,71031000,71031000,710310,national8,exact,80,80,0,0,71031000 - En bruto o simplemente aserradas o 80% desbastadas,03_anexo_chile_sa_2017.pdf
CHL,expanded_2017,HS2017,1161,71039100,71039100,710391,national8,exact,80,80,0,0,"71039100 -- Rubíes, zafiros y esmeraldas 80%",03_anexo_chile_sa_2017.pdf
CHL,expanded_2017,HS2017,1162,71039900,71039900,710399,national8,exact,80,80,0,0,71039900 -- Las demás 80%,03_anexo_chile_sa_2017.pdf
CHL,expanded_2017,HS2017,1163,71049000,71049000,710490,national8,exact,100,100,0,0,71049000 - Las demás 100%,03_anexo_chile_sa_2017.pdf
CHL,expanded_2017,HS2017,1164,71131100,71131100,711311,national8,exact,80,80,0,0,"71131100 -- De plata, incluso revestida o 80% chapada de otro metal precioso",03_anexo_chile_sa_2017.pdf
CHL,expanded_2017,HS2017,1165,71131900,71131900,711319,national8,exact,80,80,0,0,"71131900 -- De los demás metales preciosos, 80% incluso revestidos o",03_anexo_chile_sa_2017.pdf
CHL,expanded_2017,HS2017,1166,71141100,71141100,711411,national8,exact,100,100,0,0,"71141100 -- De plata, incluso revestida o 100% chapada de otro metal precioso",03_anexo_chile_sa_2017.pdf
CHL,expanded_2017,HS2017,1167,71171100,71171100,711711,national8,exact,100,100,0,0,71171100 -- Gemelos y pasadores similares 100%,03_anexo_chile_sa_2017.pdf
CHL,expanded_2017,HS2017,1168,71171910,71171910,711719,national8,exact,100,100,0,0,71171910 --- Dorados o platinados con partes 100% de vidrio,03_anexo_chile_sa_2017.pdf
CHL,expanded_2017,HS2017,1169,71171920,71171920,711719,national8,exact,100,100,0,0,71171920 --- Dorados o platinados sin partes de 100% vidrio,03_anexo_chile_sa_2017.pdf
CHL,expanded_2017,HS2017,1170,71171990,71171990,711719,national8,exact,100,100,0,0,71171990 --- Las demás 100%,03_anexo_chile_sa_2017.pdf
CHL,expanded_2017,HS2017,1171,71179000,71179000,711790,national8,exact,80,80,0,0,71179000 - Las demás 80%,03_anexo_chile_sa_2017.pdf
CHL,expanded_2017,HS2017,1172,72023000,72023000,720230,national8,exact,100,100,0,0,72023000 - Ferro-sílico-manganeso 100%,03_anexo_chile_sa_2017.pdf
CHL,expanded_2017,HS2017,1173,72024100,72024100,720241,national8,exact,4,60,1,0,72024100 -- Con un contenido de carbono 60% superior al 4 % en peso,03_anexo_chile_sa_2017.pdf
CHL,expanded_2017,HS2017,1174,72029300,72029300,720293,national8,exact,100,100,0,0,72029300 -- Ferroniobio 100%,03_anexo_chile_sa_2017.pdf
CHL,expanded_2017,HS2017,1175,72052900,72052900,720529,national8,exact,80,80,0,0,72052900 -- Los demás 80%,03_anexo_chile_sa_2017.pdf
CHL,expanded_2017,HS2017,1176,72083900,72083900,720839,national8,exact,30,30,0,0,72083900 -- De espesor inferior a 3 mm 30%,03_anexo_chile_sa_2017.pdf
CHL,expanded_2017,HS2017,1177,72084000,72084000,720840,national8,exact,100,100,0,0,"72084000 - Sin enrollar, simplemente laminados 100% en caliente, con motivos en relieve",03_anexo_chile_sa_2017.pdf
CHL,expanded_2017,HS2017,1178,72085100,72085100,720851,national8,exact,100,100,0,0,72085100 -- De espesor superior a 10 mm 100%,03_anexo_chile_sa_2017.pdf
CHL,expanded_2017,HS2017,1179,72091500,72091500,720915,national8,exact,100,100,0,0,72091500 -- De espesor superior o igual a 3 mm 100%,03_anexo_chile_sa_2017.pdf
CHL,expanded_2017,HS2017,1180,72104100,72104100,721041,national8,exact,60,60,0,0,72104100 -- Ondulados 60%,03_anexo_chile_sa_2017.pdf
CHL,expanded_2017,HS2017,1181,72104900,72104900,721049,national8,exact,80,80,0,0,72104900 -- Los demás 80%,03_anexo_chile_sa_2017.pdf
CHL,expanded_2017,HS2017,1182,72105000,72105000,721050,national8,exact,100,100,0,0,72105000 - Revestidos de óxidos de cromo o de 100% cromo y óxidos de cromo,03_anexo_chile_sa_2017.pdf
CHL,expanded_2017,HS2017,1183,72106100,72106100,721061,national8,exact,30,30,0,0,72106100 -- Revestidos de aleaciones de 30% aluminio y cinc,03_anexo_chile_sa_2017.pdf
CHL,expanded_2017,HS2017,1184,72107000,72107000,721070,national8,exact,100,100,0,0,"72107000 - Pintados, barnizados o revestidos 100% de plástico",03_anexo_chile_sa_2017.pdf
CHL,expanded_2017,HS2017,1185,72111900,72111900,721119,national8,exact,100,100,0,0,72111900 -- Los demás 100%,03_anexo_chile_sa_2017.pdf
CHL,expanded_2017,HS2017,1186,72112300,72112300,721123,national8,exact,25,100,1,0,"72112300 -- Con un contenido de carbono 100% inferior al 0,25 % en peso",03_anexo_chile_sa_2017.pdf
CHL,expanded_2017,HS2017,1187,72112990,72112990,721129,national8,exact,100,100,0,0,72112990 --- Los demás 100%,03_anexo_chile_sa_2017.pdf
CHL,expanded_2017,HS2017,1188,72155000,72155000,721550,national8,exact,100,100,0,0,"72155000 - Las demás, simplemente obtenidas 100% o acabadas en frío",03_anexo_chile_sa_2017.pdf
CHL,expanded_2017,HS2017,1189,72171000,72171000,721710,national8,exact,30,30,0,0,"72171000 - Sin revestir, incluso pulido 30%",03_anexo_chile_sa_2017.pdf
CHL,expanded_2017,HS2017,1190,72192300,72192300,721923,national8,exact,100,100,0,0,"72192300 -- De espesor superior o igual a 3 mm 100% pero inferior a 4,75 mm",03_anexo_chile_sa_2017.pdf
CHL,expanded_2017,HS2017,1191,72193300,72193300,721933,national8,exact,100,100,0,0,72193300 -- De espesor superior a 1 mm pero 100% inferior a 3 mm,03_anexo_chile_sa_2017.pdf
CHL,expanded_2017,HS2017,1192,72193400,72193400,721934,national8,exact,100,100,0,0,"72193400 -- De espesor superior o igual a 0,5 100% mm pero inferior o igual a 1 mm",03_anexo_chile_sa_2017.pdf
CHL,expanded_2017,HS2017,1193,72193500,72193500,721935,national8,exact,100,100,0,0,"72193500 -- De espesor inferior a 0,5 mm 100%",03_anexo_chile_sa_2017.pdf
CHL,expanded_2017,HS2017,1194,72199000,72199000,721990,national8,exact,100,100,0,0,72199000 - Los demás 100%,03_anexo_chile_sa_2017.pdf
CHL,expanded_2017,HS2017,1195,72221100,72221100,722211,national8,exact,80,80,0,0,72221100 -- De sección circular 80%,03_anexo_chile_sa_2017.pdf
CHL,expanded_2017,HS2017,1196,72221900,72221900,722219,national8,exact,80,80,0,0,72221900 -- Las demás 80%,03_anexo_chile_sa_2017.pdf
CHL,expanded_2017,HS2017,1197,72222000,72222000,722220,national8,exact,80,80,0,0,72222000 - Barras simplemente obtenidas o 80% acabadas en frío,03_anexo_chile_sa_2017.pdf
CHL,expanded_2017,HS2017,1198,72223000,72223000,722230,national8,exact,80,80,0,0,72223000 - Las demás barras 80%,03_anexo_chile_sa_2017.pdf
CHL,expanded_2017,HS2017,1199,72224000,72224000,722240,national8,exact,80,80,0,0,72224000 - Perfiles 80%,03_anexo_chile_sa_2017.pdf
CHL,expanded_2017,HS2017,1200,72230000,72230000,722300,national8,exact,80,80,0,0,72230000 Alambre de acero inoxidable. 80%,03_anexo_chile_sa_2017.pdf
CHL,expanded_2017,HS2017,1201,72253000,72253000,722530,national8,exact,100,100,0,0,"72253000 - Los demás, simplemente laminados 100% en caliente, enrollados",03_anexo_chile_sa_2017.pdf
CHL,expanded_2017,HS2017,1202,72254000,72254000,722540,national8,exact,100,100,0,0,"72254000 - Los demás, simplemente laminados 100% en caliente, sin enrollar",03_anexo_chile_sa_2017.pdf
CHL,expanded_2017,HS2017,1203,72283000,72283000,722830,national8,exact,30,30,0,0,"72283000 - Las demás barras, simplemente 30% laminadas o extrudidas en caliente",03_anexo_chile_sa_2017.pdf
CHL,expanded_2017,HS2017,1204,72285000,72285000,722850,national8,exact,80,80,0,0,"72285000 - Las demás barras, simplemente 80% obtenidas o acabadas en frío",03_anexo_chile_sa_2017.pdf
CHL,expanded_2017,HS2017,1205,73041100,73041100,730411,national8,exact,80,80,0,0,73041100 -- De acero inoxidable 80%,03_anexo_chile_sa_2017.pdf
CHL,expanded_2017,HS2017,1206,73041900,73041900,730419,national8,exact,80,80,0,0,73041900 -- Los demás 80%,03_anexo_chile_sa_2017.pdf
CHL,expanded_2017,HS2017,1207,73042900,73042900,730429,national8,exact,60,60,0,0,73042900 -- Los demás 60%,03_anexo_chile_sa_2017.pdf
CHL,expanded_2017,HS2017,1208,73043100,73043100,730431,national8,exact,80,80,0,0,73043100 -- Estirados o laminados en frío 80%,03_anexo_chile_sa_2017.pdf
CHL,expanded_2017,HS2017,1209,73043900,73043900,730439,national8,exact,100,100,0,0,73043900 -- Los demás 100%,03_anexo_chile_sa_2017.pdf
CHL,expanded_2017,HS2017,1210,73044190,73044190,730441,national8,exact,100,100,0,0,73044190 --- Los demás 100%,03_anexo_chile_sa_2017.pdf
CHL,expanded_2017,HS2017,1211,73044900,73044900,730449,national8,exact,80,80,0,0,73044900 -- Los demás 80%,03_anexo_chile_sa_2017.pdf
CHL,expanded_2017,HS2017,1212,73045900,73045900,730459,national8,exact,80,80,0,0,73045900 -- Los demás 80%,03_anexo_chile_sa_2017.pdf
CHL,expanded_2017,HS2017,1213,73049000,73049000,730490,national8,exact,80,80,0,0,73049000 - Los demás 80%,03_anexo_chile_sa_2017.pdf
CHL,expanded_2017,HS2017,1214,73051100,73051100,730511,national8,exact,100,100,0,0,73051100 -- Soldados longitudinalmente con 100% arco sumergido,03_anexo_chile_sa_2017.pdf
CHL,expanded_2017,HS2017,1215,73051200,73051200,730512,national8,exact,80,80,0,0,"73051200 -- Los demás, soldados 80% longitudinalmente",03_anexo_chile_sa_2017.pdf
CHL,expanded_2017,HS2017,1216,73052000,73052000,730520,national8,exact,80,80,0,0,73052000 - Tubos de entubación («casing») de 80% los tipos utilizados para,03_anexo_chile_sa_2017.pdf
CHL,expanded_2017,HS2017,1217,73053100,73053100,730531,national8,exact,80,80,0,0,73053100 -- Soldados longitudinalmente 80%,03_anexo_chile_sa_2017.pdf
CHL,expanded_2017,HS2017,1218,73053900,73053900,730539,national8,exact,80,80,0,0,73053900 -- Los demás 80%,03_anexo_chile_sa_2017.pdf
CHL,expanded_2017,HS2017,1219,73061100,73061100,730611,national8,exact,80,80,0,0,"73061100 -- Soldados, de acero inoxidable 80%",03_anexo_chile_sa_2017.pdf
CHL,expanded_2017,HS2017,1220,73061900,73061900,730619,national8,exact,80,80,0,0,73061900 -- Los demás 80%,03_anexo_chile_sa_2017.pdf
CHL,expanded_2017,HS2017,1221,73063000,73063000,730630,national8,exact,30,30,0,0,"73063000 - Los demás, soldados, de sección 30% circular, de hierro o acero sin alear",03_anexo_chile_sa_2017.pdf
CHL,expanded_2017,HS2017,1222,73064000,73064000,730640,national8,exact,100,100,0,0,"73064000 - Los demás, soldados, de sección 100% circular, de acero inoxidable",03_anexo_chile_sa_2017.pdf
CHL,expanded_2017,HS2017,1223,73071900,73071900,730719,national8,exact,80,80,0,0,73071900 -- Los demás 80%,03_anexo_chile_sa_2017.pdf
CHL,expanded_2017,HS2017,1224,73072100,73072100,730721,national8,exact,80,80,0,0,73072100 -- Bridas 80%,03_anexo_chile_sa_2017.pdf
CHL,expanded_2017,HS2017,1225,73072200,73072200,730722,national8,exact,80,80,0,0,"73072200 -- Codos, curvas y manguitos, 80% roscados",03_anexo_chile_sa_2017.pdf
CHL,expanded_2017,HS2017,1226,73072300,73072300,730723,national8,exact,100,100,0,0,73072300 -- Accesorios para soldar a tope 100%,03_anexo_chile_sa_2017.pdf
CHL,expanded_2017,HS2017,1227,73072900,73072900,730729,national8,exact,80,80,0,0,73072900 -- Los demás 80%,03_anexo_chile_sa_2017.pdf
CHL,expanded_2017,HS2017,1228,73079100,73079100,730791,national8,exact,80,80,0,0,73079100 -- Bridas 80%,03_anexo_chile_sa_2017.pdf
CHL,expanded_2017,HS2017,1229,73079200,73079200,730792,national8,exact,100,100,0,0,"73079200 -- Codos, curvas y manguitos, 100% roscados",03_anexo_chile_sa_2017.pdf
CHL,expanded_2017,HS2017,1230,73079300,73079300,730793,national8,exact,100,100,0,0,73079300 -- Accesorios para soldar a tope 100%,03_anexo_chile_sa_2017.pdf
CHL,expanded_2017,HS2017,1231,73079900,73079900,730799,national8,exact,100,100,0,0,73079900 -- Los demás 100%,03_anexo_chile_sa_2017.pdf
CHL,expanded_2017,HS2017,1232,73081000,73081000,730810,national8,exact,80,80,0,0,73081000 - Puentes y sus partes 80%,03_anexo_chile_sa_2017.pdf
CHL,expanded_2017,HS2017,1233,73082000,73082000,730820,national8,exact,80,80,0,0,73082000 - Torres y castilletes 80%,03_anexo_chile_sa_2017.pdf
CHL,expanded_2017,HS2017,1234,73083000,73083000,730830,national8,exact,80,80,0,0,"73083000 - Puertas y ventanas y sus marcos, 80% contramarcos y umbrales",03_anexo_chile_sa_2017.pdf
CHL,expanded_2017,HS2017,1235,73084000,73084000,730840,national8,exact,100,100,0,0,"73084000 - Material de andamiaje, encofrado, 100% apeo o apuntalamiento",03_anexo_chile_sa_2017.pdf
CHL,expanded_2017,HS2017,1236,73089000,73089000,730890,national8,exact,80,80,0,0,73089000 - Los demás 80%,03_anexo_chile_sa_2017.pdf
CHL,expanded_2017,HS2017,1237,73090000,73090000,730900,national8,exact,80,80,0,0,"73090000 Depósitos, cisternas, cubas y 80% recipientes similares para",03_anexo_chile_sa_2017.pdf
CHL,expanded_2017,HS2017,1238,73102990,73102990,731029,national8,exact,100,100,0,0,73102990 --- Los demás 100%,03_anexo_chile_sa_2017.pdf
CHL,expanded_2017,HS2017,1239,73110030,73110030,731100,national8,exact,100,100,0,0,73110030 - De capacidad superior a 500 l pero 100% inferior o igual a 1.000 l,03_anexo_chile_sa_2017.pdf
CHL,expanded_2017,HS2017,1240,73110090,73110090,731100,national8,exact,80,80,0,0,73110090 - Los demás 80%,03_anexo_chile_sa_2017.pdf
CHL,expanded_2017,HS2017,1241,73141200,73141200,731412,national8,exact,100,100,0,0,"73141200 -- Telas metálicas continuas o sin fin, 100% de acero inoxidable,",03_anexo_chile_sa_2017.pdf
CHL,expanded_2017,HS2017,1242,73141400,73141400,731414,national8,exact,100,100,0,0,"73141400 -- Las demás telas metálicas tejidas, 100% de acero inoxidable",03_anexo_chile_sa_2017.pdf
CHL,expanded_2017,HS2017,1243,73144900,73144900,731449,national8,exact,100,100,0,0,73144900 -- Las demás 100%,03_anexo_chile_sa_2017.pdf
CHL,expanded_2017,HS2017,1244,73151100,73151100,731511,national8,exact,80,80,0,0,73151100 -- Cadenas de rodillo 80%,03_anexo_chile_sa_2017.pdf
CHL,expanded_2017,HS2017,1245,73151200,73151200,731512,national8,exact,100,100,0,0,73151200 -- Las demás cadenas 100%,03_anexo_chile_sa_2017.pdf
CHL,expanded_2017,HS2017,1246,73158910,73158910,731589,national8,exact,80,80,0,0,73158910 --- Para transmisión 80%,03_anexo_chile_sa_2017.pdf
CHL,expanded_2017,HS2017,1247,73158990,73158990,731589,national8,exact,80,80,0,0,73158990 --- Las demás 80%,03_anexo_chile_sa_2017.pdf
CHL,expanded_2017,HS2017,1248,73159000,73159000,731590,national8,exact,100,100,0,0,73159000 - Las demás partes 100%,03_anexo_chile_sa_2017.pdf
CHL,expanded_2017,HS2017,1249,73181300,73181300,731813,national8,exact,80,80,0,0,"73181300 -- Escarpias y armellas, roscadas 80%",03_anexo_chile_sa_2017.pdf
CHL,expanded_2017,HS2017,1250,73182200,73182200,731822,national8,exact,80,80,0,0,73182200 -- Las demás arandelas 80%,03_anexo_chile_sa_2017.pdf
CHL,expanded_2017,HS2017,1251,73182300,73182300,731823,national8,exact,80,80,0,0,73182300 -- Remaches 80%,03_anexo_chile_sa_2017.pdf
CHL,expanded_2017,HS2017,1252,73199000,73199000,731990,national8,exact,60,60,0,0,73199000 - Los demás 60%,03_anexo_chile_sa_2017.pdf
CHL,expanded_2017,HS2017,1253,73202000,73202000,732020,national8,exact,60,60,0,0,73202000 - Muelles (resortes) helicoidales 60%,03_anexo_chile_sa_2017.pdf
CHL,expanded_2017,HS2017,1254,73218111,73218111,732181,national8,exact,100,100,0,0,73218111 ---- Estufas (excepto las portátiles) 100%,03_anexo_chile_sa_2017.pdf
CHL,expanded_2017,HS2017,1255,73218112,73218112,732181,national8,exact,100,100,0,0,73218112 ---- Estufas portátiles 100%,03_anexo_chile_sa_2017.pdf
CHL,expanded_2017,HS2017,1256,73218119,73218119,732181,national8,exact,100,100,0,0,73218119 ---- Los demás 100%,03_anexo_chile_sa_2017.pdf
CHL,expanded_2017,HS2017,1257,73219000,73219000,732190,national8,exact,100,100,0,0,73219000 - Partes 100%,03_anexo_chile_sa_2017.pdf
CHL,expanded_2017,HS2017,1258,73239200,73239200,732392,national8,exact,100,100,0,0,"73239200 -- De fundición, esmaltados 100%",03_anexo_chile_sa_2017.pdf
CHL,expanded_2017,HS2017,1259,73239300,73239300,732393,national8,exact,80,80,0,0,73239300 -- De acero inoxidable 80%,03_anexo_chile_sa_2017.pdf
CHL,expanded_2017,HS2017,1260,73239400,73239400,732394,national8,exact,80,80,0,0,"73239400 -- De hierro o acero, esmaltados 80%",03_anexo_chile_sa_2017.pdf
CHL,expanded_2017,HS2017,1261,73239900,73239900,732399,national8,exact,80,80,0,0,73239900 -- Los demás 80%,03_anexo_chile_sa_2017.pdf
CHL,expanded_2017,HS2017,1262,73249000,73249000,732490,national8,exact,80,80,0,0,"73249000 - Los demás, incluidas las partes 80%",03_anexo_chile_sa_2017.pdf
CHL,expanded_2017,HS2017,1263,73251000,73251000,732510,national8,exact,60,60,0,0,73251000 - De fundición no maleable 60%,03_anexo_chile_sa_2017.pdf
CHL,expanded_2017,HS2017,1264,73259110,73259110,732591,national8,exact,100,100,0,0,73259110 --- Para molienda de minerales 100%,03_anexo_chile_sa_2017.pdf
CHL,expanded_2017,HS2017,1265,73259900,73259900,732599,national8,exact,80,80,0,0,73259900 -- Las demás 80%,03_anexo_chile_sa_2017.pdf
CHL,expanded_2017,HS2017,1266,73261110,73261110,732611,national8,exact,80,80,0,0,73261110 --- Para molienda de minerales 80%,03_anexo_chile_sa_2017.pdf
CHL,expanded_2017,HS2017,1267,73261900,73261900,732619,national8,exact,80,80,0,0,73261900 -- Las demás 80%,03_anexo_chile_sa_2017.pdf
CHL,expanded_2017,HS2017,1268,73262000,73262000,732620,national8,exact,80,80,0,0,73262000 - Manufacturas de alambre de hierro 80% o acero,03_anexo_chile_sa_2017.pdf
CHL,expanded_2017,HS2017,1269,73269000,73269000,732690,national8,exact,100,100,0,0,73269000 - Las demás 100%,03_anexo_chile_sa_2017.pdf
CHL,expanded_2017,HS2017,1270,74093900,74093900,740939,national8,exact,100,100,0,0,74093900 -- Las demás 100%,03_anexo_chile_sa_2017.pdf
CHL,expanded_2017,HS2017,1271,74101100,74101100,741011,national8,exact,80,80,0,0,74101100 -- De cobre refinado 80%,03_anexo_chile_sa_2017.pdf
CHL,expanded_2017,HS2017,1272,74111000,74111000,741110,national8,exact,80,80,0,0,74111000 - De cobre refinado 80%,03_anexo_chile_sa_2017.pdf
CHL,expanded_2017,HS2017,1273,74122000,74122000,741220,national8,exact,60,60,0,0,74122000 - De aleaciones de cobre 60%,03_anexo_chile_sa_2017.pdf
CHL,expanded_2017,HS2017,1274,74130000,74130000,741300,national8,exact,60,60,0,0,"74130000 Cables, trenzas y artículos similares, 60% de cobre, sin aislar para",03_anexo_chile_sa_2017.pdf
CHL,expanded_2017,HS2017,1275,74152900,74152900,741529,national8,exact,100,100,0,0,74152900 -- Los demás 100%,03_anexo_chile_sa_2017.pdf
CHL,expanded_2017,HS2017,1276,74153300,74153300,741533,national8,exact,60,60,0,0,74153300 -- Tornillos; pernos y tuercas 60%,03_anexo_chile_sa_2017.pdf
CHL,expanded_2017,HS2017,1277,74181000,74181000,741810,national8,exact,100,100,0,0,"74181000 - Artículos de uso doméstico y sus 100% partes; esponjas, estropajos,",03_anexo_chile_sa_2017.pdf
CHL,expanded_2017,HS2017,1278,74199911,74199911,741999,national8,exact,30,30,0,0,"74199911 ---- De aleaciones a base de cobre, 30% aluminio, níquel",03_anexo_chile_sa_2017.pdf
CHL,expanded_2017,HS2017,1279,74199990,74199990,741999,national8,exact,80,80,0,0,74199990 --- Las demás 80%,03_anexo_chile_sa_2017.pdf
CHL,expanded_2017,HS2017,1280,75052100,75052100,750521,national8,exact,100,100,0,0,75052100 -- De níquel sin alear 100%,03_anexo_chile_sa_2017.pdf
CHL,expanded_2017,HS2017,1281,76061200,76061200,760612,national8,exact,60,60,0,0,76061200 -- De aleaciones de aluminio 60%,03_anexo_chile_sa_2017.pdf
CHL,expanded_2017,HS2017,1282,76069200,76069200,760692,national8,exact,60,60,0,0,76069200 -- De aleaciones de aluminio 60%,03_anexo_chile_sa_2017.pdf
CHL,expanded_2017,HS2017,1283,76071100,76071100,760711,national8,exact,60,60,0,0,76071100 -- Simplemente laminadas 60%,03_anexo_chile_sa_2017.pdf
CHL,expanded_2017,HS2017,1284,76071900,76071900,760719,national8,exact,60,60,0,0,76071900 -- Las demás 60%,03_anexo_chile_sa_2017.pdf
CHL,expanded_2017,HS2017,1285,76072090,76072090,760720,national8,exact,80,80,0,0,76072090 -- Los demás 80%,03_anexo_chile_sa_2017.pdf
CHL,expanded_2017,HS2017,1286,76090000,76090000,760900,national8,exact,60,60,0,0,"76090000 Accesorios de tubería (por ejemplo: 60% empalmes (racores),",03_anexo_chile_sa_2017.pdf
CHL,expanded_2017,HS2017,1287,76141000,76141000,761410,national8,exact,60,60,0,0,76141000 - Con alma de acero 60%,03_anexo_chile_sa_2017.pdf
CHL,expanded_2017,HS2017,1288,76149000,76149000,761490,national8,exact,60,60,0,0,76149000 - Los demás 60%,03_anexo_chile_sa_2017.pdf
CHL,expanded_2017,HS2017,1289,76151000,76151000,761510,national8,exact,60,60,0,0,"76151000 - Artículos de uso doméstico y sus 60% partes; esponjas, estropajos,",03_anexo_chile_sa_2017.pdf
CHL,expanded_2017,HS2017,1290,76169990,76169990,761699,national8,exact,60,60,0,0,76169990 --- Las demás 60%,03_anexo_chile_sa_2017.pdf
CHL,expanded_2017,HS2017,1291,78011000,78011000,780110,national8,exact,80,80,0,0,78011000 - Plomo refinado 80%,03_anexo_chile_sa_2017.pdf
CHL,expanded_2017,HS2017,1292,78060000,78060000,780600,national8,exact,100,100,0,0,78060000 Las demás manufacturas de plomo. 100%,03_anexo_chile_sa_2017.pdf
CHL,expanded_2017,HS2017,1293,81089000,81089000,810890,national8,exact,80,80,0,0,81089000 - Los demás 80%,03_anexo_chile_sa_2017.pdf
CHL,expanded_2017,HS2017,1294,82021000,82021000,820210,national8,exact,80,80,0,0,82021000 - Sierras de mano 80%,03_anexo_chile_sa_2017.pdf
CHL,expanded_2017,HS2017,1295,82022000,82022000,820220,national8,exact,80,80,0,0,82022000 - Hojas de sierra de cinta 80%,03_anexo_chile_sa_2017.pdf
CHL,expanded_2017,HS2017,1296,82023100,82023100,820231,national8,exact,80,80,0,0,82023100 -- Con parte operante de acero 80%,03_anexo_chile_sa_2017.pdf
CHL,expanded_2017,HS2017,1297,82023900,82023900,820239,national8,exact,100,100,0,0,"82023900 -- Las demás, incluidas las partes 100%",03_anexo_chile_sa_2017.pdf
CHL,expanded_2017,HS2017,1298,82031010,82031010,820310,national8,exact,100,100,0,0,82031010 -- Limas y escofinas 100%,03_anexo_chile_sa_2017.pdf
CHL,expanded_2017,HS2017,1299,82032000,82032000,820320,national8,exact,80,80,0,0,"82032000 - Alicates (incluso cortantes), 80% tenazas, pinzas y herramientas",03_anexo_chile_sa_2017.pdf
CHL,expanded_2017,HS2017,1300,82041100,82041100,820411,national8,exact,80,80,0,0,82041100 -- No ajustables 80%,03_anexo_chile_sa_2017.pdf
CHL,expanded_2017,HS2017,1301,82041200,82041200,820412,national8,exact,80,80,0,0,82041200 -- Ajustables 80%,03_anexo_chile_sa_2017.pdf
CHL,expanded_2017,HS2017,1302,82042000,82042000,820420,national8,exact,80,80,0,0,"82042000 - Cubos (vasos)* de ajuste 80% intercambiables, incluso con mango",03_anexo_chile_sa_2017.pdf
CHL,expanded_2017,HS2017,1303,82051000,82051000,820510,national8,exact,100,100,0,0,82051000 - Herramientas de taladrar o roscar 100% (incluidas las terrajas),03_anexo_chile_sa_2017.pdf
CHL,expanded_2017,HS2017,1304,82052000,82052000,820520,national8,exact,80,80,0,0,82052000 - Martillos y mazas 80%,03_anexo_chile_sa_2017.pdf
CHL,expanded_2017,HS2017,1305,82053000,82053000,820530,national8,exact,100,100,0,0,"82053000 - Cepillos, formones, gubias y 100% herramientas cortantes",03_anexo_chile_sa_2017.pdf
CHL,expanded_2017,HS2017,1306,82055100,82055100,820551,national8,exact,80,80,0,0,82055100 -- De uso doméstico 80%,03_anexo_chile_sa_2017.pdf
CHL,expanded_2017,HS2017,1307,82055900,82055900,820559,national8,exact,80,80,0,0,82055900 -- Las demás 80%,03_anexo_chile_sa_2017.pdf
CHL,expanded_2017,HS2017,1308,82057000,82057000,820570,national8,exact,80,80,0,0,"82057000 - Tornillos de banco, prensas de 80% carpintero y similares",03_anexo_chile_sa_2017.pdf
CHL,expanded_2017,HS2017,1309,82059000,82059000,820590,national8,exact,100,100,0,0,"82059000 - Los demás, incluídos los juegos de 100% artículos de dos o",03_anexo_chile_sa_2017.pdf
CHL,expanded_2017,HS2017,1310,82071310,82071310,820713,national8,exact,100,100,0,0,82071310 --- Trépanos 100%,03_anexo_chile_sa_2017.pdf
CHL,expanded_2017,HS2017,1311,82071330,82071330,820713,national8,exact,100,100,0,0,82071330 --- Barrenas 100%,03_anexo_chile_sa_2017.pdf
CHL,expanded_2017,HS2017,1312,82071390,82071390,820713,national8,exact,100,100,0,0,82071390 --- Los demás 100%,03_anexo_chile_sa_2017.pdf
CHL,expanded_2017,HS2017,1313,82071910,82071910,820719,national8,exact,80,80,0,0,82071910 --- Trépanos 80%,03_anexo_chile_sa_2017.pdf
CHL,expanded_2017,HS2017,1314,82071990,82071990,820719,national8,exact,100,100,0,0,82071990 --- Los demás 100%,03_anexo_chile_sa_2017.pdf
CHL,expanded_2017,HS2017,1315,82073000,82073000,820730,national8,exact,100,100,0,0,"82073000 - Útiles de embutir, estampar o 100% punzonar",03_anexo_chile_sa_2017.pdf
CHL,expanded_2017,HS2017,1316,82074000,82074000,820740,national8,exact,80,80,0,0,82074000 - Útiles de roscar (incluso aterrajar) 80%,03_anexo_chile_sa_2017.pdf
CHL,expanded_2017,HS2017,1317,82075010,82075010,820750,national8,exact,80,80,0,0,82075010 -- Brocas para metal 80%,03_anexo_chile_sa_2017.pdf
CHL,expanded_2017,HS2017,1318,82075090,82075090,820750,national8,exact,80,80,0,0,82075090 -- Los demás 80%,03_anexo_chile_sa_2017.pdf
CHL,expanded_2017,HS2017,1319,82076000,82076000,820760,national8,exact,100,100,0,0,82076000 - Útiles de escariar o brochar 100%,03_anexo_chile_sa_2017.pdf
CHL,expanded_2017,HS2017,1320,82077000,82077000,820770,national8,exact,100,100,0,0,82077000 - Útiles de fresar 100%,03_anexo_chile_sa_2017.pdf
CHL,expanded_2017,HS2017,1321,82078000,82078000,820780,national8,exact,100,100,0,0,82078000 - Útiles de tornear 100%,03_anexo_chile_sa_2017.pdf
CHL,expanded_2017,HS2017,1322,82079000,82079000,820790,national8,exact,80,80,0,0,82079000 - Los demás útiles intercambiables 80%,03_anexo_chile_sa_2017.pdf
CHL,expanded_2017,HS2017,1323,82081000,82081000,820810,national8,exact,80,80,0,0,82081000 - Para trabajar metal 80%,03_anexo_chile_sa_2017.pdf
CHL,expanded_2017,HS2017,1324,82082000,82082000,820820,national8,exact,80,80,0,0,82082000 - Para trabajar madera 80%,03_anexo_chile_sa_2017.pdf
CHL,expanded_2017,HS2017,1325,82083000,82083000,820830,national8,exact,80,80,0,0,82083000 - Para aparatos de cocina o 80% máquinas de la industria,03_anexo_chile_sa_2017.pdf
CHL,expanded_2017,HS2017,1326,82084000,82084000,820840,national8,exact,80,80,0,0,"82084000 - Para máquinas agrícolas, hortícolas 80% o forestales",03_anexo_chile_sa_2017.pdf
CHL,expanded_2017,HS2017,1327,82089000,82089000,820890,national8,exact,80,80,0,0,82089000 - Las demás 80%,03_anexo_chile_sa_2017.pdf
CHL,expanded_2017,HS2017,1328,82090000,82090000,820900,national8,exact,80,80,0,0,"82090000 Plaquitas, varillas, puntas y artículos 80% similares para útiles, sin",03_anexo_chile_sa_2017.pdf
CHL,expanded_2017,HS2017,1329,82119100,82119100,821191,national8,exact,100,100,0,0,82119100 -- Cuchillos de mesa de hoja fija 100%,03_anexo_chile_sa_2017.pdf
CHL,expanded_2017,HS2017,1330,82121010,82121010,821210,national8,exact,80,80,0,0,82121010 -- Máquinas de afeitar desechables 80%,03_anexo_chile_sa_2017.pdf
CHL,expanded_2017,HS2017,1331,82121090,82121090,821210,national8,exact,80,80,0,0,82121090 -- Las demás 80%,03_anexo_chile_sa_2017.pdf
CHL,expanded_2017,HS2017,1332,82129000,82129000,821290,national8,exact,80,80,0,0,82129000 - Las demás partes 80%,03_anexo_chile_sa_2017.pdf
CHL,expanded_2017,HS2017,1333,82130000,82130000,821300,national8,exact,100,100,0,0,82130000 Tijeras y sus hojas. 100%,03_anexo_chile_sa_2017.pdf
CHL,expanded_2017,HS2017,1334,82141000,82141000,821410,national8,exact,100,100,0,0,"82141000 - Cortapapeles, abrecartas, 100% raspadores, sacapuntas y sus cuchillas",03_anexo_chile_sa_2017.pdf
CHL,expanded_2017,HS2017,1335,82142000,82142000,821420,national8,exact,80,80,0,0,82142000 - Herramientas y juegos de 80% herramientas de manicura o de,03_anexo_chile_sa_2017.pdf
CHL,expanded_2017,HS2017,1336,82152000,82152000,821520,national8,exact,100,100,0,0,82152000 - Los demás surtidos 100%,03_anexo_chile_sa_2017.pdf
CHL,expanded_2017,HS2017,1337,82159100,82159100,821591,national8,exact,100,100,0,0,"82159100 -- Plateados, dorados o platinados 100%",03_anexo_chile_sa_2017.pdf
CHL,expanded_2017,HS2017,1338,82159900,82159900,821599,national8,exact,80,80,0,0,82159900 -- Los demás 80%,03_anexo_chile_sa_2017.pdf
CHL,expanded_2017,HS2017,1339,83011000,83011000,830110,national8,exact,100,100,0,0,83011000 - Candados 100%,03_anexo_chile_sa_2017.pdf
CHL,expanded_2017,HS2017,1340,83012000,83012000,830120,national8,exact,100,100,0,0,83012000 - Cerraduras de los tipos utilizados en 100% vehículos automóviles,03_anexo_chile_sa_2017.pdf
CHL,expanded_2017,HS2017,1341,83016000,83016000,830160,national8,exact,100,100,0,0,83016000 - Partes 100%,03_anexo_chile_sa_2017.pdf
CHL,expanded_2017,HS2017,1342,83021000,83021000,830210,national8,exact,30,30,0,0,83021000 - Bisagras de cualquier clase 30% (incluidos los pernios y demás goznes),03_anexo_chile_sa_2017.pdf
CHL,expanded_2017,HS2017,1343,83023000,83023000,830230,national8,exact,80,80,0,0,"83023000 - Las demás guarniciones, herrajes y 80% artículos similares, para",03_anexo_chile_sa_2017.pdf
CHL,expanded_2017,HS2017,1344,83024100,83024100,830241,national8,exact,80,80,0,0,83024100 -- Para edificios 80%,03_anexo_chile_sa_2017.pdf
CHL,expanded_2017,HS2017,1345,83024210,83024210,830242,national8,exact,100,100,0,0,"83024210 --- Empuñaduras, manijas (manillas) 100%",03_anexo_chile_sa_2017.pdf
CHL,expanded_2017,HS2017,1346,83024220,83024220,830242,national8,exact,100,100,0,0,83024220 --- Tiradores 100%,03_anexo_chile_sa_2017.pdf
CHL,expanded_2017,HS2017,1347,83024900,83024900,830249,national8,exact,80,80,0,0,83024900 -- Los demás 80%,03_anexo_chile_sa_2017.pdf
CHL,expanded_2017,HS2017,1348,83025000,83025000,830250,national8,exact,80,80,0,0,"83025000 - Colgadores, perchas, soportes y 80% artículos similares",03_anexo_chile_sa_2017.pdf
CHL,expanded_2017,HS2017,1349,83040000,83040000,830400,national8,exact,100,100,0,0,"83040000 Clasificadores, ficheros, cajas de 100% clasificación, bandejas de",03_anexo_chile_sa_2017.pdf
CHL,expanded_2017,HS2017,1350,83052000,83052000,830520,national8,exact,100,100,0,0,83052000 - Grapas en tiras 100%,03_anexo_chile_sa_2017.pdf
CHL,expanded_2017,HS2017,1351,83061000,83061000,830610,national8,exact,100,100,0,0,"83061000 - Campanas, campanillas, gongos y 100% artículos similares",03_anexo_chile_sa_2017.pdf
CHL,expanded_2017,HS2017,1352,83062100,83062100,830621,national8,exact,80,80,0,0,"83062100 -- Plateados, dorados o platinados 80%",03_anexo_chile_sa_2017.pdf
CHL,expanded_2017,HS2017,1353,83062900,83062900,830629,national8,exact,80,80,0,0,83062900 -- Los demás 80%,03_anexo_chile_sa_2017.pdf
CHL,expanded_2017,HS2017,1354,83063000,83063000,830630,national8,exact,100,100,0,0,"83063000 - Marcos para fotografías, grabados 100% o similares; espejos",03_anexo_chile_sa_2017.pdf
CHL,expanded_2017,HS2017,1355,83071000,83071000,830710,national8,exact,80,80,0,0,83071000 - De hierro o acero 80%,03_anexo_chile_sa_2017.pdf
CHL,expanded_2017,HS2017,1356,83079000,83079000,830790,national8,exact,100,100,0,0,83079000 - De los demás metales comunes 100%,03_anexo_chile_sa_2017.pdf
CHL,expanded_2017,HS2017,1357,83099020,83099020,830990,national8,exact,100,100,0,0,83099020 -- Tapas roscadas 100%,03_anexo_chile_sa_2017.pdf
CHL,expanded_2017,HS2017,1358,83099090,83099090,830990,national8,exact,80,80,0,0,83099090 -- Los demás 80%,03_anexo_chile_sa_2017.pdf
CHL,expanded_2017,HS2017,1359,83119000,83119000,831190,national8,exact,80,80,0,0,83119000 - Los demás 80%,03_anexo_chile_sa_2017.pdf
CHL,expanded_2017,HS2017,1360,84021200,84021200,840212,national8,exact,100,100,0,0,84021200 -- Calderas acuotubulares con una 100% producción de vapor,03_anexo_chile_sa_2017.pdf
CHL,expanded_2017,HS2017,1361,84022000,84022000,840220,national8,exact,100,100,0,0,84022000 - Calderas denominadas «de agua 100% sobrecalentada»,03_anexo_chile_sa_2017.pdf
CHL,expanded_2017,HS2017,1362,84029000,84029000,840290,national8,exact,100,100,0,0,84029000 - Partes 100%,03_anexo_chile_sa_2017.pdf
CHL,expanded_2017,HS2017,1363,84041000,84041000,840410,national8,exact,80,80,0,0,84041000 - Aparatos auxiliares para las 80% calderas de las partidas 84.02 u,03_anexo_chile_sa_2017.pdf
CHL,expanded_2017,HS2017,1364,84042000,84042000,840420,national8,exact,100,100,0,0,84042000 - Condensadores para máquinas de 100% vapor,03_anexo_chile_sa_2017.pdf
CHL,expanded_2017,HS2017,1365,84073400,84073400,840734,national8,exact,100,100,0,0,84073400 -- De cilindrada superior a 1.000 cm3 100%,03_anexo_chile_sa_2017.pdf
CHL,expanded_2017,HS2017,1366,84082040,84082040,840820,national8,exact,100,100,0,0,84082040 -- Para vehículos de la partida 87.04 100%,03_anexo_chile_sa_2017.pdf
CHL,expanded_2017,HS2017,1367,84099110,84099110,840991,national8,exact,80,80,0,0,84099110 --- Pistones 80%,03_anexo_chile_sa_2017.pdf
CHL,expanded_2017,HS2017,1368,84099120,84099120,840991,national8,exact,100,100,0,0,84099120 --- Válvulas 100%,03_anexo_chile_sa_2017.pdf
CHL,expanded_2017,HS2017,1369,84099130,84099130,840991,national8,exact,100,100,0,0,84099130 --- Anillos 100%,03_anexo_chile_sa_2017.pdf
CHL,expanded_2017,HS2017,1370,84099190,84099190,840991,national8,exact,100,100,0,0,84099190 --- Las demás 100%,03_anexo_chile_sa_2017.pdf
CHL,expanded_2017,HS2017,1371,84099910,84099910,840999,national8,exact,80,80,0,0,84099910 --- Pistones 80%,03_anexo_chile_sa_2017.pdf
CHL,expanded_2017,HS2017,1372,84099920,84099920,840999,national8,exact,100,100,0,0,84099920 --- Válvulas 100%,03_anexo_chile_sa_2017.pdf
CHL,expanded_2017,HS2017,1373,84099930,84099930,840999,national8,exact,60,60,0,0,84099930 --- Anillos 60%,03_anexo_chile_sa_2017.pdf
CHL,expanded_2017,HS2017,1374,84099990,84099990,840999,national8,exact,100,100,0,0,84099990 --- Las demás 100%,03_anexo_chile_sa_2017.pdf
CHL,expanded_2017,HS2017,1375,84119900,84119900,841199,national8,exact,100,100,0,0,84119900 -- Las demás 100%,03_anexo_chile_sa_2017.pdf
CHL,expanded_2017,HS2017,1376,84122100,84122100,841221,national8,exact,100,100,0,0,84122100 -- Con movimiento rectilíneo 100% (cilindros),03_anexo_chile_sa_2017.pdf
CHL,expanded_2017,HS2017,1377,84122900,84122900,841229,national8,exact,100,100,0,0,84122900 -- Los demás 100%,03_anexo_chile_sa_2017.pdf
CHL,expanded_2017,HS2017,1378,84129000,84129000,841290,national8,exact,80,80,0,0,84129000 - Partes 80%,03_anexo_chile_sa_2017.pdf
CHL,expanded_2017,HS2017,1379,84131100,84131100,841311,national8,exact,80,80,0,0,"84131100 -- Bombas para distribución de 80% carburantes o lubricantes, de",03_anexo_chile_sa_2017.pdf
CHL,expanded_2017,HS2017,1380,84131900,84131900,841319,national8,exact,100,100,0,0,84131900 -- Las demás 100%,03_anexo_chile_sa_2017.pdf
CHL,expanded_2017,HS2017,1381,84132000,84132000,841320,national8,exact,100,100,0,0,"84132000 - Bombas manuales, excepto las de 100% las subpartidas 8413.11 u 8413.19",03_anexo_chile_sa_2017.pdf
CHL,expanded_2017,HS2017,1382,84133010,84133010,841330,national8,exact,80,80,0,0,84133010 -- Bombas de bencina para motores 80% de encendido por chispa,03_anexo_chile_sa_2017.pdf
CHL,expanded_2017,HS2017,1383,84133090,84133090,841330,national8,exact,100,100,0,0,84133090 -- Las demás 100%,03_anexo_chile_sa_2017.pdf
CHL,expanded_2017,HS2017,1384,84135000,84135000,841350,national8,exact,100,100,0,0,84135000 - Las demás bombas volumétricas 100% alternativas,03_anexo_chile_sa_2017.pdf
CHL,expanded_2017,HS2017,1385,84136000,84136000,841360,national8,exact,80,80,0,0,84136000 - Las demás bombas volumétricas 80% rotativas,03_anexo_chile_sa_2017.pdf
CHL,expanded_2017,HS2017,1386,84137000,84137000,841370,national8,exact,100,100,0,0,84137000 - Las demás bombas centrífugas 100%,03_anexo_chile_sa_2017.pdf
CHL,expanded_2017,HS2017,1387,84138100,84138100,841381,national8,exact,100,100,0,0,84138100 -- Bombas 100%,03_anexo_chile_sa_2017.pdf
CHL,expanded_2017,HS2017,1388,84139100,84139100,841391,national8,exact,100,100,0,0,84139100 -- De bombas 100%,03_anexo_chile_sa_2017.pdf
CHL,expanded_2017,HS2017,1389,84139200,84139200,841392,national8,exact,100,100,0,0,84139200 -- De elevadores de líquidos 100%,03_anexo_chile_sa_2017.pdf
CHL,expanded_2017,HS2017,1390,84141000,84141000,841410,national8,exact,100,100,0,0,84141000 - Bombas de vacío 100%,03_anexo_chile_sa_2017.pdf
CHL,expanded_2017,HS2017,1391,84142000,84142000,841420,national8,exact,100,100,0,0,"84142000 - Bombas de aire, de mano o pedal 100%",03_anexo_chile_sa_2017.pdf
CHL,expanded_2017,HS2017,1392,84144090,84144090,841440,national8,exact,100,100,0,0,84144090 -- Los demás 100%,03_anexo_chile_sa_2017.pdf
CHL,expanded_2017,HS2017,1393,84145900,84145900,841459,national8,exact,100,100,0,0,84145900 -- Los demás 100%,03_anexo_chile_sa_2017.pdf
CHL,expanded_2017,HS2017,1394,84148010,84148010,841480,national8,exact,100,100,0,0,84148010 -- Turbocargadores y 100% supercargadores para vehículos automotores,03_anexo_chile_sa_2017.pdf
CHL,expanded_2017,HS2017,1395,84148090,84148090,841480,national8,exact,100,100,0,0,84148090 -- Los demás 100%,03_anexo_chile_sa_2017.pdf
CHL,expanded_2017,HS2017,1396,84149000,84149000,841490,national8,exact,100,100,0,0,84149000 - Partes 100%,03_anexo_chile_sa_2017.pdf
CHL,expanded_2017,HS2017,1397,84151011,84151011,841510,national8,exact,100,100,0,0,84151011 --- De capacidad de enfriamiento 100% inferior o igual a 12.000 BTU/h,03_anexo_chile_sa_2017.pdf
CHL,expanded_2017,HS2017,1398,84151012,84151012,841510,national8,exact,100,100,0,0,84151012 --- De capacidad de enfriamiento 100% superior a 12.000 BTU/h pero inferior o,03_anexo_chile_sa_2017.pdf
CHL,expanded_2017,HS2017,1399,84151013,84151013,841510,national8,exact,100,100,0,0,84151013 --- De capacidad de enfriamiento 100% superior a 18.000 BTU/h pero inferior o,03_anexo_chile_sa_2017.pdf
CHL,expanded_2017,HS2017,1400,84151014,84151014,841510,national8,exact,100,100,0,0,84151014 --- De capacidad de enfriamiento 100% superior a 24.000 BTU/h pero inferior o,03_anexo_chile_sa_2017.pdf
CHL,expanded_2017,HS2017,1401,84151015,84151015,841510,national8,exact,100,100,0,0,84151015 --- De capacidad de enfriamiento 100% superior a 36.000 BTU/h pero inferior o,03_anexo_chile_sa_2017.pdf
CHL,expanded_2017,HS2017,1402,84151016,84151016,841510,national8,exact,100,100,0,0,84151016 --- De capacidad de enfriamiento 100% superior a 48.000 BTU/h,03_anexo_chile_sa_2017.pdf
CHL,expanded_2017,HS2017,1403,84151021,84151021,841510,national8,exact,100,100,0,0,84151021 --- De capacidad de enfriamiento 100% inferior o igual a 12.000 BTU/h,03_anexo_chile_sa_2017.pdf
CHL,expanded_2017,HS2017,1404,84151022,84151022,841510,national8,exact,100,100,0,0,84151022 --- De capacidad de enfriamiento 100% superior a 12.000 BTU/h pero inferior o,03_anexo_chile_sa_2017.pdf
CHL,expanded_2017,HS2017,1405,84151023,84151023,841510,national8,exact,100,100,0,0,84151023 --- De capacidad de enfriamiento 100% superior a 18.000 BTU/h pero inferior o,03_anexo_chile_sa_2017.pdf
CHL,expanded_2017,HS2017,1406,84151024,84151024,841510,national8,exact,100,100,0,0,84151024 --- De capacidad de enfriamiento 100% superior a 24.000 BTU/h pero inferior o,03_anexo_chile_sa_2017.pdf
CHL,expanded_2017,HS2017,1407,84151025,84151025,841510,national8,exact,100,100,0,0,84151025 --- De capacidad de enfriamiento 100% superior a 36.000 BTU/h pero inferior o,03_anexo_chile_sa_2017.pdf
CHL,expanded_2017,HS2017,1408,84151026,84151026,841510,national8,exact,100,100,0,0,84151026 --- De capacidad de enfriamiento 100% superior a 48.000 BTU/h,03_anexo_chile_sa_2017.pdf
CHL,expanded_2017,HS2017,1409,84158210,84158210,841582,national8,exact,80,80,0,0,84158210 --- De los tipos autocontenidos con 80% distribución de aire mediante ductos,03_anexo_chile_sa_2017.pdf
CHL,expanded_2017,HS2017,1410,84158290,84158290,841582,national8,exact,80,80,0,0,84158290 --- Los demás 80%,03_anexo_chile_sa_2017.pdf
CHL,expanded_2017,HS2017,1411,84159000,84159000,841590,national8,exact,80,80,0,0,84159000 - Partes 80%,03_anexo_chile_sa_2017.pdf
CHL,expanded_2017,HS2017,1412,84171000,84171000,841710,national8,exact,100,100,0,0,"84171000 - Hornos para tostación, fusión u 100% otros tratamientos térmicos",03_anexo_chile_sa_2017.pdf
CHL,expanded_2017,HS2017,1413,84179000,84179000,841790,national8,exact,100,100,0,0,84179000 - Partes 100%,03_anexo_chile_sa_2017.pdf
CHL,expanded_2017,HS2017,1414,84193220,84193220,841932,national8,exact,100,100,0,0,"84193220 --- Para pasta para papel, papel o 100% cartón",03_anexo_chile_sa_2017.pdf
CHL,expanded_2017,HS2017,1415,84193900,84193900,841939,national8,exact,100,100,0,0,84193900 -- Los demás 100%,03_anexo_chile_sa_2017.pdf
CHL,expanded_2017,HS2017,1416,84194000,84194000,841940,national8,exact,80,80,0,0,84194000 - Aparatos de destilación o 80% rectificación,03_anexo_chile_sa_2017.pdf
CHL,expanded_2017,HS2017,1417,84195000,84195000,841950,national8,exact,100,100,0,0,84195000 - Intercambiadores de calor 100%,03_anexo_chile_sa_2017.pdf
CHL,expanded_2017,HS2017,1418,84198910,84198910,841989,national8,exact,100,100,0,0,84198910 --- Autoclaves 100%,03_anexo_chile_sa_2017.pdf
CHL,expanded_2017,HS2017,1419,84198990,84198990,841989,national8,exact,100,100,0,0,84198990 --- Los demás 100%,03_anexo_chile_sa_2017.pdf
CHL,expanded_2017,HS2017,1420,84199000,84199000,841990,national8,exact,100,100,0,0,84199000 - Partes 100%,03_anexo_chile_sa_2017.pdf
CHL,expanded_2017,HS2017,1421,84211900,84211900,842119,national8,exact,100,100,0,0,84211900 -- Las demás 100%,03_anexo_chile_sa_2017.pdf
CHL,expanded_2017,HS2017,1422,84212100,84212100,842121,national8,exact,100,100,0,0,84212100 -- Para filtrar o depurar agua 100%,03_anexo_chile_sa_2017.pdf
CHL,expanded_2017,HS2017,1423,84212300,84212300,842123,national8,exact,100,100,0,0,84212300 -- Para filtrar lubricantes o 100% carburantes en los motores de,03_anexo_chile_sa_2017.pdf
CHL,expanded_2017,HS2017,1424,84212900,84212900,842129,national8,exact,100,100,0,0,84212900 -- Los demás 100%,03_anexo_chile_sa_2017.pdf
CHL,expanded_2017,HS2017,1425,84213110,84213110,842131,national8,exact,100,100,0,0,84213110 --- Filtros de aire para motores para 100% vehículos,03_anexo_chile_sa_2017.pdf
CHL,expanded_2017,HS2017,1426,84213990,84213990,842139,national8,exact,100,100,0,0,84213990 --- Los demás 100%,03_anexo_chile_sa_2017.pdf
CHL,expanded_2017,HS2017,1427,84219100,84219100,842191,national8,exact,80,80,0,0,"84219100 -- De centrifugadoras, incluidas las de 80% secadoras centrífugas",03_anexo_chile_sa_2017.pdf
CHL,expanded_2017,HS2017,1428,84219900,84219900,842199,national8,exact,100,100,0,0,84219900 -- Las demás 100%,03_anexo_chile_sa_2017.pdf
CHL,expanded_2017,HS2017,1429,84223090,84223090,842230,national8,exact,100,100,0,0,84223090 -- Los demás 100%,03_anexo_chile_sa_2017.pdf
CHL,expanded_2017,HS2017,1430,84224000,84224000,842240,national8,exact,100,100,0,0,84224000 - Las demás máquinas y aparatos 100% para empaquetar o envolver,03_anexo_chile_sa_2017.pdf
CHL,expanded_2017,HS2017,1431,84229000,84229000,842290,national8,exact,100,100,0,0,84229000 - Partes 100%,03_anexo_chile_sa_2017.pdf
CHL,expanded_2017,HS2017,1432,84248900,84248900,842489,national8,exact,80,80,0,0,84248900 -- Los demás 80%,03_anexo_chile_sa_2017.pdf
CHL,expanded_2017,HS2017,1433,84249000,84249000,842490,national8,exact,100,100,0,0,84249000 - Partes 100%,03_anexo_chile_sa_2017.pdf
CHL,expanded_2017,HS2017,1434,84279000,84279000,842790,national8,exact,80,80,0,0,84279000 - Las demás carretillas 80%,03_anexo_chile_sa_2017.pdf
CHL,expanded_2017,HS2017,1435,84291110,84291110,842911,national8,exact,80,80,0,0,84291110 --- Topadoras frontales (buldóceres) 80%,03_anexo_chile_sa_2017.pdf
CHL,expanded_2017,HS2017,1436,84292010,84292010,842920,national8,exact,80,80,0,0,84292010 -- Motoniveladoras 80%,03_anexo_chile_sa_2017.pdf
CHL,expanded_2017,HS2017,1437,84295110,84295110,842951,national8,exact,60,60,0,0,84295110 --- Cargadores frontales 60%,03_anexo_chile_sa_2017.pdf
CHL,expanded_2017,HS2017,1438,84295210,84295210,842952,national8,exact,80,80,0,0,84295210 --- Excavadoras 80%,03_anexo_chile_sa_2017.pdf
CHL,expanded_2017,HS2017,1439,84295290,84295290,842952,national8,exact,80,80,0,0,84295290 --- Las demás 80%,03_anexo_chile_sa_2017.pdf
CHL,expanded_2017,HS2017,1440,84303100,84303100,843031,national8,exact,100,100,0,0,84303100 -- Autopropulsadas 100%,03_anexo_chile_sa_2017.pdf
CHL,expanded_2017,HS2017,1441,84304110,84304110,843041,national8,exact,100,100,0,0,84304110 --- De orugas 100%,03_anexo_chile_sa_2017.pdf
CHL,expanded_2017,HS2017,1442,84304190,84304190,843041,national8,exact,100,100,0,0,84304190 --- Las demás 100%,03_anexo_chile_sa_2017.pdf
CHL,expanded_2017,HS2017,1443,84304910,84304910,843049,national8,exact,100,100,0,0,84304910 --- Estacionarias 100%,03_anexo_chile_sa_2017.pdf
CHL,expanded_2017,HS2017,1444,84304990,84304990,843049,national8,exact,80,80,0,0,84304990 --- Las demás 80%,03_anexo_chile_sa_2017.pdf
CHL,expanded_2017,HS2017,1445,84312000,84312000,843120,national8,exact,80,80,0,0,84312000 - De máquinas o aparatos de la 80% partida 84.27,03_anexo_chile_sa_2017.pdf
CHL,expanded_2017,HS2017,1446,84313910,84313910,843139,national8,exact,100,100,0,0,"84313910 --- De aparatos elevadores o 100% transportadores de acción continua,",03_anexo_chile_sa_2017.pdf
CHL,expanded_2017,HS2017,1447,84314310,84314310,843143,national8,exact,80,80,0,0,84314310 --- Para trenes de perforación o de 80% sondeo,03_anexo_chile_sa_2017.pdf
CHL,expanded_2017,HS2017,1448,84314320,84314320,843143,national8,exact,100,100,0,0,84314320 --- Para unidad de perforación o de 100% sondeo,03_anexo_chile_sa_2017.pdf
CHL,expanded_2017,HS2017,1449,84314390,84314390,843143,national8,exact,30,30,0,0,84314390 --- Las demás 30%,03_anexo_chile_sa_2017.pdf
CHL,expanded_2017,HS2017,1450,84314990,84314990,843149,national8,exact,30,30,0,0,84314990 --- Las demás 30%,03_anexo_chile_sa_2017.pdf
CHL,expanded_2017,HS2017,1451,84329000,84329000,843290,national8,exact,80,80,0,0,84329000 - Partes 80%,03_anexo_chile_sa_2017.pdf
CHL,expanded_2017,HS2017,1452,84339000,84339000,843390,national8,exact,100,100,0,0,84339000 - Partes 100%,03_anexo_chile_sa_2017.pdf
CHL,expanded_2017,HS2017,1453,84379000,84379000,843790,national8,exact,80,80,0,0,84379000 - Partes 80%,03_anexo_chile_sa_2017.pdf
CHL,expanded_2017,HS2017,1454,84382000,84382000,843820,national8,exact,100,100,0,0,"84382000 - Máquinas y aparatos para 100% confitería, elaboración de cacao o",03_anexo_chile_sa_2017.pdf
CHL,expanded_2017,HS2017,1455,84389000,84389000,843890,national8,exact,100,100,0,0,84389000 - Partes 100%,03_anexo_chile_sa_2017.pdf
CHL,expanded_2017,HS2017,1456,84399100,84399100,843991,national8,exact,100,100,0,0,84399100 -- De máquinas o aparatos para la 100% fabricación de pasta de,03_anexo_chile_sa_2017.pdf
CHL,expanded_2017,HS2017,1457,84399900,84399900,843999,national8,exact,80,80,0,0,84399900 -- Las demás 80%,03_anexo_chile_sa_2017.pdf
CHL,expanded_2017,HS2017,1458,84419000,84419000,844190,national8,exact,80,80,0,0,84419000 - Partes 80%,03_anexo_chile_sa_2017.pdf
CHL,expanded_2017,HS2017,1459,84423000,84423000,844230,national8,exact,100,100,0,0,"84423000 - Máquinas, aparatos y material 100%",03_anexo_chile_sa_2017.pdf
CHL,expanded_2017,HS2017,1460,84424000,84424000,844240,national8,exact,100,100,0,0,"84424000 - Partes de estas máquinas, aparatos 100% o material",03_anexo_chile_sa_2017.pdf
CHL,expanded_2017,HS2017,1461,84439990,84439990,844399,national8,exact,100,100,0,0,84439990 --- Los demás 100%,03_anexo_chile_sa_2017.pdf
CHL,expanded_2017,HS2017,1462,84454000,84454000,844540,national8,exact,80,80,0,0,84454000 - Máquinas para bobinar (incluidas 80% las canilleras) o devanar materia textil,03_anexo_chile_sa_2017.pdf
CHL,expanded_2017,HS2017,1463,84462100,84462100,844621,national8,exact,100,100,0,0,84462100 -- De motor 100%,03_anexo_chile_sa_2017.pdf
CHL,expanded_2017,HS2017,1464,84462900,84462900,844629,national8,exact,100,100,0,0,84462900 -- Los demás 100%,03_anexo_chile_sa_2017.pdf
CHL,expanded_2017,HS2017,1465,84471100,84471100,844711,national8,exact,80,80,0,0,84471100 -- Con cilindro de diámetro inferior o 80% igual a 165 mm,03_anexo_chile_sa_2017.pdf
CHL,expanded_2017,HS2017,1466,84483200,84483200,844832,national8,exact,100,100,0,0,"84483200 -- De máquinas para la preparación 100% de materia textil, excepto",03_anexo_chile_sa_2017.pdf
CHL,expanded_2017,HS2017,1467,84483900,84483900,844839,national8,exact,100,100,0,0,84483900 -- Los demás 100%,03_anexo_chile_sa_2017.pdf
CHL,expanded_2017,HS2017,1468,84484200,84484200,844842,national8,exact,100,100,0,0,"84484200 -- Peines, lizos y cuadros de lizos 100%",03_anexo_chile_sa_2017.pdf
CHL,expanded_2017,HS2017,1469,84484900,84484900,844849,national8,exact,100,100,0,0,84484900 -- Los demás 100%,03_anexo_chile_sa_2017.pdf
CHL,expanded_2017,HS2017,1470,84485100,84485100,844851,national8,exact,100,100,0,0,"84485100 -- Platinas, agujas y demás artículos 100% que participen en la formación de mallas",03_anexo_chile_sa_2017.pdf
CHL,expanded_2017,HS2017,1471,84485900,84485900,844859,national8,exact,100,100,0,0,84485900 -- Los demás 100%,03_anexo_chile_sa_2017.pdf
CHL,expanded_2017,HS2017,1472,84512910,84512910,845129,national8,exact,100,100,0,0,84512910 --- Eléctricas 100%,03_anexo_chile_sa_2017.pdf
CHL,expanded_2017,HS2017,1473,84512920,84512920,845129,national8,exact,100,100,0,0,84512920 --- A gas 100%,03_anexo_chile_sa_2017.pdf
CHL,expanded_2017,HS2017,1474,84512990,84512990,845129,national8,exact,100,100,0,0,84512990 --- Las demás 100%,03_anexo_chile_sa_2017.pdf
CHL,expanded_2017,HS2017,1475,84519000,84519000,845190,national8,exact,100,100,0,0,84519000 - Partes 100%,03_anexo_chile_sa_2017.pdf
CHL,expanded_2017,HS2017,1476,84521000,84521000,845210,national8,exact,80,80,0,0,84521000 - Máquinas de coser domésticas 80%,03_anexo_chile_sa_2017.pdf
CHL,expanded_2017,HS2017,1477,84522100,84522100,845221,national8,exact,80,80,0,0,84522100 -- Unidades automáticas 80%,03_anexo_chile_sa_2017.pdf
CHL,expanded_2017,HS2017,1478,84522900,84522900,845229,national8,exact,80,80,0,0,84522900 -- Las demás 80%,03_anexo_chile_sa_2017.pdf
CHL,expanded_2017,HS2017,1479,84523000,84523000,845230,national8,exact,80,80,0,0,84523000 - Agujas para máquinas de coser 80%,03_anexo_chile_sa_2017.pdf
CHL,expanded_2017,HS2017,1480,84529000,84529000,845290,national8,exact,80,80,0,0,"84529000 - Muebles, basamentos y tapas o 80% cubiertas para máquinas de",03_anexo_chile_sa_2017.pdf
CHL,expanded_2017,HS2017,1481,84549000,84549000,845490,national8,exact,80,80,0,0,84549000 - Partes 80%,03_anexo_chile_sa_2017.pdf
CHL,expanded_2017,HS2017,1482,84564000,84564000,845640,national8,pending_concordance,100,100,0,1,84564000 - Que operen mediante chorro de 100% plasma,03_anexo_chile_sa_2017.pdf
CHL,expanded_2017,HS2017,1483,84565000,84565000,845650,national8,pending_concordance,100,100,0,1,84565000 - Máquinas para cortar por chorro de 100% agua,03_anexo_chile_sa_2017.pdf
CHL,expanded_2017,HS2017,1484,84569000,84569000,845690,national8,exact,100,100,0,0,84569000 - Las demás 100%,03_anexo_chile_sa_2017.pdf
CHL,expanded_2017,HS2017,1485,84601900,84601900,846019,national8,exact,0,100,1,0,"84601900 -- Las demás 0%: En las que la posición de la pieza pueda regularse en uno de los ejes con una precisión superior o igual a 0,01 mm 100%: Las",03_anexo_chile_sa_2017.pdf
CHL,expanded_2017,HS2017,1486,84602900,84602900,846029,national8,exact,0,100,1,0,"84602900 -- Las demás 0%: En las que la posición de la pieza pueda regularse en uno de los ejes con una precisión superior o igual a 0,01 mm 100%: Las",03_anexo_chile_sa_2017.pdf
CHL,expanded_2017,HS2017,1487,84609099,84609099,846090,national8,exact,100,100,0,0,84609099 --- Las demás 100%,03_anexo_chile_sa_2017.pdf
CHL,expanded_2017,HS2017,1488,84631000,84631000,846310,national8,exact,100,100,0,0,"84631000 - Bancos de estirar barras, tubos, 100% perfiles, alambres o",03_anexo_chile_sa_2017.pdf
CHL,expanded_2017,HS2017,1489,84639090,84639090,846390,national8,exact,100,100,0,0,84639090 -- Las demás 100%,03_anexo_chile_sa_2017.pdf
CHL,expanded_2017,HS2017,1490,84661000,84661000,846610,national8,exact,80,80,0,0,84661000 - Portaútiles y dispositivos de roscar 80% de apertura automática,03_anexo_chile_sa_2017.pdf
CHL,expanded_2017,HS2017,1491,84669300,84669300,846693,national8,exact,100,100,0,0,84669300 -- Para máquinas de las partidas 100% 84.56 a 84.61,03_anexo_chile_sa_2017.pdf
CHL,expanded_2017,HS2017,1492,84671110,84671110,846711,national8,exact,100,100,0,0,"84671110 --- Taladradoras, perforadoras y 100% similares",03_anexo_chile_sa_2017.pdf
CHL,expanded_2017,HS2017,1493,84671190,84671190,846711,national8,exact,80,80,0,0,84671190 --- Las demás 80%,03_anexo_chile_sa_2017.pdf
CHL,expanded_2017,HS2017,1494,84679200,84679200,846792,national8,exact,80,80,0,0,84679200 -- De herramientas neumáticas 80%,03_anexo_chile_sa_2017.pdf
CHL,expanded_2017,HS2017,1495,84679900,84679900,846799,national8,exact,80,80,0,0,84679900 -- Las demás 80%,03_anexo_chile_sa_2017.pdf
CHL,expanded_2017,HS2017,1496,84689000,84689000,846890,national8,exact,80,80,0,0,84689000 - Partes 80%,03_anexo_chile_sa_2017.pdf
CHL,expanded_2017,HS2017,1497,84714190,84714190,847141,national8,exact,100,100,0,0,84714190 --- Las demás 100%,03_anexo_chile_sa_2017.pdf
CHL,expanded_2017,HS2017,1498,84715000,84715000,847150,national8,exact,100,100,0,0,"84715000 - Unidades de proceso, excepto las 100% de las subpartidas 8471.41",03_anexo_chile_sa_2017.pdf
CHL,expanded_2017,HS2017,1499,84716010,84716010,847160,national8,exact,100,100,0,0,84716010 -- Unidades combinadas de entrada o 100% de salida,03_anexo_chile_sa_2017.pdf
CHL,expanded_2017,HS2017,1500,84716090,84716090,847160,national8,exact,80,80,0,0,84716090 -- Las demás 80%,03_anexo_chile_sa_2017.pdf
CHL,expanded_2017,HS2017,1501,84717012,84717012,847170,national8,exact,80,80,0,0,84717012 --- Grabador y grabador-reproductor 80% de discos de vídeos digitales,03_anexo_chile_sa_2017.pdf
CHL,expanded_2017,HS2017,1502,84718010,84718010,847180,national8,exact,100,100,0,0,84718010 -- Unidades de control o adaptadores 100%,03_anexo_chile_sa_2017.pdf
CHL,expanded_2017,HS2017,1503,84718090,84718090,847180,national8,exact,100,100,0,0,84718090 -- Las demás 100%,03_anexo_chile_sa_2017.pdf
CHL,expanded_2017,HS2017,1504,84719090,84719090,847190,national8,exact,80,80,0,0,84719090 -- Los demás 80%,03_anexo_chile_sa_2017.pdf
CHL,expanded_2017,HS2017,1505,84729010,84729010,847290,national8,exact,100,100,0,0,84729010 -- Distribuidores automáticos de 100% billetes de banco y demás,03_anexo_chile_sa_2017.pdf
CHL,expanded_2017,HS2017,1506,84729090,84729090,847290,national8,exact,0,100,1,0,"84729090 -- Los demás 0%: Máquinas de escribir, excepto las impresoras de la partida 84.43; máquinas para tratamiento o procesamiento de textos 100%: ",03_anexo_chile_sa_2017.pdf
CHL,expanded_2017,HS2017,1507,84732900,84732900,847329,national8,exact,100,100,0,0,84732900 -- Los demás 100%,03_anexo_chile_sa_2017.pdf
CHL,expanded_2017,HS2017,1508,84733000,84733000,847330,national8,exact,100,100,0,0,84733000 - Partes y accesorios de máquinas de 100% la partida 84.71,03_anexo_chile_sa_2017.pdf
CHL,expanded_2017,HS2017,1509,84734000,84734000,847340,national8,exact,0,80,1,0,84734000 - Partes y accesorios de máquinas de 0%: Partes y accesorios la partida 84.72 de máquinas de escribir (excepto las impresoras de la partida 8,03_anexo_chile_sa_2017.pdf
CHL,expanded_2017,HS2017,1510,84742000,84742000,847420,national8,exact,100,100,0,0,"84742000 - Máquinas y aparatos de quebrantar, 100% triturar o pulverizar",03_anexo_chile_sa_2017.pdf
CHL,expanded_2017,HS2017,1511,84748000,84748000,847480,national8,exact,80,80,0,0,84748000 - Las demás máquinas y aparatos 80%,03_anexo_chile_sa_2017.pdf
CHL,expanded_2017,HS2017,1512,84749010,84749010,847490,national8,exact,30,30,0,0,"84749010 -- Coladas o moldeadas, de 30% fundición, hierro o acero",03_anexo_chile_sa_2017.pdf
CHL,expanded_2017,HS2017,1513,84749090,84749090,847490,national8,exact,30,30,0,0,84749090 -- Las demás 30%,03_anexo_chile_sa_2017.pdf
CHL,expanded_2017,HS2017,1514,84771000,84771000,847710,national8,exact,80,80,0,0,84771000 - Máquinas de moldear por inyección 80%,03_anexo_chile_sa_2017.pdf
CHL,expanded_2017,HS2017,1515,84778000,84778000,847780,national8,exact,100,100,0,0,84778000 - Las demás máquinas y aparatos 100%,03_anexo_chile_sa_2017.pdf
CHL,expanded_2017,HS2017,1516,84779000,84779000,847790,national8,exact,100,100,0,0,84779000 - Partes 100%,03_anexo_chile_sa_2017.pdf
CHL,expanded_2017,HS2017,1517,84794000,84794000,847940,national8,exact,100,100,0,0,84794000 - Máquinas de cordelería o cablería 100%,03_anexo_chile_sa_2017.pdf
CHL,expanded_2017,HS2017,1518,84797100,84797100,847971,national8,exact,100,100,0,0,84797100 -- De los tipos utilizados en 100% aeropuertos,03_anexo_chile_sa_2017.pdf
CHL,expanded_2017,HS2017,1519,84797900,84797900,847979,national8,exact,100,100,0,0,84797900 -- Las demás 100%,03_anexo_chile_sa_2017.pdf
CHL,expanded_2017,HS2017,1520,84798200,84798200,847982,national8,exact,80,80,0,0,"84798200 -- Para mezclar, amasar o sobar, 80% quebrantar, triturar,",03_anexo_chile_sa_2017.pdf
CHL,expanded_2017,HS2017,1521,84798910,84798910,847989,national8,exact,80,80,0,0,84798910 --- Para la industria química y 80% farmaceútica,03_anexo_chile_sa_2017.pdf
CHL,expanded_2017,HS2017,1522,84798990,84798990,847989,national8,exact,100,100,0,0,84798990 --- Las demás 100%,03_anexo_chile_sa_2017.pdf
CHL,expanded_2017,HS2017,1523,84799000,84799000,847990,national8,exact,80,80,0,0,84799000 - Partes 80%,03_anexo_chile_sa_2017.pdf
CHL,expanded_2017,HS2017,1524,84807100,84807100,848071,national8,exact,80,80,0,0,84807100 -- Para moldeo por inyección o 80% compresión,03_anexo_chile_sa_2017.pdf
CHL,expanded_2017,HS2017,1525,84811000,84811000,848110,national8,exact,30,30,0,0,84811000 - Válvulas reductoras de presión 30%,03_anexo_chile_sa_2017.pdf
CHL,expanded_2017,HS2017,1526,84812010,84812010,848120,national8,exact,80,80,0,0,84812010 -- Válvulas para transmisiones 80% oleohidráulicas,03_anexo_chile_sa_2017.pdf
CHL,expanded_2017,HS2017,1527,84812020,84812020,848120,national8,exact,100,100,0,0,84812020 -- Válvulas para transmisiones 100% neumáticas,03_anexo_chile_sa_2017.pdf
CHL,expanded_2017,HS2017,1528,84813010,84813010,848130,national8,exact,100,100,0,0,84813010 -- Para uso automotriz 100%,03_anexo_chile_sa_2017.pdf
CHL,expanded_2017,HS2017,1529,84813090,84813090,848130,national8,exact,60,60,0,0,84813090 -- Las demás 60%,03_anexo_chile_sa_2017.pdf
CHL,expanded_2017,HS2017,1530,84814000,84814000,848140,national8,exact,60,60,0,0,84814000 - Válvulas de alivio o seguridad 60%,03_anexo_chile_sa_2017.pdf
CHL,expanded_2017,HS2017,1531,84818091,84818091,848180,national8,exact,100,100,0,0,84818091 --- Para uso automotriz 100%,03_anexo_chile_sa_2017.pdf
CHL,expanded_2017,HS2017,1532,84819000,84819000,848190,national8,exact,30,30,0,0,84819000 - Partes 30%,03_anexo_chile_sa_2017.pdf
CHL,expanded_2017,HS2017,1533,84821010,84821010,848210,national8,exact,80,80,0,0,84821010 -- Radiales 80%,03_anexo_chile_sa_2017.pdf
CHL,expanded_2017,HS2017,1534,84821090,84821090,848210,national8,exact,80,80,0,0,84821090 -- Los demás 80%,03_anexo_chile_sa_2017.pdf
CHL,expanded_2017,HS2017,1535,84822000,84822000,848220,national8,exact,80,80,0,0,"84822000 - Rodamientos de rodillos cónicos, 80% incluidos los ensamblados",03_anexo_chile_sa_2017.pdf
CHL,expanded_2017,HS2017,1536,84823000,84823000,848230,national8,exact,80,80,0,0,84823000 - Rodamientos de rodillos en forma 80% de tonel,03_anexo_chile_sa_2017.pdf
CHL,expanded_2017,HS2017,1537,84824000,84824000,848240,national8,exact,80,80,0,0,84824000 - Rodamientos de agujas 80%,03_anexo_chile_sa_2017.pdf
CHL,expanded_2017,HS2017,1538,84825000,84825000,848250,national8,exact,80,80,0,0,84825000 - Rodamientos de rodillos cilíndricos 80%,03_anexo_chile_sa_2017.pdf
CHL,expanded_2017,HS2017,1539,84828000,84828000,848280,national8,exact,80,80,0,0,"84828000 - Los demás, incluidos los 80% rodamientos combinados",03_anexo_chile_sa_2017.pdf
CHL,expanded_2017,HS2017,1540,84829100,84829100,848291,national8,exact,80,80,0,0,"84829100 -- Bolas, rodillos y agujas 80%",03_anexo_chile_sa_2017.pdf
CHL,expanded_2017,HS2017,1541,84829900,84829900,848299,national8,exact,80,80,0,0,84829900 -- Las demás 80%,03_anexo_chile_sa_2017.pdf
CHL,expanded_2017,HS2017,1542,84831010,84831010,848310,national8,exact,80,80,0,0,84831010 -- Árboles de levas 80%,03_anexo_chile_sa_2017.pdf
CHL,expanded_2017,HS2017,1543,84831020,84831020,848310,national8,exact,80,80,0,0,84831020 -- Cigüeñales 80%,03_anexo_chile_sa_2017.pdf
CHL,expanded_2017,HS2017,1544,84831090,84831090,848310,national8,exact,60,60,0,0,84831090 -- Los demás 60%,03_anexo_chile_sa_2017.pdf
CHL,expanded_2017,HS2017,1545,84833010,84833010,848330,national8,exact,80,80,0,0,84833010 -- Cojinetes 80%,03_anexo_chile_sa_2017.pdf
CHL,expanded_2017,HS2017,1546,84833020,84833020,848330,national8,exact,80,80,0,0,84833020 -- Bujes 80%,03_anexo_chile_sa_2017.pdf
CHL,expanded_2017,HS2017,1547,84833090,84833090,848330,national8,exact,100,100,0,0,84833090 -- Los demás 100%,03_anexo_chile_sa_2017.pdf
CHL,expanded_2017,HS2017,1548,84834011,84834011,848340,national8,exact,60,60,0,0,84834011 --- Engranajes 60%,03_anexo_chile_sa_2017.pdf
CHL,expanded_2017,HS2017,1549,84834022,84834022,848340,national8,exact,80,80,0,0,84834022 --- Reductores 80%,03_anexo_chile_sa_2017.pdf
CHL,expanded_2017,HS2017,1550,84835000,84835000,848350,national8,exact,80,80,0,0,"84835000 - Volantes y poleas, incluidos los 80% motones",03_anexo_chile_sa_2017.pdf
CHL,expanded_2017,HS2017,1551,84836000,84836000,848360,national8,exact,80,80,0,0,"84836000 - Embragues y órganos de 80% acoplamiento, incluidas las juntas de articulación",03_anexo_chile_sa_2017.pdf
CHL,expanded_2017,HS2017,1552,84839000,84839000,848390,national8,exact,60,60,0,0,84839000 - Ruedas dentadas y demás órganos 60% elementales de transmisión presentados,03_anexo_chile_sa_2017.pdf
CHL,expanded_2017,HS2017,1553,84841000,84841000,848410,national8,exact,80,80,0,0,84841000 - Juntas metaloplásticas 80%,03_anexo_chile_sa_2017.pdf
CHL,expanded_2017,HS2017,1554,84842000,84842000,848420,national8,exact,80,80,0,0,84842000 - Juntas mecánicas de estanqueidad 80%,03_anexo_chile_sa_2017.pdf
CHL,expanded_2017,HS2017,1555,84849000,84849000,848490,national8,exact,80,80,0,0,84849000 - Los demás 80%,03_anexo_chile_sa_2017.pdf
CHL,expanded_2017,HS2017,1556,84861000,84861000,848610,national8,exact,80,80,0,0,84861000 - Máquinas y aparatos para la 80% fabricación de semiconductores,03_anexo_chile_sa_2017.pdf
CHL,expanded_2017,HS2017,1557,84862000,84862000,848620,national8,exact,80,80,0,0,84862000 - Máquinas y aparatos para la 80% fabricación de dispositivos,03_anexo_chile_sa_2017.pdf
CHL,expanded_2017,HS2017,1558,84863000,84863000,848630,national8,exact,80,80,0,0,84863000 - Máquinas y aparatos para la 80% fabricación de dispositivos de,03_anexo_chile_sa_2017.pdf
CHL,expanded_2017,HS2017,1559,84869000,84869000,848690,national8,exact,100,100,0,0,84869000 - Partes y accesorios 100%,03_anexo_chile_sa_2017.pdf
CHL,expanded_2017,HS2017,1560,84871000,84871000,848710,national8,exact,80,80,0,0,84871000 - Hélices para barcos y sus paletas 80%,03_anexo_chile_sa_2017.pdf
CHL,expanded_2017,HS2017,1561,84879010,84879010,848790,national8,exact,80,80,0,0,84879010 -- Aros de obturación (retenes) 80%,03_anexo_chile_sa_2017.pdf
CHL,expanded_2017,HS2017,1562,84879090,84879090,848790,national8,exact,80,80,0,0,84879090 -- Los demás 80%,03_anexo_chile_sa_2017.pdf
CHL,expanded_2017,HS2017,1563,85011000,85011000,850110,national8,exact,80,80,0,0,"85011000 - Motores de potencia inferior o igual 80% a 37,5 W",03_anexo_chile_sa_2017.pdf
CHL,expanded_2017,HS2017,1564,85012000,85012000,850120,national8,exact,100,100,0,0,"85012000 - Motores universales de potencia 100% superior a 37,5 W",03_anexo_chile_sa_2017.pdf
CHL,expanded_2017,HS2017,1565,85015100,85015100,850151,national8,exact,100,100,0,0,85015100 -- De potencia inferior o igual a 750 100% W,03_anexo_chile_sa_2017.pdf
CHL,expanded_2017,HS2017,1566,85015210,85015210,850152,national8,exact,100,100,0,0,"85015210 --- De potencia superior a 750 W pero 100% inferior o igual a 7,5 kW",03_anexo_chile_sa_2017.pdf
CHL,expanded_2017,HS2017,1567,85015220,85015220,850152,national8,exact,100,100,0,0,"85015220 --- De potencia superior a 7,5 kW 100% pero inferior o igual a 37 kW",03_anexo_chile_sa_2017.pdf
CHL,expanded_2017,HS2017,1568,85015290,85015290,850152,national8,exact,100,100,0,0,85015290 --- Los demás 100%,03_anexo_chile_sa_2017.pdf
CHL,expanded_2017,HS2017,1569,85015391,85015391,850153,national8,exact,80,80,0,0,85015391 ---- De potencia superior a 75 kW 80% pero inferior o igual a 150 kW,03_anexo_chile_sa_2017.pdf
CHL,expanded_2017,HS2017,1570,85021110,85021110,850211,national8,exact,80,80,0,0,85021110 --- De potencia inferior o igual a 15 80% kVA,03_anexo_chile_sa_2017.pdf
CHL,expanded_2017,HS2017,1571,85021120,85021120,850211,national8,exact,80,80,0,0,"85021120 --- De potencia superior a 15 kVA 80% pero inferior o igual a 37,5 kVA",03_anexo_chile_sa_2017.pdf
CHL,expanded_2017,HS2017,1572,85021190,85021190,850211,national8,exact,80,80,0,0,85021190 --- Los demás 80%,03_anexo_chile_sa_2017.pdf
CHL,expanded_2017,HS2017,1573,85023930,85023930,850239,national8,exact,80,80,0,0,85023930 --- Accionados por turbinas de vapor 80%,03_anexo_chile_sa_2017.pdf
CHL,expanded_2017,HS2017,1574,85023990,85023990,850239,national8,exact,80,80,0,0,85023990 --- Los demás 80%,03_anexo_chile_sa_2017.pdf
CHL,expanded_2017,HS2017,1575,85030010,85030010,850300,national8,exact,80,80,0,0,85030010 - Estatores y rotores para los bienes 80% de la partida 85.01,03_anexo_chile_sa_2017.pdf
CHL,expanded_2017,HS2017,1576,85030090,85030090,850300,national8,exact,80,80,0,0,85030090 - Los demás 80%,03_anexo_chile_sa_2017.pdf
CHL,expanded_2017,HS2017,1577,85041000,85041000,850410,national8,exact,80,80,0,0,85041000 - Balastos (reactancias) para 80% lámparas o tubos de descarga,03_anexo_chile_sa_2017.pdf
CHL,expanded_2017,HS2017,1578,85042110,85042110,850421,national8,exact,100,100,0,0,85042110 --- De potencia inferior o igual a 15 100% kVA,03_anexo_chile_sa_2017.pdf
CHL,expanded_2017,HS2017,1579,85042120,85042120,850421,national8,exact,80,80,0,0,85042120 --- De potencia superior a 15 kVA 80% pero inferior o igual a 75 kVA,03_anexo_chile_sa_2017.pdf
CHL,expanded_2017,HS2017,1580,85042130,85042130,850421,national8,exact,80,80,0,0,85042130 --- De potencia superior a 75 kVA 80% pero inferior o igual a 150 kVA,03_anexo_chile_sa_2017.pdf
CHL,expanded_2017,HS2017,1581,85042140,85042140,850421,national8,exact,100,100,0,0,85042140 --- De potencia superior a 150 kVA 100% pero inferior o igual a 300 kVA,03_anexo_chile_sa_2017.pdf
CHL,expanded_2017,HS2017,1582,85042310,85042310,850423,national8,exact,80,80,0,0,85042310 --- De potencia superior a 10.000 kVA 80% pero inferior o igual a,03_anexo_chile_sa_2017.pdf
CHL,expanded_2017,HS2017,1583,85042320,85042320,850423,national8,exact,80,80,0,0,85042320 --- De potencia superior a 37.500 kVA 80% pero inferior o igual a,03_anexo_chile_sa_2017.pdf
CHL,expanded_2017,HS2017,1584,85042330,85042330,850423,national8,exact,80,80,0,0,85042330 --- De potencia superior a 75.000 kVA 80% pero inferior o igual a,03_anexo_chile_sa_2017.pdf
CHL,expanded_2017,HS2017,1585,85042390,85042390,850423,national8,exact,80,80,0,0,85042390 --- Los demás 80%,03_anexo_chile_sa_2017.pdf
CHL,expanded_2017,HS2017,1586,85043100,85043100,850431,national8,exact,80,80,0,0,85043100 -- De potencia inferior o igual a 1 kVA 80%,03_anexo_chile_sa_2017.pdf
CHL,expanded_2017,HS2017,1587,85043200,85043200,850432,national8,exact,80,80,0,0,85043200 -- De potencia superior a 1 kVA pero 80% inferior o igual a 16 kVA,03_anexo_chile_sa_2017.pdf
CHL,expanded_2017,HS2017,1588,85043300,85043300,850433,national8,exact,80,80,0,0,85043300 -- De potencia superior a 16 kVA pero 80% inferior o igual a 500 kVA,03_anexo_chile_sa_2017.pdf
CHL,expanded_2017,HS2017,1589,85043400,85043400,850434,national8,exact,80,80,0,0,85043400 -- De potencia superior a 500 kVA 80%,03_anexo_chile_sa_2017.pdf
CHL,expanded_2017,HS2017,1590,85044000,85044000,850440,national8,exact,80,80,0,0,85044000 - Convertidores estáticos 80%,03_anexo_chile_sa_2017.pdf
CHL,expanded_2017,HS2017,1591,85045000,85045000,850450,national8,exact,80,80,0,0,85045000 - Las demás bobinas de reactancia 80% (autoinducción),03_anexo_chile_sa_2017.pdf
CHL,expanded_2017,HS2017,1592,85049000,85049000,850490,national8,exact,80,80,0,0,85049000 - Partes 80%,03_anexo_chile_sa_2017.pdf
CHL,expanded_2017,HS2017,1593,85051100,85051100,850511,national8,exact,100,100,0,0,85051100 -- De metal 100%,03_anexo_chile_sa_2017.pdf
CHL,expanded_2017,HS2017,1594,85061010,85061010,850610,national8,exact,80,80,0,0,"85061010 -- Pilas secas de tensión nominal de 80% 1,5 volts",03_anexo_chile_sa_2017.pdf
CHL,expanded_2017,HS2017,1595,85063000,85063000,850630,national8,exact,80,80,0,0,85063000 - De óxido de mercurio 80%,03_anexo_chile_sa_2017.pdf
CHL,expanded_2017,HS2017,1596,85064010,85064010,850640,national8,exact,80,80,0,0,"85064010 -- Pilas secas de tensión nominal de 80% 1,5 volts",03_anexo_chile_sa_2017.pdf
CHL,expanded_2017,HS2017,1597,85065010,85065010,850650,national8,exact,80,80,0,0,"85065010 -- Pilas secas de tensión nominal de 80% 1,5 volts",03_anexo_chile_sa_2017.pdf
CHL,expanded_2017,HS2017,1598,85065090,85065090,850650,national8,exact,80,80,0,0,85065090 -- Las demás 80%,03_anexo_chile_sa_2017.pdf
CHL,expanded_2017,HS2017,1599,85066010,85066010,850660,national8,exact,80,80,0,0,"85066010 -- Pilas secas de tensión nominal de 80% 1,5 volts",03_anexo_chile_sa_2017.pdf
CHL,expanded_2017,HS2017,1600,85068010,85068010,850680,national8,exact,80,80,0,0,"85068010 -- Pilas secas de tensión nominal de 80% 1,5 volts",03_anexo_chile_sa_2017.pdf
CHL,expanded_2017,HS2017,1601,85068090,85068090,850680,national8,exact,80,80,0,0,85068090 -- Las demás 80%,03_anexo_chile_sa_2017.pdf
CHL,expanded_2017,HS2017,1602,85069000,85069000,850690,national8,exact,80,80,0,0,85069000 - Partes 80%,03_anexo_chile_sa_2017.pdf
CHL,expanded_2017,HS2017,1603,85071010,85071010,850710,national8,exact,60,60,0,0,85071010 -- Que funcionen con electrólito 60% líquido,03_anexo_chile_sa_2017.pdf
CHL,expanded_2017,HS2017,1604,85071090,85071090,850710,national8,exact,60,60,0,0,85071090 -- Los demás 60%,03_anexo_chile_sa_2017.pdf
CHL,expanded_2017,HS2017,1605,85072000,85072000,850720,national8,exact,80,80,0,0,85072000 - Los demás acumuladores de plomo 80%,03_anexo_chile_sa_2017.pdf
CHL,expanded_2017,HS2017,1606,85073000,85073000,850730,national8,exact,80,80,0,0,85073000 - De níquel-cadmio 80%,03_anexo_chile_sa_2017.pdf
CHL,expanded_2017,HS2017,1607,85074000,85074000,850740,national8,exact,80,80,0,0,85074000 - De níquel-hierro 80%,03_anexo_chile_sa_2017.pdf
CHL,expanded_2017,HS2017,1608,85075000,85075000,850750,national8,exact,80,80,0,0,85075000 - De níquel-hidruro metálico 80%,03_anexo_chile_sa_2017.pdf
CHL,expanded_2017,HS2017,1609,85076000,85076000,850760,national8,exact,80,80,0,0,85076000 - De iones de litio 80%,03_anexo_chile_sa_2017.pdf
CHL,expanded_2017,HS2017,1610,85078000,85078000,850780,national8,exact,80,80,0,0,85078000 - Los demás acumuladores 80%,03_anexo_chile_sa_2017.pdf
CHL,expanded_2017,HS2017,1611,85079000,85079000,850790,national8,exact,80,80,0,0,85079000 - Partes 80%,03_anexo_chile_sa_2017.pdf
CHL,expanded_2017,HS2017,1612,85111000,85111000,851110,national8,exact,100,100,0,0,85111000 - Bujías de encendido 100%,03_anexo_chile_sa_2017.pdf
CHL,expanded_2017,HS2017,1613,85113000,85113000,851130,national8,exact,100,100,0,0,85113000 - Distribuidores; bobinas de 100% encendido,03_anexo_chile_sa_2017.pdf
CHL,expanded_2017,HS2017,1614,85114000,85114000,851140,national8,exact,80,80,0,0,"85114000 - Motores de arranque, aunque 80% funcionen también como generadores",03_anexo_chile_sa_2017.pdf
CHL,expanded_2017,HS2017,1615,85115000,85115000,851150,national8,exact,80,80,0,0,85115000 - Los demás generadores 80%,03_anexo_chile_sa_2017.pdf
CHL,expanded_2017,HS2017,1616,85118000,85118000,851180,national8,exact,100,100,0,0,85118000 - Los demás aparatos y dispositivos 100%,03_anexo_chile_sa_2017.pdf
CHL,expanded_2017,HS2017,1617,85119000,85119000,851190,national8,exact,80,80,0,0,85119000 - Partes 80%,03_anexo_chile_sa_2017.pdf
CHL,expanded_2017,HS2017,1618,85122030,85122030,851220,national8,exact,80,80,0,0,85122030 -- Para vehículos de la partida 87.03 80%,03_anexo_chile_sa_2017.pdf
CHL,expanded_2017,HS2017,1619,85122040,85122040,851220,national8,exact,80,80,0,0,85122040 -- Para vehículos de la partida 87.04 80%,03_anexo_chile_sa_2017.pdf
CHL,expanded_2017,HS2017,1620,85122090,85122090,851220,national8,exact,100,100,0,0,85122090 -- Los demás 100%,03_anexo_chile_sa_2017.pdf
CHL,expanded_2017,HS2017,1621,85123000,85123000,851230,national8,exact,80,80,0,0,85123000 - Aparatos de señalización acústica 80%,03_anexo_chile_sa_2017.pdf
CHL,expanded_2017,HS2017,1622,85129000,85129000,851290,national8,exact,100,100,0,0,85129000 - Partes 100%,03_anexo_chile_sa_2017.pdf
CHL,expanded_2017,HS2017,1623,85143000,85143000,851430,national8,exact,80,80,0,0,85143000 - Los demás hornos 80%,03_anexo_chile_sa_2017.pdf
CHL,expanded_2017,HS2017,1624,85144000,85144000,851440,national8,exact,100,100,0,0,85144000 - Los demás aparatos para 100% tratamiento térmico de materias por,03_anexo_chile_sa_2017.pdf
CHL,expanded_2017,HS2017,1625,85158000,85158000,851580,national8,exact,100,100,0,0,85158000 - Las demás máquinas y aparatos 100%,03_anexo_chile_sa_2017.pdf
CHL,expanded_2017,HS2017,1626,85159000,85159000,851590,national8,exact,80,80,0,0,85159000 - Partes 80%,03_anexo_chile_sa_2017.pdf
CHL,expanded_2017,HS2017,1627,85162900,85162900,851629,national8,exact,100,100,0,0,85162900 -- Los demás 100%,03_anexo_chile_sa_2017.pdf
CHL,expanded_2017,HS2017,1628,85168000,85168000,851680,national8,exact,100,100,0,0,85168000 - Resistencias calentadoras 100%,03_anexo_chile_sa_2017.pdf
CHL,expanded_2017,HS2017,1629,85171100,85171100,851711,national8,exact,100,100,0,0,85171100 -- Teléfonos de auricular inalámbrico 100% combinado con micrófono,03_anexo_chile_sa_2017.pdf
CHL,expanded_2017,HS2017,1630,85171200,85171200,851712,national8,exact,80,80,0,0,85171200 -- Teléfonos celulares (móviles)* y los 80% de otras redes inalámbricas,03_anexo_chile_sa_2017.pdf
CHL,expanded_2017,HS2017,1631,85171800,85171800,851718,national8,exact,80,80,0,0,85171800 -- Los demás 80%,03_anexo_chile_sa_2017.pdf
CHL,expanded_2017,HS2017,1632,85176100,85176100,851761,national8,exact,60,60,0,0,85176100 -- Estaciones base 60%,03_anexo_chile_sa_2017.pdf
CHL,expanded_2017,HS2017,1633,85176210,85176210,851762,national8,exact,80,80,0,0,85176210 --- Aparatos de conmutación y 80% encaminamiento («switching and,03_anexo_chile_sa_2017.pdf
CHL,expanded_2017,HS2017,1634,85176220,85176220,851762,national8,exact,80,80,0,0,85176220 --- Modems de los tipos utilizados en 80% las máquinas automáticas,03_anexo_chile_sa_2017.pdf
CHL,expanded_2017,HS2017,1635,85176230,85176230,851762,national8,exact,60,60,0,0,85176230 --- Microteléfonos inalámbricos 60%,03_anexo_chile_sa_2017.pdf
CHL,expanded_2017,HS2017,1636,85176240,85176240,851762,national8,exact,60,60,0,0,85176240 --- Videófonos 60%,03_anexo_chile_sa_2017.pdf
CHL,expanded_2017,HS2017,1637,85176290,85176290,851762,national8,exact,80,80,0,0,85176290 --- Los demás 80%,03_anexo_chile_sa_2017.pdf
CHL,expanded_2017,HS2017,1638,85176900,85176900,851769,national8,exact,80,80,0,0,85176900 -- Los demás 80%,03_anexo_chile_sa_2017.pdf
CHL,expanded_2017,HS2017,1639,85177000,85177000,851770,national8,exact,80,80,0,0,85177000 - Partes 80%,03_anexo_chile_sa_2017.pdf
CHL,expanded_2017,HS2017,1640,85182100,85182100,851821,national8,exact,100,100,0,0,85182100 -- Un altavoz (altoparlante) montado 100% en su caja,03_anexo_chile_sa_2017.pdf
CHL,expanded_2017,HS2017,1641,85182900,85182900,851829,national8,exact,80,80,0,0,85182900 -- Los demás 80%,03_anexo_chile_sa_2017.pdf
CHL,expanded_2017,HS2017,1642,85184000,85184000,851840,national8,exact,80,80,0,0,85184000 - Amplificadores eléctricos de 80% audiofrecuencia,03_anexo_chile_sa_2017.pdf
CHL,expanded_2017,HS2017,1643,85185000,85185000,851850,national8,exact,80,80,0,0,85185000 - Equipos eléctricos para 80% amplificación de sonido,03_anexo_chile_sa_2017.pdf
CHL,expanded_2017,HS2017,1644,85232911,85232911,852329,national8,exact,80,80,0,0,85232911 ---- Para sonido 80%,03_anexo_chile_sa_2017.pdf
CHL,expanded_2017,HS2017,1645,85232912,85232912,852329,national8,exact,80,80,0,0,85232912 ---- Para datos o instrucciones de los 80% tipos utilizados en máquinas,03_anexo_chile_sa_2017.pdf
CHL,expanded_2017,HS2017,1646,85232919,85232919,852329,national8,exact,80,80,0,0,85232919 ---- Las demás 80%,03_anexo_chile_sa_2017.pdf
CHL,expanded_2017,HS2017,1647,85232921,85232921,852329,national8,exact,60,60,0,0,85232921 ---- Que contengan datos o 60% instrucciones de los tipos utilizados en,03_anexo_chile_sa_2017.pdf
CHL,expanded_2017,HS2017,1648,85232922,85232922,852329,national8,exact,60,60,0,0,85232922 ---- De carácter educativo o científico 60%,03_anexo_chile_sa_2017.pdf
CHL,expanded_2017,HS2017,1649,85232923,85232923,852329,national8,exact,60,60,0,0,"85232923 ---- De carácter musical, incluidas las 60% grabaciones de óperas,",03_anexo_chile_sa_2017.pdf
CHL,expanded_2017,HS2017,1650,85232929,85232929,852329,national8,exact,60,60,0,0,85232929 ---- Las demás 60%,03_anexo_chile_sa_2017.pdf
CHL,expanded_2017,HS2017,1651,85232930,85232930,852329,national8,exact,80,80,0,0,85232930 --- Discos magnéticos 80%,03_anexo_chile_sa_2017.pdf
CHL,expanded_2017,HS2017,1652,85232990,85232990,852329,national8,exact,60,60,0,0,85232990 --- Los demás 60%,03_anexo_chile_sa_2017.pdf
CHL,expanded_2017,HS2017,1653,85234110,85234110,852341,national8,exact,80,80,0,0,85234110 --- Discos compactos (CD) 80%,03_anexo_chile_sa_2017.pdf
CHL,expanded_2017,HS2017,1654,85234120,85234120,852341,national8,exact,80,80,0,0,85234120 --- Discos de vídeo digitales (discos 80% digitales versátiles) (DVD),03_anexo_chile_sa_2017.pdf
CHL,expanded_2017,HS2017,1655,85234190,85234190,852341,national8,exact,80,80,0,0,85234190 --- Los demás 80%,03_anexo_chile_sa_2017.pdf
CHL,expanded_2017,HS2017,1656,85234910,85234910,852349,national8,exact,80,80,0,0,85234910 --- Discos compactos (CD) y discos 80% de vídeo digitales (discos digitales,03_anexo_chile_sa_2017.pdf
CHL,expanded_2017,HS2017,1657,85234920,85234920,852349,national8,exact,80,80,0,0,85234920 --- Discos compactos (CD) y discos 80% de vídeo digitales (discos digitales,03_anexo_chile_sa_2017.pdf
CHL,expanded_2017,HS2017,1658,85234930,85234930,852349,national8,exact,60,60,0,0,85234930 --- Discos compactos (CD) y discos 60% de vídeo digitales (discos digitales,03_anexo_chile_sa_2017.pdf
CHL,expanded_2017,HS2017,1659,85234940,85234940,852349,national8,exact,60,60,0,0,85234940 --- Discos compactos (CD) y discos 60% de vídeo digitales (discos digitales,03_anexo_chile_sa_2017.pdf
CHL,expanded_2017,HS2017,1660,85234990,85234990,852349,national8,exact,80,80,0,0,85234990 --- Los demás 80%,03_anexo_chile_sa_2017.pdf
CHL,expanded_2017,HS2017,1661,85235100,85235100,852351,national8,exact,80,80,0,0,85235100 -- Dispositivos de almacenamiento 80% permanente de datos a base,03_anexo_chile_sa_2017.pdf
CHL,expanded_2017,HS2017,1662,85235200,85235200,852352,national8,exact,80,80,0,0,85235200 -- Tarjetas inteligentes («smart 80% cards»),03_anexo_chile_sa_2017.pdf
CHL,expanded_2017,HS2017,1663,85235900,85235900,852359,national8,exact,100,100,0,0,85235900 -- Los demás 100%,03_anexo_chile_sa_2017.pdf
CHL,expanded_2017,HS2017,1664,85238000,85238000,852380,national8,exact,80,80,0,0,85238000 - Los demás 80%,03_anexo_chile_sa_2017.pdf
CHL,expanded_2017,HS2017,1665,85258020,85258020,852580,national8,exact,80,80,0,0,85258020 -- Cámaras digitales 80%,03_anexo_chile_sa_2017.pdf
CHL,expanded_2017,HS2017,1666,85272110,85272110,852721,national8,exact,100,100,0,0,85272110 --- De sistema de lectura por rayo 100% láser,03_anexo_chile_sa_2017.pdf
CHL,expanded_2017,HS2017,1667,85285211,85285211,852852,national8,pending_concordance,0,100,1,1,85285211 ---- De cristal líquido 0%: De los tipos utilizados exclusiva o principalmente en un sistema automático para tratamiento o procesamiento de d,03_anexo_chile_sa_2017.pdf
CHL,expanded_2017,HS2017,1668,85285212,85285212,852852,national8,pending_concordance,0,100,1,1,85285212 ---- De plasma 0%: De los tipos utilizados exclusiva o principalmente en un sistema automático para tratamiento o procesamiento de datos de l,03_anexo_chile_sa_2017.pdf
CHL,expanded_2017,HS2017,1669,85285219,85285219,852852,national8,pending_concordance,0,100,1,1,85285219 ---- Los demás 0%: De los tipos utilizados exclusiva o principalmente en un sistema automático para tratamiento o procesamiento de datos de l,03_anexo_chile_sa_2017.pdf
CHL,expanded_2017,HS2017,1670,85285910,85285910,852859,national8,exact,100,100,0,0,85285910 --- En color 100%,03_anexo_chile_sa_2017.pdf
CHL,expanded_2017,HS2017,1671,85286200,85286200,852862,national8,pending_concordance,0,100,1,1,85286200 -- Aptos para ser conectados 0%: De los tipos directamente y diseñados para ser utilizados exclusiva o utilizados principalmente en un sistem,03_anexo_chile_sa_2017.pdf
CHL,expanded_2017,HS2017,1672,85286900,85286900,852869,national8,exact,100,100,0,0,85286900 -- Los demás 100%,03_anexo_chile_sa_2017.pdf
CHL,expanded_2017,HS2017,1673,85291000,85291000,852910,national8,exact,100,100,0,0,85291000 - Antenas y reflectores de antena de 100% cualquier tipo; partes,03_anexo_chile_sa_2017.pdf
CHL,expanded_2017,HS2017,1674,85299000,85299000,852990,national8,exact,80,80,0,0,85299000 - Las demás 80%,03_anexo_chile_sa_2017.pdf
CHL,expanded_2017,HS2017,1675,85311090,85311090,853110,national8,exact,80,80,0,0,85311090 -- Los demás 80%,03_anexo_chile_sa_2017.pdf
CHL,expanded_2017,HS2017,1676,85319000,85319000,853190,national8,exact,100,100,0,0,85319000 - Partes 100%,03_anexo_chile_sa_2017.pdf
CHL,expanded_2017,HS2017,1677,85321000,85321000,853210,national8,exact,60,60,0,0,"85321000 - Condensadores fijos concebidos 60% para redes eléctricas de 50/60 Hz, para una",03_anexo_chile_sa_2017.pdf
CHL,expanded_2017,HS2017,1678,85323000,85323000,853230,national8,exact,100,100,0,0,85323000 - Condensadores variables o 100% ajustables,03_anexo_chile_sa_2017.pdf
CHL,expanded_2017,HS2017,1679,85351010,85351010,853510,national8,exact,100,100,0,0,85351010 -- Fusibles 100%,03_anexo_chile_sa_2017.pdf
CHL,expanded_2017,HS2017,1680,85352100,85352100,853521,national8,exact,80,80,0,0,"85352100 -- Para una tensión inferior a 72,5 kV 80%",03_anexo_chile_sa_2017.pdf
CHL,expanded_2017,HS2017,1681,85353021,85353021,853530,national8,exact,80,80,0,0,"85353021 --- Para una tensión inferior a 72,5 kV 80%",03_anexo_chile_sa_2017.pdf
CHL,expanded_2017,HS2017,1682,85353029,85353029,853530,national8,exact,80,80,0,0,85353029 --- Los demás 80%,03_anexo_chile_sa_2017.pdf
CHL,expanded_2017,HS2017,1683,85354000,85354000,853540,national8,exact,60,60,0,0,"85354000 - Pararrayos, limitadores de tensión y 60% supresores de",03_anexo_chile_sa_2017.pdf
CHL,expanded_2017,HS2017,1684,85359010,85359010,853590,national8,exact,80,80,0,0,85359010 -- Aparatos de empalme y conexión 80%,03_anexo_chile_sa_2017.pdf
CHL,expanded_2017,HS2017,1685,85359090,85359090,853590,national8,exact,100,100,0,0,85359090 -- Los demás 100%,03_anexo_chile_sa_2017.pdf
CHL,expanded_2017,HS2017,1686,85361010,85361010,853610,national8,exact,60,60,0,0,85361010 -- Fusibles 60%,03_anexo_chile_sa_2017.pdf
CHL,expanded_2017,HS2017,1687,85362000,85362000,853620,national8,exact,80,80,0,0,85362000 - Disyuntores 80%,03_anexo_chile_sa_2017.pdf
CHL,expanded_2017,HS2017,1688,85364190,85364190,853641,national8,exact,80,80,0,0,85364190 --- Los demás 80%,03_anexo_chile_sa_2017.pdf
CHL,expanded_2017,HS2017,1689,85364910,85364910,853649,national8,exact,80,80,0,0,85364910 --- Para una tensión superior a 60 V 80% pero inferior o igual a 130 V,03_anexo_chile_sa_2017.pdf
CHL,expanded_2017,HS2017,1690,85364990,85364990,853649,national8,exact,80,80,0,0,85364990 --- Los demás 80%,03_anexo_chile_sa_2017.pdf
CHL,expanded_2017,HS2017,1691,85365000,85365000,853650,national8,exact,80,80,0,0,"85365000 -- Los demás interruptores, 80% seccionadores y conmutadores",03_anexo_chile_sa_2017.pdf
CHL,expanded_2017,HS2017,1692,85366900,85366900,853669,national8,exact,80,80,0,0,85366900 -- Los demás 80%,03_anexo_chile_sa_2017.pdf
CHL,expanded_2017,HS2017,1693,85369013,85369013,853690,national8,exact,80,80,0,0,"85369013 --- Conectores, bornes y terminales 80%",03_anexo_chile_sa_2017.pdf
CHL,expanded_2017,HS2017,1694,85369019,85369019,853690,national8,exact,100,100,0,0,85369019 --- Los demás 100%,03_anexo_chile_sa_2017.pdf
CHL,expanded_2017,HS2017,1695,85369090,85369090,853690,national8,exact,100,100,0,0,85369090 -- Los demás 100%,03_anexo_chile_sa_2017.pdf
CHL,expanded_2017,HS2017,1696,85371000,85371000,853710,national8,exact,100,100,0,0,85371000 - Para una tensión inferior o igual a 100% 1.000 V,03_anexo_chile_sa_2017.pdf
CHL,expanded_2017,HS2017,1697,85372010,85372010,853720,national8,exact,80,80,0,0,"85372010 -- Para una tensión superior a 1.000 80% V pero inferior o igual a 72,5 kV",03_anexo_chile_sa_2017.pdf
CHL,expanded_2017,HS2017,1698,85372090,85372090,853720,national8,exact,80,80,0,0,85372090 -- Los demás 80%,03_anexo_chile_sa_2017.pdf
CHL,expanded_2017,HS2017,1699,85381000,85381000,853810,national8,exact,80,80,0,0,"85381000 - Cuadros, paneles, consolas, 80% armarios y demás soportes de",03_anexo_chile_sa_2017.pdf
CHL,expanded_2017,HS2017,1700,85389000,85389000,853890,national8,exact,80,80,0,0,85389000 - Las demás 80%,03_anexo_chile_sa_2017.pdf
CHL,expanded_2017,HS2017,1701,85391000,85391000,853910,national8,exact,80,80,0,0,85391000 - Faros o unidades «sellados» 80%,03_anexo_chile_sa_2017.pdf
CHL,expanded_2017,HS2017,1702,85392110,85392110,853921,national8,exact,100,100,0,0,85392110 --- Lámparas lineales 100%,03_anexo_chile_sa_2017.pdf
CHL,expanded_2017,HS2017,1703,85392120,85392120,853921,national8,exact,100,100,0,0,85392120 --- Lámparas con reflector dicroico 100%,03_anexo_chile_sa_2017.pdf
CHL,expanded_2017,HS2017,1704,85392130,85392130,853921,national8,exact,100,100,0,0,85392130 --- Lámparas para vehículos para una 100% tensión inferior o igual a 24 V,03_anexo_chile_sa_2017.pdf
CHL,expanded_2017,HS2017,1705,85392190,85392190,853921,national8,exact,100,100,0,0,85392190 --- Las demás 100%,03_anexo_chile_sa_2017.pdf
CHL,expanded_2017,HS2017,1706,85392200,85392200,853922,national8,exact,80,80,0,0,85392200 -- Los demás de potencia inferior o 80% igual a 200 W y para una,03_anexo_chile_sa_2017.pdf
CHL,expanded_2017,HS2017,1707,85392900,85392900,853929,national8,exact,100,100,0,0,85392900 -- Los demás 100%,03_anexo_chile_sa_2017.pdf
CHL,expanded_2017,HS2017,1708,85393110,85393110,853931,national8,exact,80,80,0,0,85393110 --- Con balasto incorporado (de 80% ahorro de energía),03_anexo_chile_sa_2017.pdf
CHL,expanded_2017,HS2017,1709,85393190,85393190,853931,national8,exact,80,80,0,0,85393190 --- Las demás 80%,03_anexo_chile_sa_2017.pdf
CHL,expanded_2017,HS2017,1710,85393210,85393210,853932,national8,exact,100,100,0,0,"85393210 --- Para tensión inferior o igual a 24 100% V, para vehículos",03_anexo_chile_sa_2017.pdf
CHL,expanded_2017,HS2017,1711,85393221,85393221,853932,national8,exact,100,100,0,0,85393221 ---- De vapor de mercurio 100%,03_anexo_chile_sa_2017.pdf
CHL,expanded_2017,HS2017,1712,85393222,85393222,853932,national8,exact,100,100,0,0,85393222 ---- De vapor de sodio 100%,03_anexo_chile_sa_2017.pdf
CHL,expanded_2017,HS2017,1713,85393223,85393223,853932,national8,exact,100,100,0,0,85393223 ---- De vapor de halogenuro metálico 100%,03_anexo_chile_sa_2017.pdf
CHL,expanded_2017,HS2017,1714,85393900,85393900,853939,national8,exact,100,100,0,0,85393900 -- Los demás 100%,03_anexo_chile_sa_2017.pdf
CHL,expanded_2017,HS2017,1715,85395010,85395010,853950,national8,pending_concordance,80,80,0,1,"85395010 -- Con balasto incorporado, para uso 80% interior",03_anexo_chile_sa_2017.pdf
CHL,expanded_2017,HS2017,1716,85395020,85395020,853950,national8,pending_concordance,80,80,0,1,"85395020 -- Con balasto incorporado, para vías 80% públicas",03_anexo_chile_sa_2017.pdf
CHL,expanded_2017,HS2017,1717,85395090,85395090,853950,national8,pending_concordance,80,80,0,1,85395090 -- Las demás 80%,03_anexo_chile_sa_2017.pdf
CHL,expanded_2017,HS2017,1718,85399000,85399000,853990,national8,exact,100,100,0,0,85399000 - Partes 100%,03_anexo_chile_sa_2017.pdf
CHL,expanded_2017,HS2017,1719,85411000,85411000,854110,national8,exact,100,100,0,0,"85411000 - Diodos, excepto los fotodiodos y los 100% diodos emisores de luz (LED)",03_anexo_chile_sa_2017.pdf
CHL,expanded_2017,HS2017,1720,85414000,85414000,854140,national8,exact,80,80,0,0,"85414000 - Dispositivos semiconductores 80% fotosensibles, incluidas las",03_anexo_chile_sa_2017.pdf
CHL,expanded_2017,HS2017,1721,85415000,85415000,854150,national8,exact,100,100,0,0,85415000 - Los demás dispositivos 100% semiconductores,03_anexo_chile_sa_2017.pdf
CHL,expanded_2017,HS2017,1722,85423900,85423900,854239,national8,exact,80,80,0,0,85423900 -- Los demás 80%,03_anexo_chile_sa_2017.pdf
CHL,expanded_2017,HS2017,1723,85437090,85437090,854370,national8,exact,80,80,0,0,85437090 -- Los demás 80%,03_anexo_chile_sa_2017.pdf
CHL,expanded_2017,HS2017,1724,85441100,85441100,854411,national8,exact,60,60,0,0,85441100 -- De cobre 60%,03_anexo_chile_sa_2017.pdf
CHL,expanded_2017,HS2017,1725,85441900,85441900,854419,national8,exact,80,80,0,0,85441900 -- Los demás 80%,03_anexo_chile_sa_2017.pdf
CHL,expanded_2017,HS2017,1726,85442000,85442000,854420,national8,exact,30,30,0,0,"85442000 - Cables y demás conductores 30% eléctricos, coaxiales",03_anexo_chile_sa_2017.pdf
CHL,expanded_2017,HS2017,1727,85443000,85443000,854430,national8,exact,80,80,0,0,85443000 - Juegos de cables para bujías de 80% encendido y demás juegos,03_anexo_chile_sa_2017.pdf
CHL,expanded_2017,HS2017,1728,85444200,85444200,854442,national8,exact,80,80,0,0,85444200 -- Provistos de piezas de conexión 80%,03_anexo_chile_sa_2017.pdf
CHL,expanded_2017,HS2017,1729,85444910,85444910,854449,national8,exact,80,80,0,0,85444910 --- Para una tensión inferior o igual a 80% 80 V,03_anexo_chile_sa_2017.pdf
CHL,expanded_2017,HS2017,1730,85444991,85444991,854449,national8,exact,60,60,0,0,85444991 ---- De cobre 60%,03_anexo_chile_sa_2017.pdf
CHL,expanded_2017,HS2017,1731,85444999,85444999,854449,national8,exact,80,80,0,0,85444999 ---- Los demás 80%,03_anexo_chile_sa_2017.pdf
CHL,expanded_2017,HS2017,1732,85446010,85446010,854460,national8,exact,30,30,0,0,85446010 -- De cobre 30%,03_anexo_chile_sa_2017.pdf
CHL,expanded_2017,HS2017,1733,85446090,85446090,854460,national8,exact,30,30,0,0,85446090 -- Los demás 30%,03_anexo_chile_sa_2017.pdf
CHL,expanded_2017,HS2017,1734,85447000,85447000,854470,national8,exact,80,80,0,0,85447000 - Cables de fibras ópticas 80%,03_anexo_chile_sa_2017.pdf
CHL,expanded_2017,HS2017,1735,85451100,85451100,854511,national8,exact,80,80,0,0,85451100 -- De los tipos utilizados en hornos 80%,03_anexo_chile_sa_2017.pdf
CHL,expanded_2017,HS2017,1736,85451900,85451900,854519,national8,exact,80,80,0,0,85451900 -- Los demás 80%,03_anexo_chile_sa_2017.pdf
CHL,expanded_2017,HS2017,1737,85462000,85462000,854620,national8,exact,100,100,0,0,85462000 - De cerámica 100%,03_anexo_chile_sa_2017.pdf
CHL,expanded_2017,HS2017,1738,85469000,85469000,854690,national8,exact,100,100,0,0,85469000 - Los demás 100%,03_anexo_chile_sa_2017.pdf
CHL,expanded_2017,HS2017,1739,85472000,85472000,854720,national8,exact,80,80,0,0,85472000 - Piezas aislantes de plástico 80%,03_anexo_chile_sa_2017.pdf
CHL,expanded_2017,HS2017,1740,85479000,85479000,854790,national8,exact,100,100,0,0,85479000 - Los demás 100%,03_anexo_chile_sa_2017.pdf
CHL,expanded_2017,HS2017,1741,86050000,86050000,860500,national8,exact,80,80,0,0,"86050000 Coches de viajeros, furgones de 80% equipajes, coches",03_anexo_chile_sa_2017.pdf
CHL,expanded_2017,HS2017,1742,86069200,86069200,860692,national8,exact,80,80,0,0,"86069200 -- Abiertos, con pared fija de altura 80% superior a 60 cm",03_anexo_chile_sa_2017.pdf
CHL,expanded_2017,HS2017,1743,86072900,86072900,860729,national8,exact,80,80,0,0,86072900 -- Los demás 80%,03_anexo_chile_sa_2017.pdf
CHL,expanded_2017,HS2017,1744,86090000,86090000,860900,national8,exact,80,80,0,0,86090000 Contenedores (incluidos los 80% contenedores cisterna y los,03_anexo_chile_sa_2017.pdf
CHL,expanded_2017,HS2017,1745,87019110,87019110,870191,national8,pending_concordance,80,80,0,1,87019110 --- Agrícolas 80%,03_anexo_chile_sa_2017.pdf
CHL,expanded_2017,HS2017,1746,87019190,87019190,870191,national8,pending_concordance,80,80,0,1,87019190 --- Los demás 80%,03_anexo_chile_sa_2017.pdf
CHL,expanded_2017,HS2017,1747,87019210,87019210,870192,national8,pending_concordance,80,80,0,1,87019210 --- Agrícolas 80%,03_anexo_chile_sa_2017.pdf
CHL,expanded_2017,HS2017,1748,87019290,87019290,870192,national8,pending_concordance,80,80,0,1,87019290 --- Los demás 80%,03_anexo_chile_sa_2017.pdf
CHL,expanded_2017,HS2017,1749,87019310,87019310,870193,national8,pending_concordance,80,80,0,1,87019310 --- Agrícolas 80%,03_anexo_chile_sa_2017.pdf
CHL,expanded_2017,HS2017,1750,87019390,87019390,870193,national8,pending_concordance,80,80,0,1,87019390 --- Los demás 80%,03_anexo_chile_sa_2017.pdf
CHL,expanded_2017,HS2017,1751,87019410,87019410,870194,national8,pending_concordance,80,80,0,1,87019410 --- Agrícolas 80%,03_anexo_chile_sa_2017.pdf
CHL,expanded_2017,HS2017,1752,87019490,87019490,870194,national8,pending_concordance,80,80,0,1,87019490 --- Los demás 80%,03_anexo_chile_sa_2017.pdf
CHL,expanded_2017,HS2017,1753,87019510,87019510,870195,national8,pending_concordance,80,80,0,1,87019510 --- Agrícolas 80%,03_anexo_chile_sa_2017.pdf
CHL,expanded_2017,HS2017,1754,87019590,87019590,870195,national8,pending_concordance,0,80,1,1,87019590 --- Los demás 80%: Tractores de ruedas 0%: Los demás,03_anexo_chile_sa_2017.pdf
CHL,expanded_2017,HS2017,1755,87021019,87021019,870210,national8,exact,80,80,0,0,87021019 --- Los demás 80%,03_anexo_chile_sa_2017.pdf
CHL,expanded_2017,HS2017,1756,87021091,87021091,870210,national8,exact,60,60,0,0,87021091 --- De cilindrada superior a 2.500 cm3 60%,03_anexo_chile_sa_2017.pdf
CHL,expanded_2017,HS2017,1757,87021099,87021099,870210,national8,exact,80,80,0,0,87021099 --- Los demás 80%,03_anexo_chile_sa_2017.pdf
CHL,expanded_2017,HS2017,1758,87022011,87022011,870220,national8,pending_concordance,0,80,1,1,"87022011 --- De cilindrada superior a 2.500 cm3 0%: Con motor de émbolo (pistón), de encendido por compresión (diésel o semi-diésel) 80%: Los demás",03_anexo_chile_sa_2017.pdf
CHL,expanded_2017,HS2017,1759,87022019,87022019,870220,national8,pending_concordance,60,80,1,1,"87022019 --- Los demás 60%: Con motor de émbolo (pistón), de encendido por compresión (diésel o semi-diésel) 80%: Los demás",03_anexo_chile_sa_2017.pdf
CHL,expanded_2017,HS2017,1760,87022091,87022091,870220,national8,pending_concordance,80,80,0,1,87022091 --- De cilindrada superior a 2.500 cm3 80%,03_anexo_chile_sa_2017.pdf
CHL,expanded_2017,HS2017,1761,87022099,87022099,870220,national8,pending_concordance,60,60,0,1,87022099 --- Los demás 60%,03_anexo_chile_sa_2017.pdf
CHL,expanded_2017,HS2017,1762,87023011,87023011,870230,national8,pending_concordance,80,80,0,1,87023011 --- De cilindrada superior a 2.800 cm3 80%,03_anexo_chile_sa_2017.pdf
CHL,expanded_2017,HS2017,1763,87023019,87023019,870230,national8,pending_concordance,60,60,0,1,87023019 --- Los demás 60%,03_anexo_chile_sa_2017.pdf
CHL,expanded_2017,HS2017,1764,87023091,87023091,870230,national8,pending_concordance,80,80,0,1,87023091 --- De cilindrada superior a 2.800 cm3 80%,03_anexo_chile_sa_2017.pdf
CHL,expanded_2017,HS2017,1765,87023099,87023099,870230,national8,pending_concordance,60,60,0,1,87023099 --- Los demás 60%,03_anexo_chile_sa_2017.pdf
CHL,expanded_2017,HS2017,1766,87024000,87024000,870240,national8,pending_concordance,80,80,0,1,87024000 - Únicamente propulsados con motor 80% eléctrico,03_anexo_chile_sa_2017.pdf
CHL,expanded_2017,HS2017,1767,87029011,87029011,870290,national8,exact,80,80,0,0,87029011 --- De cilindrada superior a 2.800 cm³ 80%,03_anexo_chile_sa_2017.pdf
CHL,expanded_2017,HS2017,1768,87029019,87029019,870290,national8,exact,60,60,0,0,87029019 --- Los demás 60%,03_anexo_chile_sa_2017.pdf
CHL,expanded_2017,HS2017,1769,87029021,87029021,870290,national8,exact,80,80,0,0,87029021 --- Que utilicen gas como combustible 80%,03_anexo_chile_sa_2017.pdf
CHL,expanded_2017,HS2017,1770,87029029,87029029,870290,national8,exact,80,80,0,0,87029029 --- Los demás 80%,03_anexo_chile_sa_2017.pdf
CHL,expanded_2017,HS2017,1771,87029090,87029090,870290,national8,exact,80,80,0,0,87029090 -- Los demás 80%,03_anexo_chile_sa_2017.pdf
CHL,expanded_2017,HS2017,1772,87031000,87031000,870310,national8,exact,80,80,0,0,87031000 - Vehículos especialmente 80% concebidos para desplazarse,03_anexo_chile_sa_2017.pdf
CHL,expanded_2017,HS2017,1773,87032191,87032191,870321,national8,exact,80,80,0,0,87032191 ---- Automóviles de turismo 80%,03_anexo_chile_sa_2017.pdf
CHL,expanded_2017,HS2017,1774,87032199,87032199,870321,national8,exact,80,80,0,0,87032199 ---- Los demás 80%,03_anexo_chile_sa_2017.pdf
CHL,expanded_2017,HS2017,1775,87032210,87032210,870322,national8,exact,0,80,1,0,87032210 --- Tipo jeep y similares con tracción 0%: Con motor a gas en las cuatro ruedas 80%: Los demás,03_anexo_chile_sa_2017.pdf
CHL,expanded_2017,HS2017,1776,87032230,87032230,870322,national8,exact,80,80,0,0,"87032230 --- Coches ambulancia, celulares y 80% mortuorios",03_anexo_chile_sa_2017.pdf
CHL,expanded_2017,HS2017,1777,87032291,87032291,870322,national8,exact,80,80,0,0,87032291 ---- Automóviles de turismo 80%,03_anexo_chile_sa_2017.pdf
CHL,expanded_2017,HS2017,1778,87032299,87032299,870322,national8,exact,80,80,0,0,87032299 ---- Los demás 80%,03_anexo_chile_sa_2017.pdf
CHL,expanded_2017,HS2017,1779,87032320,87032320,870323,national8,exact,80,80,0,0,87032320 --- Vehículos casa-rodante 80%,03_anexo_chile_sa_2017.pdf
CHL,expanded_2017,HS2017,1780,87032391,87032391,870323,national8,exact,80,80,0,0,87032391 ---- Automóviles de turismo 80%,03_anexo_chile_sa_2017.pdf
CHL,expanded_2017,HS2017,1781,87032399,87032399,870323,national8,exact,80,80,0,0,87032399 ---- Los demás 80%,03_anexo_chile_sa_2017.pdf
CHL,expanded_2017,HS2017,1782,87032410,87032410,870324,national8,exact,60,60,0,0,87032410 --- Tipo jeep y similares con tracción 60% en las cuatro ruedas,03_anexo_chile_sa_2017.pdf
CHL,expanded_2017,HS2017,1783,87032420,87032420,870324,national8,exact,80,80,0,0,87032420 --- Vehículos casa-rodante 80%,03_anexo_chile_sa_2017.pdf
CHL,expanded_2017,HS2017,1784,87032491,87032491,870324,national8,exact,80,80,0,0,87032491 ---- Automóviles de turismo 80%,03_anexo_chile_sa_2017.pdf
CHL,expanded_2017,HS2017,1785,87032499,87032499,870324,national8,exact,80,80,0,0,87032499 ---- Los demás 80%,03_anexo_chile_sa_2017.pdf
CHL,expanded_2017,HS2017,1786,87033190,87033190,870331,national8,exact,80,80,0,0,87033190 --- Los demás 80%,03_anexo_chile_sa_2017.pdf
CHL,expanded_2017,HS2017,1787,87033220,87033220,870332,national8,exact,80,80,0,0,87033220 --- Vehículos casa-rodante 80%,03_anexo_chile_sa_2017.pdf
CHL,expanded_2017,HS2017,1788,87033291,87033291,870332,national8,exact,80,80,0,0,87033291 ---- Automóviles de turismo 80%,03_anexo_chile_sa_2017.pdf
CHL,expanded_2017,HS2017,1789,87033299,87033299,870332,national8,exact,80,80,0,0,87033299 ---- Los demás 80%,03_anexo_chile_sa_2017.pdf
CHL,expanded_2017,HS2017,1790,87033320,87033320,870333,national8,exact,80,80,0,0,87033320 --- Vehículos casa-rodante 80%,03_anexo_chile_sa_2017.pdf
CHL,expanded_2017,HS2017,1791,87033390,87033390,870333,national8,exact,80,80,0,0,87033390 --- Los demás 80%,03_anexo_chile_sa_2017.pdf
CHL,expanded_2017,HS2017,1792,87034011,87034011,870340,national8,pending_concordance,0,80,1,1,"87034011 --- Tipo jeep y similares con tracción 0%: Con motor de en las cuatro ruedas émbolo (pistón) alternativo, de encendido por chispa, de cilindr",03_anexo_chile_sa_2017.pdf
CHL,expanded_2017,HS2017,1793,87034014,87034014,870340,national8,pending_concordance,80,80,0,1,87034014 --- Automóviles de turismo 80%,03_anexo_chile_sa_2017.pdf
CHL,expanded_2017,HS2017,1794,87034019,87034019,870340,national8,pending_concordance,80,80,0,1,87034019 --- Los demás 80%,03_anexo_chile_sa_2017.pdf
CHL,expanded_2017,HS2017,1795,87034021,87034021,870340,national8,pending_concordance,0,80,1,1,"87034021 --- Tipo jeep y similares con tracción 0%: Con motor de en las cuatro ruedas émbolo (pistón) alternativo, de encendido por chispa, con motor ",03_anexo_chile_sa_2017.pdf
CHL,expanded_2017,HS2017,1796,87034023,87034023,870340,national8,pending_concordance,0,80,1,1,"87034023 --- Coches ambulancia, celulares y 80%: Con motor de mortuorios émbolo (pistón) alternativo, de encendido por chispa 0%: Los demás",03_anexo_chile_sa_2017.pdf
CHL,expanded_2017,HS2017,1797,87034024,87034024,870340,national8,pending_concordance,80,80,0,1,87034024 --- Automóviles de turismo 80%,03_anexo_chile_sa_2017.pdf
CHL,expanded_2017,HS2017,1798,87034029,87034029,870340,national8,pending_concordance,80,80,0,1,87034029 --- Los demás 80%,03_anexo_chile_sa_2017.pdf
CHL,expanded_2017,HS2017,1799,87034031,87034031,870340,national8,pending_concordance,0,80,1,1,"87034031 --- Tipo jeep y similares con tracción 0%: Con motor de en las cuatro ruedas émbolo (pistón) alternativo, de encendido por chispa, de cilindr",03_anexo_chile_sa_2017.pdf
CHL,expanded_2017,HS2017,1800,87034032,87034032,870340,national8,pending_concordance,0,80,1,1,"87034032 --- Vehículos casa-rodante 80%: Con motor de émbolo (pistón) alternativo, de encendido por chispa 0%: Los demás",03_anexo_chile_sa_2017.pdf
CHL,expanded_2017,HS2017,1801,87034034,87034034,870340,national8,pending_concordance,80,80,0,1,87034034 --- Automóviles de turismo 80%,03_anexo_chile_sa_2017.pdf
CHL,expanded_2017,HS2017,1802,87034039,87034039,870340,national8,pending_concordance,80,80,0,1,87034039 --- Los demás 80%,03_anexo_chile_sa_2017.pdf
CHL,expanded_2017,HS2017,1803,87034041,87034041,870340,national8,pending_concordance,60,80,1,1,"87034041 --- Tipo jeep y similares con tracción 60%: Con motor de en las cuatro ruedas émbolo (pistón) alternativo, de encendido por chispa 80%: Los d",03_anexo_chile_sa_2017.pdf
CHL,expanded_2017,HS2017,1804,87034042,87034042,870340,national8,pending_concordance,0,80,1,1,"87034042 --- Vehículos casa-rodante 80%: Con motor de émbolo (pistón) alternativo, de encendido por chispa 0%: Los demás",03_anexo_chile_sa_2017.pdf
CHL,expanded_2017,HS2017,1805,87034044,87034044,870340,national8,pending_concordance,80,80,0,1,87034044 --- Automóviles de turismo 80%,03_anexo_chile_sa_2017.pdf
CHL,expanded_2017,HS2017,1806,87034049,87034049,870340,national8,pending_concordance,80,80,0,1,87034049 --- Los demás 80%,03_anexo_chile_sa_2017.pdf
CHL,expanded_2017,HS2017,1807,87035011,87035011,870350,national8,pending_concordance,0,80,1,1,"87035011 --- Tipo jeep y similares con tracción 0%: Con motor de en las cuatro ruedas émbolo (pistón), de encendido por compresión (diesel o semi-diés",03_anexo_chile_sa_2017.pdf
CHL,expanded_2017,HS2017,1808,87035019,87035019,870350,national8,pending_concordance,80,80,0,1,87035019 --- Los demás 80%,03_anexo_chile_sa_2017.pdf
CHL,expanded_2017,HS2017,1809,87035021,87035021,870350,national8,pending_concordance,0,80,1,1,"87035021 --- Tipo jeep y similares con tracción 0%: Con motor de en las cuatro ruedas, de cilindrada émbolo (pistón), de encendido por compresión (die",03_anexo_chile_sa_2017.pdf
CHL,expanded_2017,HS2017,1810,87035022,87035022,870350,national8,pending_concordance,0,80,1,1,"87035022 --- Tipo jeep y similares con tracción 0%: Con motor de en las cuatro ruedas, de cilindrada émbolo (pistón), de encendido por compresión (die",03_anexo_chile_sa_2017.pdf
CHL,expanded_2017,HS2017,1811,87035023,87035023,870350,national8,pending_concordance,0,80,1,1,"87035023 --- Vehículos casa-rodante 80%: Con motor de émbolo (pistón), de encendido por compresión (diesel o semi-diésel), de cilindrada superior a 15",03_anexo_chile_sa_2017.pdf
CHL,expanded_2017,HS2017,1812,87035025,87035025,870350,national8,pending_concordance,80,80,0,1,87035025 --- Automóviles de turismo 80%,03_anexo_chile_sa_2017.pdf
CHL,expanded_2017,HS2017,1813,87035029,87035029,870350,national8,pending_concordance,80,80,0,1,87035029 --- Los demás 80%,03_anexo_chile_sa_2017.pdf
CHL,expanded_2017,HS2017,1814,87035031,87035031,870350,national8,pending_concordance,0,80,1,1,"87035031 --- Tipo jeep y similares con tracción 0%: Con motor de en las cuatro ruedas émbolo (pistón), de encendido por compresión (diesel o semi-diés",03_anexo_chile_sa_2017.pdf
CHL,expanded_2017,HS2017,1815,87035032,87035032,870350,national8,pending_concordance,0,80,1,1,"87035032 --- Vehículos casa-rodante 80%: Con motor de émbolo (pistón), de encendido por compresión (diesel o semi-diésel), de cilindrada superior a 25",03_anexo_chile_sa_2017.pdf
CHL,expanded_2017,HS2017,1816,87035039,87035039,870350,national8,pending_concordance,80,80,0,1,87035039 --- Los demás 80%,03_anexo_chile_sa_2017.pdf
CHL,expanded_2017,HS2017,1817,87036011,87036011,870360,national8,pending_concordance,0,80,1,1,"87036011 --- Tipo jeep y similares con tracción 0%: Con motor de en las cuatro ruedas émbolo (pistón) alternativo, de encendido por chispa, de cilindr",03_anexo_chile_sa_2017.pdf
CHL,expanded_2017,HS2017,1818,87036014,87036014,870360,national8,pending_concordance,80,80,0,1,87036014 --- Automóviles de turismo 80%,03_anexo_chile_sa_2017.pdf
CHL,expanded_2017,HS2017,1819,87036019,87036019,870360,national8,pending_concordance,80,80,0,1,87036019 --- Los demás 80%,03_anexo_chile_sa_2017.pdf
CHL,expanded_2017,HS2017,1820,87036021,87036021,870360,national8,pending_concordance,0,80,1,1,"87036021 --- Tipo jeep y similares con tracción 0%: Con motor de en las cuatro ruedas émbolo (pistón) alternativo, de encendido por chispa, con motor ",03_anexo_chile_sa_2017.pdf
CHL,expanded_2017,HS2017,1821,87036023,87036023,870360,national8,pending_concordance,0,80,1,1,"87036023 --- Coches ambulancia, celulares y 80%: Con motor de mortuorios émbolo (pistón) alternativo, de encendido por chispa 0%: Los demás",03_anexo_chile_sa_2017.pdf
CHL,expanded_2017,HS2017,1822,87036024,87036024,870360,national8,pending_concordance,80,80,0,1,87036024 --- Automóviles de turismo 80%,03_anexo_chile_sa_2017.pdf
CHL,expanded_2017,HS2017,1823,87036029,87036029,870360,national8,pending_concordance,80,80,0,1,87036029 --- Los demás 80%,03_anexo_chile_sa_2017.pdf
CHL,expanded_2017,HS2017,1824,87036031,87036031,870360,national8,pending_concordance,0,80,1,1,"87036031 --- Tipo jeep y similares con tracción 0%: Con motor de en las cuatro ruedas émbolo (pistón) alternativo, de encendido por chispa, de cilindr",03_anexo_chile_sa_2017.pdf
CHL,expanded_2017,HS2017,1825,87036032,87036032,870360,national8,pending_concordance,0,80,1,1,"87036032 --- Vehículos casa-rodante 80%: Con motor de émbolo (pistón) alternativo, de encendido por chispa 0%: Los demás",03_anexo_chile_sa_2017.pdf
CHL,expanded_2017,HS2017,1826,87036034,87036034,870360,national8,pending_concordance,80,80,0,1,87036034 --- Automóviles de turismo 80%,03_anexo_chile_sa_2017.pdf
CHL,expanded_2017,HS2017,1827,87036039,87036039,870360,national8,pending_concordance,80,80,0,1,87036039 --- Los demás 80%,03_anexo_chile_sa_2017.pdf
CHL,expanded_2017,HS2017,1828,87036041,87036041,870360,national8,pending_concordance,60,80,1,1,"87036041 --- Tipo jeep y similares con tracción 60%: Con motor de en las cuatro ruedas émbolo (pistón) alternativo, de encendido por chispa 80%: Los d",03_anexo_chile_sa_2017.pdf
CHL,expanded_2017,HS2017,1829,87036042,87036042,870360,national8,pending_concordance,0,80,1,1,"87036042 --- Vehículos casa-rodante 80%: Con motor de émbolo (pistón) alternativo, de encendido por chispa 0%: Los demás",03_anexo_chile_sa_2017.pdf
CHL,expanded_2017,HS2017,1830,87036044,87036044,870360,national8,pending_concordance,80,80,0,1,87036044 --- Automóviles de turismo 80%,03_anexo_chile_sa_2017.pdf
CHL,expanded_2017,HS2017,1831,87036049,87036049,870360,national8,pending_concordance,80,80,0,1,87036049 --- Los demás 80%,03_anexo_chile_sa_2017.pdf
CHL,expanded_2017,HS2017,1832,87037011,87037011,870370,national8,pending_concordance,0,80,1,1,"87037011 --- Tipo jeep y similares con tracción 0%: Con motor de en las cuatro ruedas émbolo (pistón), de encendido por compresión (diesel o semi-diés",03_anexo_chile_sa_2017.pdf
CHL,expanded_2017,HS2017,1833,87037019,87037019,870370,national8,pending_concordance,80,80,0,1,87037019 --- Los demás 80%,03_anexo_chile_sa_2017.pdf
CHL,expanded_2017,HS2017,1834,87037021,87037021,870370,national8,pending_concordance,0,80,1,1,"87037021 --- Tipo jeep y similares con tracción 0%: Con motor de en las cuatro ruedas, de cilindrada émbolo (pistón), de encendido por compresión (die",03_anexo_chile_sa_2017.pdf
CHL,expanded_2017,HS2017,1835,87037022,87037022,870370,national8,pending_concordance,0,80,1,1,"87037022 --- Tipo jeep y similares con tracción 0%: Con motor de en las cuatro ruedas, de cilindrada émbolo (pistón), de encendido por compresión (die",03_anexo_chile_sa_2017.pdf
CHL,expanded_2017,HS2017,1836,87037023,87037023,870370,national8,pending_concordance,0,80,1,1,"87037023 --- Vehículos casa-rodante 80%: Con motor de émbolo (pistón), de encendido por compresión (diesel o semi-diésel), de cilindrada superior a 15",03_anexo_chile_sa_2017.pdf
CHL,expanded_2017,HS2017,1837,87037025,87037025,870370,national8,pending_concordance,80,80,0,1,87037025 --- Automóviles de turismo 80%,03_anexo_chile_sa_2017.pdf
CHL,expanded_2017,HS2017,1838,87037029,87037029,870370,national8,pending_concordance,80,80,0,1,87037029 --- Los demás 80%,03_anexo_chile_sa_2017.pdf
CHL,expanded_2017,HS2017,1839,87037031,87037031,870370,national8,pending_concordance,0,80,1,1,"87037031 --- Tipo jeep y similares con tracción 0%: Con motor de en las cuatro ruedas émbolo (pistón), de encendido por compresión (diesel o semi-diés",03_anexo_chile_sa_2017.pdf
CHL,expanded_2017,HS2017,1840,87037032,87037032,870370,national8,pending_concordance,0,80,1,1,"87037032 --- Vehículos casa-rodante 80%: Con motor de émbolo (pistón), de encendido por compresión (diesel o semi-diésel), de cilindrada superior a 25",03_anexo_chile_sa_2017.pdf
CHL,expanded_2017,HS2017,1841,87037039,87037039,870370,national8,pending_concordance,80,80,0,1,87037039 --- Los demás 80%,03_anexo_chile_sa_2017.pdf
CHL,expanded_2017,HS2017,1842,87038000,87038000,870380,national8,pending_concordance,80,80,0,1,"87038000 - Los demás vehículos, propulsados 80% únicamente con motor eléctrico",03_anexo_chile_sa_2017.pdf
CHL,expanded_2017,HS2017,1843,87039011,87039011,870390,national8,exact,80,80,0,0,87039011 --- Propulsados únicamente con 80% motor a gas,03_anexo_chile_sa_2017.pdf
CHL,expanded_2017,HS2017,1844,87039019,87039019,870390,national8,exact,80,80,0,0,87039019 --- Los demás 80%,03_anexo_chile_sa_2017.pdf
CHL,expanded_2017,HS2017,1845,87039090,87039090,870390,national8,exact,80,80,0,0,87039090 -- Los demás 80%,03_anexo_chile_sa_2017.pdf
CHL,expanded_2017,HS2017,1846,87041090,87041090,870410,national8,exact,80,80,0,0,87041090 -- Los demás 80%,03_anexo_chile_sa_2017.pdf
CHL,expanded_2017,HS2017,1847,87042121,87042121,870421,national8,exact,80,80,0,0,87042121 ---- Camionetas 80%,03_anexo_chile_sa_2017.pdf
CHL,expanded_2017,HS2017,1848,87042129,87042129,870421,national8,exact,80,80,0,0,87042129 ---- Los demás 80%,03_anexo_chile_sa_2017.pdf
CHL,expanded_2017,HS2017,1849,87042190,87042190,870421,national8,exact,80,80,0,0,87042190 --- Los demás 80%,03_anexo_chile_sa_2017.pdf
CHL,expanded_2017,HS2017,1850,87042271,87042271,870422,national8,exact,80,80,0,0,87042271 ---- Para camiones de carretera 80%,03_anexo_chile_sa_2017.pdf
CHL,expanded_2017,HS2017,1851,87042279,87042279,870422,national8,exact,80,80,0,0,87042279 ---- Los demás 80%,03_anexo_chile_sa_2017.pdf
CHL,expanded_2017,HS2017,1852,87042290,87042290,870422,national8,exact,80,80,0,0,87042290 --- Los demás 80%,03_anexo_chile_sa_2017.pdf
CHL,expanded_2017,HS2017,1853,87042311,87042311,870423,national8,exact,80,80,0,0,87042311 ---- Camiones 80%,03_anexo_chile_sa_2017.pdf
CHL,expanded_2017,HS2017,1854,87042319,87042319,870423,national8,exact,80,80,0,0,87042319 ---- Los demás 80%,03_anexo_chile_sa_2017.pdf
CHL,expanded_2017,HS2017,1855,87042390,87042390,870423,national8,exact,80,80,0,0,87042390 --- Los demás 80%,03_anexo_chile_sa_2017.pdf
CHL,expanded_2017,HS2017,1856,87043111,87043111,870431,national8,exact,80,80,0,0,87043111 ---- Con capacidad de carga útil 80% superior a 2.000 kilos,03_anexo_chile_sa_2017.pdf
CHL,expanded_2017,HS2017,1857,87043121,87043121,870431,national8,exact,60,60,0,0,87043121 ---- Camionetas 60%,03_anexo_chile_sa_2017.pdf
CHL,expanded_2017,HS2017,1858,87043190,87043190,870431,national8,exact,80,80,0,0,87043190 --- Los demás 80%,03_anexo_chile_sa_2017.pdf
CHL,expanded_2017,HS2017,1859,87043210,87043210,870432,national8,exact,80,80,0,0,87043210 --- Furgones 80%,03_anexo_chile_sa_2017.pdf
CHL,expanded_2017,HS2017,1860,87043220,87043220,870432,national8,exact,80,80,0,0,87043220 --- Con capacidad de carga útil 80% superior a 500 kilos pero,03_anexo_chile_sa_2017.pdf
CHL,expanded_2017,HS2017,1861,87043270,87043270,870432,national8,exact,80,80,0,0,87043270 --- Chasis cabinados de vehículos 80% para el transporte de,03_anexo_chile_sa_2017.pdf
CHL,expanded_2017,HS2017,1862,87049010,87049010,870490,national8,exact,80,80,0,0,87049010 -- Furgones 80%,03_anexo_chile_sa_2017.pdf
CHL,expanded_2017,HS2017,1863,87049020,87049020,870490,national8,exact,80,80,0,0,87049020 -- Con capacidad de carga útil 80% superior a 500 kilos pero,03_anexo_chile_sa_2017.pdf
CHL,expanded_2017,HS2017,1864,87049090,87049090,870490,national8,exact,80,80,0,0,87049090 -- Los demás 80%,03_anexo_chile_sa_2017.pdf
CHL,expanded_2017,HS2017,1865,87060019,87060019,870600,national8,exact,80,80,0,0,87060019 -- Los demás 80%,03_anexo_chile_sa_2017.pdf
CHL,expanded_2017,HS2017,1866,87060021,87060021,870600,national8,exact,80,80,0,0,87060021 -- De vehículos con capacidad de 80% carga útil superior a,03_anexo_chile_sa_2017.pdf
CHL,expanded_2017,HS2017,1867,87060029,87060029,870600,national8,exact,80,80,0,0,87060029 -- Los demás 80%,03_anexo_chile_sa_2017.pdf
CHL,expanded_2017,HS2017,1868,87060099,87060099,870600,national8,exact,80,80,0,0,87060099 -- Los demás 80%,03_anexo_chile_sa_2017.pdf
CHL,expanded_2017,HS2017,1869,87081010,87081010,870810,national8,exact,60,60,0,0,"87081010 -- Parachoques (paragolpes, 60% defensas), sin incluir sus partes",03_anexo_chile_sa_2017.pdf
CHL,expanded_2017,HS2017,1870,87081090,87081090,870810,national8,exact,80,80,0,0,87081090 -- Las demás 80%,03_anexo_chile_sa_2017.pdf
CHL,expanded_2017,HS2017,1871,87082100,87082100,870821,national8,exact,80,80,0,0,87082100 -- Cinturones de seguridad 80%,03_anexo_chile_sa_2017.pdf
CHL,expanded_2017,HS2017,1872,87082930,87082930,870829,national8,exact,60,60,0,0,87082930 --- Ensambles de puerta 60%,03_anexo_chile_sa_2017.pdf
CHL,expanded_2017,HS2017,1873,87082950,87082950,870829,national8,exact,80,80,0,0,87082950 --- Capó del motor 80%,03_anexo_chile_sa_2017.pdf
CHL,expanded_2017,HS2017,1874,87082960,87082960,870829,national8,exact,80,80,0,0,87082960 --- Guardafangos 80%,03_anexo_chile_sa_2017.pdf
CHL,expanded_2017,HS2017,1875,87082970,87082970,870829,national8,exact,80,80,0,0,87082970 --- Máscaras frontales 80%,03_anexo_chile_sa_2017.pdf
CHL,expanded_2017,HS2017,1876,87082990,87082990,870829,national8,exact,60,60,0,0,87082990 --- Las demás 60%,03_anexo_chile_sa_2017.pdf
CHL,expanded_2017,HS2017,1877,87083010,87083010,870830,national8,exact,60,60,0,0,87083010 -- Pastillas de freno montadas 60%,03_anexo_chile_sa_2017.pdf
CHL,expanded_2017,HS2017,1878,87083090,87083090,870830,national8,exact,60,60,0,0,87083090 -- Los demás 60%,03_anexo_chile_sa_2017.pdf
CHL,expanded_2017,HS2017,1879,87084010,87084010,870840,national8,exact,60,60,0,0,87084010 -- Para vehículos de la partida 87.01 60%,03_anexo_chile_sa_2017.pdf
CHL,expanded_2017,HS2017,1880,87084030,87084030,870840,national8,exact,30,30,0,0,87084030 -- Para vehículos de la partida 87.03 30%,03_anexo_chile_sa_2017.pdf
CHL,expanded_2017,HS2017,1881,87084090,87084090,870840,national8,exact,60,60,0,0,87084090 -- Las demás 60%,03_anexo_chile_sa_2017.pdf
CHL,expanded_2017,HS2017,1882,87085000,87085000,870850,national8,exact,60,60,0,0,"87085000 - Ejes con diferencial, incluso 60% provistos con otros órganos de",03_anexo_chile_sa_2017.pdf
CHL,expanded_2017,HS2017,1883,87087010,87087010,870870,national8,exact,60,60,0,0,87087010 -- Ruedas 60%,03_anexo_chile_sa_2017.pdf
CHL,expanded_2017,HS2017,1884,87087020,87087020,870870,national8,exact,60,60,0,0,87087020 -- Partes y accesorios 60%,03_anexo_chile_sa_2017.pdf
CHL,expanded_2017,HS2017,1885,87088091,87088091,870880,national8,exact,80,80,0,0,87088091 --- Para vehículos de la partida 87.01 80%,03_anexo_chile_sa_2017.pdf
CHL,expanded_2017,HS2017,1886,87088093,87088093,870880,national8,exact,60,60,0,0,87088093 --- Para vehículos de la partida 87.03 60%,03_anexo_chile_sa_2017.pdf
CHL,expanded_2017,HS2017,1887,87088094,87088094,870880,national8,exact,80,80,0,0,87088094 --- Para vehículos de la partida 87.04 80%,03_anexo_chile_sa_2017.pdf
CHL,expanded_2017,HS2017,1888,87088099,87088099,870880,national8,exact,60,60,0,0,87088099 --- Los demás 60%,03_anexo_chile_sa_2017.pdf
CHL,expanded_2017,HS2017,1889,87089100,87089100,870891,national8,exact,60,60,0,0,87089100 -- Radiadores y sus partes 60%,03_anexo_chile_sa_2017.pdf
CHL,expanded_2017,HS2017,1890,87089200,87089200,870892,national8,exact,60,60,0,0,87089200 -- Silenciadores y tubos (caños) de 60% escape; sus partes,03_anexo_chile_sa_2017.pdf
CHL,expanded_2017,HS2017,1891,87089313,87089313,870893,national8,exact,30,30,0,0,87089313 ---- Para vehículos de la partida 87.03 30%,03_anexo_chile_sa_2017.pdf
CHL,expanded_2017,HS2017,1892,87089314,87089314,870893,national8,exact,60,60,0,0,87089314 ---- Para vehículos de la partida 87.04 60%,03_anexo_chile_sa_2017.pdf
CHL,expanded_2017,HS2017,1893,87089390,87089390,870893,national8,exact,60,60,0,0,87089390 --- Partes 60%,03_anexo_chile_sa_2017.pdf
CHL,expanded_2017,HS2017,1894,87089400,87089400,870894,national8,exact,60,60,0,0,"87089400 -- Volantes, columnas y cajas de 60% dirección; sus partes",03_anexo_chile_sa_2017.pdf
CHL,expanded_2017,HS2017,1895,87089500,87089500,870895,national8,exact,60,60,0,0,87089500 -- Bolsas inflables de seguridad con 60% sistema de inflado,03_anexo_chile_sa_2017.pdf
CHL,expanded_2017,HS2017,1896,87089930,87089930,870899,national8,exact,80,80,0,0,87089930 --- Semiejes y ejes de dirección 80%,03_anexo_chile_sa_2017.pdf
CHL,expanded_2017,HS2017,1897,87089960,87089960,870899,national8,exact,100,100,0,0,87089960 --- Otras partes para sistemas de 100% dirección,03_anexo_chile_sa_2017.pdf
CHL,expanded_2017,HS2017,1898,87089990,87089990,870899,national8,exact,80,80,0,0,87089990 --- Los demás 80%,03_anexo_chile_sa_2017.pdf
CHL,expanded_2017,HS2017,1899,87111000,87111000,871110,national8,exact,100,100,0,0,87111000 - Con motor de émbolo (pistón) 100% alternativo de cilindrada,03_anexo_chile_sa_2017.pdf
CHL,expanded_2017,HS2017,1900,87112010,87112010,871120,national8,exact,80,80,0,0,87112010 -- De turismo 80%,03_anexo_chile_sa_2017.pdf
CHL,expanded_2017,HS2017,1901,87112020,87112020,871120,national8,exact,80,80,0,0,87112020 -- De todo terreno 80%,03_anexo_chile_sa_2017.pdf
CHL,expanded_2017,HS2017,1902,87112090,87112090,871120,national8,exact,60,60,0,0,87112090 -- Las demás 60%,03_anexo_chile_sa_2017.pdf
CHL,expanded_2017,HS2017,1903,87113000,87113000,871130,national8,exact,100,100,0,0,87113000 - Con motor de émbolo (pistón) 100% alternativo de cilindrada,03_anexo_chile_sa_2017.pdf
CHL,expanded_2017,HS2017,1904,87114000,87114000,871140,national8,exact,80,80,0,0,87114000 - Con motor de émbolo (pistón) 80% alternativo de cilindrada,03_anexo_chile_sa_2017.pdf
CHL,expanded_2017,HS2017,1905,87115000,87115000,871150,national8,exact,80,80,0,0,87115000 - Con motor de émbolo (pistón) 80% alternativo de cilindrada,03_anexo_chile_sa_2017.pdf
CHL,expanded_2017,HS2017,1906,87116000,87116000,871160,national8,pending_concordance,80,80,0,1,87116000 - Propulsados con motor eléctrico 80%,03_anexo_chile_sa_2017.pdf
CHL,expanded_2017,HS2017,1907,87119000,87119000,871190,national8,exact,80,80,0,0,87119000 - Los demás 80%,03_anexo_chile_sa_2017.pdf
CHL,expanded_2017,HS2017,1908,87120010,87120010,871200,national8,exact,60,60,0,0,"87120010 - Bicicletas de aro inferior o igual a 60% 12""",03_anexo_chile_sa_2017.pdf
CHL,expanded_2017,HS2017,1909,87120020,87120020,871200,national8,exact,60,60,0,0,"87120020 - Bicicletas de aro superior a 12"" 60% pero inferior o igual a 26""",03_anexo_chile_sa_2017.pdf
CHL,expanded_2017,HS2017,1910,87120090,87120090,871200,national8,exact,60,60,0,0,87120090 - Los demás 60%,03_anexo_chile_sa_2017.pdf
CHL,expanded_2017,HS2017,1911,87141000,87141000,871410,national8,exact,80,80,0,0,87141000 - De motocicletas (incluidos los 80% ciclomotores),03_anexo_chile_sa_2017.pdf
CHL,expanded_2017,HS2017,1912,87149100,87149100,871491,national8,exact,80,80,0,0,"87149100 -- Cuadros y horquillas, y sus partes 80%",03_anexo_chile_sa_2017.pdf
CHL,expanded_2017,HS2017,1913,87149200,87149200,871492,national8,exact,100,100,0,0,87149200 -- Llantas y radios 100%,03_anexo_chile_sa_2017.pdf
CHL,expanded_2017,HS2017,1914,87149300,87149300,871493,national8,exact,80,80,0,0,87149300 -- Bujes sin freno y piñones libres 80%,03_anexo_chile_sa_2017.pdf
CHL,expanded_2017,HS2017,1915,87149400,87149400,871494,national8,exact,80,80,0,0,"87149400 -- Frenos, incluidos los bujes con 80% freno, y sus partes",03_anexo_chile_sa_2017.pdf
CHL,expanded_2017,HS2017,1916,87149600,87149600,871496,national8,exact,80,80,0,0,"87149600 -- Pedales y mecanismos de pedal, y 80% sus partes",03_anexo_chile_sa_2017.pdf
CHL,expanded_2017,HS2017,1917,87149990,87149990,871499,national8,exact,80,80,0,0,87149990 --- Los demás 80%,03_anexo_chile_sa_2017.pdf
CHL,expanded_2017,HS2017,1918,87169020,87169020,871690,national8,exact,100,100,0,0,87169020 -- Sistemas de enganche y sus partes 100%,03_anexo_chile_sa_2017.pdf
CHL,expanded_2017,HS2017,1919,87169030,87169030,871690,national8,exact,80,80,0,0,87169030 -- Órganos de suspensión y sus 80% partes,03_anexo_chile_sa_2017.pdf
CHL,expanded_2017,HS2017,1920,87169040,87169040,871690,national8,exact,80,80,0,0,87169040 -- Ruedas y sus partes 80%,03_anexo_chile_sa_2017.pdf
CHL,expanded_2017,HS2017,1921,87169090,87169090,871690,national8,exact,80,80,0,0,87169090 -- Las demás 80%,03_anexo_chile_sa_2017.pdf
CHL,expanded_2017,HS2017,1922,88010000,88010000,880100,national8,exact,100,100,0,0,"88010000 Globos y dirigibles; planeadores, alas 100% planeadoras y demás",03_anexo_chile_sa_2017.pdf
CHL,expanded_2017,HS2017,1923,88052900,88052900,880529,national8,exact,80,80,0,0,88052900 -- Los demás 80%,03_anexo_chile_sa_2017.pdf
CHL,expanded_2017,HS2017,1924,90014010,90014010,900140,national8,exact,80,80,0,0,90014010 -- Ópticos 80%,03_anexo_chile_sa_2017.pdf
CHL,expanded_2017,HS2017,1925,90014090,90014090,900140,national8,exact,80,80,0,0,90014090 -- Los demás 80%,03_anexo_chile_sa_2017.pdf
CHL,expanded_2017,HS2017,1926,90015010,90015010,900150,national8,exact,80,80,0,0,90015010 -- Ópticos 80%,03_anexo_chile_sa_2017.pdf
CHL,expanded_2017,HS2017,1927,90015090,90015090,900150,national8,exact,80,80,0,0,90015090 -- Los demás 80%,03_anexo_chile_sa_2017.pdf
CHL,expanded_2017,HS2017,1928,90029000,90029000,900290,national8,exact,100,100,0,0,90029000 - Los demás 100%,03_anexo_chile_sa_2017.pdf
CHL,expanded_2017,HS2017,1929,90058000,90058000,900580,national8,exact,100,100,0,0,90058000 - Los demás instrumentos 100%,03_anexo_chile_sa_2017.pdf
CHL,expanded_2017,HS2017,1930,90065300,90065300,900653,national8,exact,80,80,0,0,"90065300 -- Las demás, para películas en rollo 80% de anchura igual a 35 mm",03_anexo_chile_sa_2017.pdf
CHL,expanded_2017,HS2017,1931,90065900,90065900,900659,national8,exact,0,80,1,0,90065900 -- Las demás 0%: Cámaras fotográficas de los tipos utilizados para preparar clisés o cilindros de imprenta 80%: Las demás,03_anexo_chile_sa_2017.pdf
CHL,expanded_2017,HS2017,1932,90118010,90118010,901180,national8,exact,100,100,0,0,90118010 -- Para laboratorio clínico 100%,03_anexo_chile_sa_2017.pdf
CHL,expanded_2017,HS2017,1933,90118090,90118090,901180,national8,exact,100,100,0,0,90118090 -- Los demás 100%,03_anexo_chile_sa_2017.pdf
CHL,expanded_2017,HS2017,1934,90131000,90131000,901310,national8,exact,100,100,0,0,90131000 - Miras telescópicas para armas; 100% periscopios; visores para,03_anexo_chile_sa_2017.pdf
CHL,expanded_2017,HS2017,1935,90138000,90138000,901380,national8,exact,100,100,0,0,"90138000 - Los demás dispositivos, aparatos e 100% instrumentos",03_anexo_chile_sa_2017.pdf
CHL,expanded_2017,HS2017,1936,90141000,90141000,901410,national8,exact,80,80,0,0,"90141000 - Brújulas, incluidos los compases de 80% navegación",03_anexo_chile_sa_2017.pdf
CHL,expanded_2017,HS2017,1937,90158000,90158000,901580,national8,exact,60,60,0,0,90158000 - Los demás instrumentos y aparatos 60%,03_anexo_chile_sa_2017.pdf
CHL,expanded_2017,HS2017,1938,90159000,90159000,901590,national8,exact,80,80,0,0,90159000 - Partes y accesorios 80%,03_anexo_chile_sa_2017.pdf
CHL,expanded_2017,HS2017,1939,90172000,90172000,901720,national8,exact,100,100,0,0,"90172000 - Los demás instrumentos de dibujo, 100% trazado o cálculo",03_anexo_chile_sa_2017.pdf
CHL,expanded_2017,HS2017,1940,90173000,90173000,901730,national8,exact,80,80,0,0,"90173000 - Micrómetros, pies de rey, 80% calibradores y galgas",03_anexo_chile_sa_2017.pdf
CHL,expanded_2017,HS2017,1941,90178000,90178000,901780,national8,exact,100,100,0,0,90178000 - Los demás instrumentos 100%,03_anexo_chile_sa_2017.pdf
CHL,expanded_2017,HS2017,1942,90181100,90181100,901811,national8,exact,80,80,0,0,90181100 -- Electrocardiógrafos 80%,03_anexo_chile_sa_2017.pdf
CHL,expanded_2017,HS2017,1943,90181200,90181200,901812,national8,exact,60,60,0,0,90181200 -- Aparatos de diagnóstico por 60% exploración ultrasónica,03_anexo_chile_sa_2017.pdf
CHL,expanded_2017,HS2017,1944,90181900,90181900,901819,national8,exact,80,80,0,0,90181900 -- Los demás 80%,03_anexo_chile_sa_2017.pdf
CHL,expanded_2017,HS2017,1945,90183210,90183210,901832,national8,exact,100,100,0,0,90183210 --- Agujas tubulares de metal 100%,03_anexo_chile_sa_2017.pdf
CHL,expanded_2017,HS2017,1946,90183220,90183220,901832,national8,exact,100,100,0,0,90183220 --- Agujas de sutura 100%,03_anexo_chile_sa_2017.pdf
CHL,expanded_2017,HS2017,1947,90183910,90183910,901839,national8,exact,100,100,0,0,90183910 --- Catéteres 100%,03_anexo_chile_sa_2017.pdf
CHL,expanded_2017,HS2017,1948,90183930,90183930,901839,national8,exact,80,80,0,0,90183930 --- Sondas 80%,03_anexo_chile_sa_2017.pdf
CHL,expanded_2017,HS2017,1949,90183940,90183940,901839,national8,exact,100,100,0,0,90183940 --- Set de administración de 100% soluciones,03_anexo_chile_sa_2017.pdf
CHL,expanded_2017,HS2017,1950,90183990,90183990,901839,national8,exact,100,100,0,0,90183990 --- Los demás 100%,03_anexo_chile_sa_2017.pdf
CHL,expanded_2017,HS2017,1951,90184910,90184910,901849,national8,exact,100,100,0,0,90184910 --- Instrumentos y aparatos 100%,03_anexo_chile_sa_2017.pdf
CHL,expanded_2017,HS2017,1952,90184990,90184990,901849,national8,exact,100,100,0,0,90184990 --- Partes y accesorios 100%,03_anexo_chile_sa_2017.pdf
CHL,expanded_2017,HS2017,1953,90185010,90185010,901850,national8,exact,80,80,0,0,90185010 -- Instrumentos y aparatos 80%,03_anexo_chile_sa_2017.pdf
CHL,expanded_2017,HS2017,1954,90185090,90185090,901850,national8,exact,80,80,0,0,90185090 -- Partes y accesorios 80%,03_anexo_chile_sa_2017.pdf
CHL,expanded_2017,HS2017,1955,90189030,90189030,901890,national8,exact,80,80,0,0,90189030 -- Monitores cardíacos 80%,03_anexo_chile_sa_2017.pdf
CHL,expanded_2017,HS2017,1956,90189081,90189081,901890,national8,exact,80,80,0,0,90189081 --- Bisturíes eléctricos o electrónicos 80%,03_anexo_chile_sa_2017.pdf
CHL,expanded_2017,HS2017,1957,90189082,90189082,901890,national8,exact,80,80,0,0,90189082 --- Endoscopios 80%,03_anexo_chile_sa_2017.pdf
CHL,expanded_2017,HS2017,1958,90189083,90189083,901890,national8,exact,80,80,0,0,90189083 --- Bombas de infusión 80%,03_anexo_chile_sa_2017.pdf
CHL,expanded_2017,HS2017,1959,90189089,90189089,901890,national8,exact,80,80,0,0,90189089 --- Los demás 80%,03_anexo_chile_sa_2017.pdf
CHL,expanded_2017,HS2017,1960,90189090,90189090,901890,national8,exact,100,100,0,0,90189090 -- Partes y accesorios 100%,03_anexo_chile_sa_2017.pdf
CHL,expanded_2017,HS2017,1961,90191000,90191000,901910,national8,exact,100,100,0,0,90191000 - Aparatos de mecanoterapia; 100% aparatos para masajes;,03_anexo_chile_sa_2017.pdf
CHL,expanded_2017,HS2017,1962,90192020,90192020,901920,national8,exact,100,100,0,0,90192020 -- Ventiladores mecánicos 100%,03_anexo_chile_sa_2017.pdf
CHL,expanded_2017,HS2017,1963,90192090,90192090,901920,national8,exact,100,100,0,0,90192090 -- Los demás 100%,03_anexo_chile_sa_2017.pdf
CHL,expanded_2017,HS2017,1964,90200011,90200011,902000,national8,exact,80,80,0,0,90200011 -- Autónomos 80%,03_anexo_chile_sa_2017.pdf
CHL,expanded_2017,HS2017,1965,90200029,90200029,902000,national8,exact,80,80,0,0,90200029 -- Las demás 80%,03_anexo_chile_sa_2017.pdf
CHL,expanded_2017,HS2017,1966,90211000,90211000,902110,national8,exact,100,100,0,0,90211000 - Artículos y aparatos de ortopedia o 100% para fracturas,03_anexo_chile_sa_2017.pdf
CHL,expanded_2017,HS2017,1967,90213110,90213110,902131,national8,exact,100,100,0,0,90213110 --- De rodillas 100%,03_anexo_chile_sa_2017.pdf
CHL,expanded_2017,HS2017,1968,90213120,90213120,902131,national8,exact,100,100,0,0,90213120 --- De caderas 100%,03_anexo_chile_sa_2017.pdf
CHL,expanded_2017,HS2017,1969,90213190,90213190,902131,national8,exact,100,100,0,0,90213190 --- Las demás 100%,03_anexo_chile_sa_2017.pdf
CHL,expanded_2017,HS2017,1970,90213910,90213910,902139,national8,exact,80,80,0,0,90213910 --- Lentes intraoculares 80%,03_anexo_chile_sa_2017.pdf
CHL,expanded_2017,HS2017,1971,90213920,90213920,902139,national8,exact,80,80,0,0,90213920 --- Implantes mamarios 80%,03_anexo_chile_sa_2017.pdf
CHL,expanded_2017,HS2017,1972,90213930,90213930,902139,national8,exact,80,80,0,0,90213930 --- Bombas implantables para 80% liberación de medicamentos,03_anexo_chile_sa_2017.pdf
CHL,expanded_2017,HS2017,1973,90213940,90213940,902139,national8,exact,80,80,0,0,90213940 --- Válvulas cardíacas 80%,03_anexo_chile_sa_2017.pdf
CHL,expanded_2017,HS2017,1974,90213950,90213950,902139,national8,exact,80,80,0,0,90213950 --- Stents vasculares y neurológicos 80%,03_anexo_chile_sa_2017.pdf
CHL,expanded_2017,HS2017,1975,90213990,90213990,902139,national8,exact,80,80,0,0,90213990 --- Los demás 80%,03_anexo_chile_sa_2017.pdf
CHL,expanded_2017,HS2017,1976,90219000,90219000,902190,national8,exact,100,100,0,0,90219000 - Los demás 100%,03_anexo_chile_sa_2017.pdf
CHL,expanded_2017,HS2017,1977,90221411,90221411,902214,national8,exact,80,80,0,0,90221411 ---- Aparatos de rayos X para 80% radioterapia,03_anexo_chile_sa_2017.pdf
CHL,expanded_2017,HS2017,1978,90221419,90221419,902214,national8,exact,80,80,0,0,90221419 ---- Los demás 80%,03_anexo_chile_sa_2017.pdf
CHL,expanded_2017,HS2017,1979,90223000,90223000,902230,national8,exact,100,100,0,0,90223000 - Tubos de rayos X 100%,03_anexo_chile_sa_2017.pdf
CHL,expanded_2017,HS2017,1980,90229090,90229090,902290,national8,exact,80,80,0,0,90229090 -- Los demás 80%,03_anexo_chile_sa_2017.pdf
CHL,expanded_2017,HS2017,1981,90230000,90230000,902300,national8,exact,80,80,0,0,"90230000 Instrumentos, aparatos y modelos 80% concebidos para demostraciones",03_anexo_chile_sa_2017.pdf
CHL,expanded_2017,HS2017,1982,90248000,90248000,902480,national8,exact,80,80,0,0,90248000 - Las demás máquinas y aparatos 80%,03_anexo_chile_sa_2017.pdf
CHL,expanded_2017,HS2017,1983,90251900,90251900,902519,national8,exact,100,100,0,0,90251900 -- Los demás 100%,03_anexo_chile_sa_2017.pdf
CHL,expanded_2017,HS2017,1984,90259000,90259000,902590,national8,exact,100,100,0,0,90259000 - Partes y accesorios 100%,03_anexo_chile_sa_2017.pdf
CHL,expanded_2017,HS2017,1985,90261090,90261090,902610,national8,exact,80,80,0,0,90261090 -- Los demás 80%,03_anexo_chile_sa_2017.pdf
CHL,expanded_2017,HS2017,1986,90262010,90262010,902620,national8,exact,80,80,0,0,90262010 -- Manómetros 80%,03_anexo_chile_sa_2017.pdf
CHL,expanded_2017,HS2017,1987,90262090,90262090,902620,national8,exact,100,100,0,0,90262090 -- Los demás 100%,03_anexo_chile_sa_2017.pdf
CHL,expanded_2017,HS2017,1988,90268000,90268000,902680,national8,exact,60,60,0,0,90268000 - Los demás instrumentos y aparatos 60%,03_anexo_chile_sa_2017.pdf
CHL,expanded_2017,HS2017,1989,90269000,90269000,902690,national8,exact,80,80,0,0,90269000 - Partes y accesorios 80%,03_anexo_chile_sa_2017.pdf
CHL,expanded_2017,HS2017,1990,90271090,90271090,902710,national8,exact,100,100,0,0,90271090 -- Los demás 100%,03_anexo_chile_sa_2017.pdf
CHL,expanded_2017,HS2017,1991,90278090,90278090,902780,national8,exact,100,100,0,0,90278090 -- Los demás 100%,03_anexo_chile_sa_2017.pdf
CHL,expanded_2017,HS2017,1992,90279000,90279000,902790,national8,exact,80,80,0,0,90279000 - Micrótomos; partes y accesorios 80%,03_anexo_chile_sa_2017.pdf
CHL,expanded_2017,HS2017,1993,90283090,90283090,902830,national8,exact,80,80,0,0,90283090 -- Los demás 80%,03_anexo_chile_sa_2017.pdf
CHL,expanded_2017,HS2017,1994,90291000,90291000,902910,national8,exact,100,100,0,0,"90291000 - Cuentarrevoluciones, contadores de 100% producción,",03_anexo_chile_sa_2017.pdf
CHL,expanded_2017,HS2017,1995,90292000,90292000,902920,national8,exact,100,100,0,0,90292000 - Velocímetros y tacómetros; 100% estroboscopios,03_anexo_chile_sa_2017.pdf
CHL,expanded_2017,HS2017,1996,90302000,90302000,903020,national8,exact,80,80,0,0,90302000 - Osciloscopios y oscilógrafos 80%,03_anexo_chile_sa_2017.pdf
CHL,expanded_2017,HS2017,1997,90303100,90303100,903031,national8,exact,80,80,0,0,"90303100 -- Multímetros, sin dispositivo 80% registrador",03_anexo_chile_sa_2017.pdf
CHL,expanded_2017,HS2017,1998,90303200,90303200,903032,national8,exact,80,80,0,0,"90303200 -- Multímetros, con dispositivo 80% registrador",03_anexo_chile_sa_2017.pdf
CHL,expanded_2017,HS2017,1999,90303300,90303300,903033,national8,exact,100,100,0,0,"90303300 -- Los demás, sin dispositivo 100% registrador",03_anexo_chile_sa_2017.pdf
CHL,expanded_2017,HS2017,2000,90303900,90303900,903039,national8,exact,100,100,0,0,"90303900 -- Los demás, con dispositivo 100% registrador",03_anexo_chile_sa_2017.pdf
CHL,expanded_2017,HS2017,2001,90304000,90304000,903040,national8,exact,80,80,0,0,"90304000 - Los demás instrumentos y aparatos, 80% especialmente",03_anexo_chile_sa_2017.pdf
CHL,expanded_2017,HS2017,2002,90318000,90318000,903180,national8,exact,60,60,0,0,"90318000 - Los demás instrumentos, aparatos y 60% máquinas",03_anexo_chile_sa_2017.pdf
CHL,expanded_2017,HS2017,2003,90319000,90319000,903190,national8,exact,80,80,0,0,90319000 - Partes y accesorios 80%,03_anexo_chile_sa_2017.pdf
CHL,expanded_2017,HS2017,2004,90321000,90321000,903210,national8,exact,80,80,0,0,90321000 - Termostatos 80%,03_anexo_chile_sa_2017.pdf
CHL,expanded_2017,HS2017,2005,90328900,90328900,903289,national8,exact,100,100,0,0,90328900 -- Los demás 100%,03_anexo_chile_sa_2017.pdf
CHL,expanded_2017,HS2017,2006,90329000,90329000,903290,national8,exact,60,60,0,0,90329000 - Partes y accesorios 60%,03_anexo_chile_sa_2017.pdf
CHL,expanded_2017,HS2017,2007,90330000,90330000,903300,national8,exact,80,80,0,0,"90330000 Partes y accesorios, no expresados 80% ni comprendidos en",03_anexo_chile_sa_2017.pdf
CHL,expanded_2017,HS2017,2008,91052100,91052100,910521,national8,exact,100,100,0,0,91052100 -- Eléctricos 100%,03_anexo_chile_sa_2017.pdf
CHL,expanded_2017,HS2017,2009,91052900,91052900,910529,national8,exact,100,100,0,0,91052900 -- Los demás 100%,03_anexo_chile_sa_2017.pdf
CHL,expanded_2017,HS2017,2010,91059100,91059100,910591,national8,exact,80,80,0,0,91059100 -- Eléctricos 80%,03_anexo_chile_sa_2017.pdf
CHL,expanded_2017,HS2017,2011,91069000,91069000,910690,national8,exact,100,100,0,0,91069000 - Los demás 100%,03_anexo_chile_sa_2017.pdf
CHL,expanded_2017,HS2017,2012,91070000,91070000,910700,national8,exact,80,80,0,0,91070000 Interruptores horarios y demás 80% aparatos que permitan,03_anexo_chile_sa_2017.pdf
CHL,expanded_2017,HS2017,2013,92029000,92029000,920290,national8,exact,100,100,0,0,92029000 - Los demás 100%,03_anexo_chile_sa_2017.pdf
CHL,expanded_2017,HS2017,2014,92079000,92079000,920790,national8,exact,80,80,0,0,92079000 - Los demás 80%,03_anexo_chile_sa_2017.pdf
CHL,expanded_2017,HS2017,2015,94016110,94016110,940161,national8,exact,80,80,0,0,94016110 --- Sillas 80%,03_anexo_chile_sa_2017.pdf
CHL,expanded_2017,HS2017,2016,94016190,94016190,940161,national8,exact,30,30,0,0,94016190 --- Los demás 30%,03_anexo_chile_sa_2017.pdf
CHL,expanded_2017,HS2017,2017,94016990,94016990,940169,national8,exact,80,80,0,0,94016990 --- Los demás 80%,03_anexo_chile_sa_2017.pdf
CHL,expanded_2017,HS2017,2018,94017110,94017110,940171,national8,exact,80,80,0,0,94017110 --- Sillas 80%,03_anexo_chile_sa_2017.pdf
CHL,expanded_2017,HS2017,2019,94017910,94017910,940179,national8,exact,100,100,0,0,94017910 --- Sillas 100%,03_anexo_chile_sa_2017.pdf
CHL,expanded_2017,HS2017,2020,94018090,94018090,940180,national8,exact,80,80,0,0,94018090 -- Los demás 80%,03_anexo_chile_sa_2017.pdf
CHL,expanded_2017,HS2017,2021,94019020,94019020,940190,national8,exact,80,80,0,0,94019020 -- Para asientos con armazón de 80% metal,03_anexo_chile_sa_2017.pdf
CHL,expanded_2017,HS2017,2022,94019090,94019090,940190,national8,exact,30,30,0,0,94019090 -- Las demás 30%,03_anexo_chile_sa_2017.pdf
CHL,expanded_2017,HS2017,2023,94029010,94029010,940290,national8,exact,80,80,0,0,94029010 -- Mobiliario médico-quirúrgico 80%,03_anexo_chile_sa_2017.pdf
CHL,expanded_2017,HS2017,2024,94029080,94029080,940290,national8,exact,100,100,0,0,94029080 -- Los demás 100%,03_anexo_chile_sa_2017.pdf
CHL,expanded_2017,HS2017,2025,94032010,94032010,940320,national8,exact,80,80,0,0,94032010 -- Mesas 80%,03_anexo_chile_sa_2017.pdf
CHL,expanded_2017,HS2017,2026,94032090,94032090,940320,national8,exact,60,60,0,0,94032090 -- Los demás 60%,03_anexo_chile_sa_2017.pdf
CHL,expanded_2017,HS2017,2027,94035020,94035020,940350,national8,exact,30,30,0,0,94035020 -- Veladores 30%,03_anexo_chile_sa_2017.pdf
CHL,expanded_2017,HS2017,2028,94035030,94035030,940350,national8,exact,30,30,0,0,94035030 -- Cómodas 30%,03_anexo_chile_sa_2017.pdf
CHL,expanded_2017,HS2017,2029,94035040,94035040,940350,national8,exact,30,30,0,0,94035040 -- Roperos 30%,03_anexo_chile_sa_2017.pdf
CHL,expanded_2017,HS2017,2030,94035090,94035090,940350,national8,exact,30,30,0,0,94035090 -- Los demás 30%,03_anexo_chile_sa_2017.pdf
CHL,expanded_2017,HS2017,2031,94036010,94036010,940360,national8,exact,60,60,0,0,94036010 -- Mesas para comedor 60%,03_anexo_chile_sa_2017.pdf
CHL,expanded_2017,HS2017,2032,94036030,94036030,940360,national8,exact,80,80,0,0,94036030 -- Estantes 80%,03_anexo_chile_sa_2017.pdf
CHL,expanded_2017,HS2017,2033,94036090,94036090,940360,national8,exact,30,30,0,0,94036090 -- Los demás 30%,03_anexo_chile_sa_2017.pdf
CHL,expanded_2017,HS2017,2034,94038900,94038900,940389,national8,exact,100,100,0,0,94038900 -- Los demás 100%,03_anexo_chile_sa_2017.pdf
CHL,expanded_2017,HS2017,2035,94039090,94039090,940390,national8,exact,30,30,0,0,94039090 -- Las demás 30%,03_anexo_chile_sa_2017.pdf
CHL,expanded_2017,HS2017,2036,94042990,94042990,940429,national8,exact,80,80,0,0,94042990 --- Los demás 80%,03_anexo_chile_sa_2017.pdf
CHL,expanded_2017,HS2017,2037,94049010,94049010,940490,national8,exact,60,60,0,0,94049010 -- Edredones 60%,03_anexo_chile_sa_2017.pdf
CHL,expanded_2017,HS2017,2038,94049020,94049020,940490,national8,exact,60,60,0,0,94049020 -- Cojines y almohadas 60%,03_anexo_chile_sa_2017.pdf
CHL,expanded_2017,HS2017,2039,94049090,94049090,940490,national8,exact,60,60,0,0,94049090 -- Los demás 60%,03_anexo_chile_sa_2017.pdf
CHL,expanded_2017,HS2017,2040,94051020,94051020,940510,national8,exact,60,60,0,0,94051020 -- De cerámica 60%,03_anexo_chile_sa_2017.pdf
CHL,expanded_2017,HS2017,2041,94051090,94051090,940510,national8,exact,60,60,0,0,94051090 -- Los demás 60%,03_anexo_chile_sa_2017.pdf
CHL,expanded_2017,HS2017,2042,94052010,94052010,940520,national8,exact,60,60,0,0,94052010 -- De plástico 60%,03_anexo_chile_sa_2017.pdf
CHL,expanded_2017,HS2017,2043,94052090,94052090,940520,national8,exact,80,80,0,0,94052090 -- Los demás 80%,03_anexo_chile_sa_2017.pdf
CHL,expanded_2017,HS2017,2044,94053010,94053010,940530,national8,exact,60,60,0,0,94053010 -- Con lámparas de incandescencia 60%,03_anexo_chile_sa_2017.pdf
CHL,expanded_2017,HS2017,2045,94053020,94053020,940530,national8,exact,60,60,0,0,94053020 -- Con lámparas de diodos emisores 60% de luz (LED),03_anexo_chile_sa_2017.pdf
CHL,expanded_2017,HS2017,2046,94053090,94053090,940530,national8,exact,60,60,0,0,94053090 -- Las demás 60%,03_anexo_chile_sa_2017.pdf
CHL,expanded_2017,HS2017,2047,94054010,94054010,940540,national8,exact,80,80,0,0,94054010 -- Del tipo xenón 80%,03_anexo_chile_sa_2017.pdf
CHL,expanded_2017,HS2017,2048,94054031,94054031,940540,national8,exact,60,60,0,0,94054031 --- De lámparas de descarga con 60% vapor de sodio,03_anexo_chile_sa_2017.pdf
CHL,expanded_2017,HS2017,2049,94054032,94054032,940540,national8,exact,60,60,0,0,94054032 --- De lámparas de descarga con 60% vapor de mercurio,03_anexo_chile_sa_2017.pdf
CHL,expanded_2017,HS2017,2050,94054033,94054033,940540,national8,exact,60,60,0,0,94054033 --- De lámparas de descarga con 60% vapor de halogenuros metálicos,03_anexo_chile_sa_2017.pdf
CHL,expanded_2017,HS2017,2051,94054034,94054034,940540,national8,exact,60,60,0,0,94054034 --- De lámparas de diodos emisores 60% de luz (LED),03_anexo_chile_sa_2017.pdf
CHL,expanded_2017,HS2017,2052,94054035,94054035,940540,national8,exact,60,60,0,0,94054035 --- De lámparas de inducción 60% electromagnética,03_anexo_chile_sa_2017.pdf
CHL,expanded_2017,HS2017,2053,94054039,94054039,940540,national8,exact,60,60,0,0,94054039 --- Las demás 60%,03_anexo_chile_sa_2017.pdf
CHL,expanded_2017,HS2017,2054,94054041,94054041,940540,national8,exact,60,60,0,0,94054041 --- De lámparas de descarga con 60% vapor de sodio,03_anexo_chile_sa_2017.pdf
CHL,expanded_2017,HS2017,2055,94054042,94054042,940540,national8,exact,60,60,0,0,94054042 --- De lámparas de descarga con 60% vapor de mercurio,03_anexo_chile_sa_2017.pdf
CHL,expanded_2017,HS2017,2056,94054043,94054043,940540,national8,exact,60,60,0,0,94054043 --- De lámparas de descarga con 60% vapor de halogenuros metálicos,03_anexo_chile_sa_2017.pdf
CHL,expanded_2017,HS2017,2057,94054044,94054044,940540,national8,exact,60,60,0,0,94054044 --- De lámparas de diodos emisores 60% de luz (LED),03_anexo_chile_sa_2017.pdf
CHL,expanded_2017,HS2017,2058,94054045,94054045,940540,national8,exact,60,60,0,0,94054045 --- De lámparas de inducción 60% electromagnética,03_anexo_chile_sa_2017.pdf
CHL,expanded_2017,HS2017,2059,94054049,94054049,940540,national8,exact,60,60,0,0,94054049 --- Las demás 60%,03_anexo_chile_sa_2017.pdf
CHL,expanded_2017,HS2017,2060,94054090,94054090,940540,national8,exact,60,60,0,0,94054090 -- Los demás 60%,03_anexo_chile_sa_2017.pdf
CHL,expanded_2017,HS2017,2061,94055000,94055000,940550,national8,exact,80,80,0,0,94055000 - Aparatos de alumbrado no 80% eléctricos,03_anexo_chile_sa_2017.pdf
CHL,expanded_2017,HS2017,2062,94056010,94056010,940560,national8,exact,80,80,0,0,94056010 -- De plástico 80%,03_anexo_chile_sa_2017.pdf
CHL,expanded_2017,HS2017,2063,94056090,94056090,940560,national8,exact,80,80,0,0,94056090 -- Los demás 80%,03_anexo_chile_sa_2017.pdf
CHL,expanded_2017,HS2017,2064,94059100,94059100,940591,national8,exact,60,60,0,0,94059100 -- De vidrio 60%,03_anexo_chile_sa_2017.pdf
CHL,expanded_2017,HS2017,2065,94059200,94059200,940592,national8,exact,60,60,0,0,94059200 -- De plástico 60%,03_anexo_chile_sa_2017.pdf
CHL,expanded_2017,HS2017,2066,94059900,94059900,940599,national8,exact,60,60,0,0,94059900 -- Las demás 60%,03_anexo_chile_sa_2017.pdf
CHL,expanded_2017,HS2017,2067,95030080,95030080,950300,national8,exact,80,80,0,0,"95030080 - Los demás juguetes y modelos 80% reducidos y modelos similares, con motor",03_anexo_chile_sa_2017.pdf
CHL,expanded_2017,HS2017,2068,95030090,95030090,950300,national8,exact,100,100,0,0,95030090 - Los demás 100%,03_anexo_chile_sa_2017.pdf
CHL,expanded_2017,HS2017,2069,95051010,95051010,950510,national8,exact,60,60,0,0,95051010 -- Objetos para decoración de árboles 60% de Navidad,03_anexo_chile_sa_2017.pdf
CHL,expanded_2017,HS2017,2070,95051020,95051020,950510,national8,exact,100,100,0,0,95051020 -- Adornos 100%,03_anexo_chile_sa_2017.pdf
CHL,expanded_2017,HS2017,2071,95051090,95051090,950510,national8,exact,80,80,0,0,95051090 -- Los demás 80%,03_anexo_chile_sa_2017.pdf
CHL,expanded_2017,HS2017,2072,95066210,95066210,950662,national8,exact,100,100,0,0,95066210 --- Para fútbol 100%,03_anexo_chile_sa_2017.pdf
CHL,expanded_2017,HS2017,2073,95066220,95066220,950662,national8,exact,80,80,0,0,95066220 --- Para baloncesto 80%,03_anexo_chile_sa_2017.pdf
CHL,expanded_2017,HS2017,2074,95066290,95066290,950662,national8,exact,30,30,0,0,95066290 --- Los demás 30%,03_anexo_chile_sa_2017.pdf
CHL,expanded_2017,HS2017,2075,95066900,95066900,950669,national8,exact,30,30,0,0,95066900 -- Los demás 30%,03_anexo_chile_sa_2017.pdf
CHL,expanded_2017,HS2017,2076,95069110,95069110,950691,national8,exact,80,80,0,0,95069110 --- Para cultura física 80%,03_anexo_chile_sa_2017.pdf
CHL,expanded_2017,HS2017,2077,95069120,95069120,950691,national8,exact,100,100,0,0,95069120 --- Para gimnasia 100%,03_anexo_chile_sa_2017.pdf
CHL,expanded_2017,HS2017,2078,95069130,95069130,950691,national8,exact,100,100,0,0,95069130 --- Para atletismo 100%,03_anexo_chile_sa_2017.pdf
CHL,expanded_2017,HS2017,2079,95069910,95069910,950699,national8,exact,100,100,0,0,95069910 --- Artículos de protección para 100% deportes,03_anexo_chile_sa_2017.pdf
CHL,expanded_2017,HS2017,2080,95069990,95069990,950699,national8,exact,80,80,0,0,95069990 --- Los demás 80%,03_anexo_chile_sa_2017.pdf
CHL,expanded_2017,HS2017,2081,96019000,96019000,960190,national8,exact,100,100,0,0,96019000 - Los demás 100%,03_anexo_chile_sa_2017.pdf
CHL,expanded_2017,HS2017,2082,96020000,96020000,960200,national8,exact,80,80,0,0,"96020000 Materias vegetales o minerales para 80% tallar, trabajadas, y",03_anexo_chile_sa_2017.pdf
CHL,expanded_2017,HS2017,2083,96032100,96032100,960321,national8,exact,100,100,0,0,"96032100 -- Cepillos de dientes, incluidos los 100% cepillos para dentaduras",03_anexo_chile_sa_2017.pdf
CHL,expanded_2017,HS2017,2084,96033000,96033000,960330,national8,exact,100,100,0,0,"96033000 - Pinceles y brochas para pintura 100% artística, pinceles para",03_anexo_chile_sa_2017.pdf
CHL,expanded_2017,HS2017,2085,96035000,96035000,960350,national8,exact,100,100,0,0,"96035000 - Los demás cepillos que constituyan 100% partes de máquinas,",03_anexo_chile_sa_2017.pdf
CHL,expanded_2017,HS2017,2086,96039000,96039000,960390,national8,exact,100,100,0,0,96039000 - Los demás 100%,03_anexo_chile_sa_2017.pdf
CHL,expanded_2017,HS2017,2087,96081010,96081010,960810,national8,exact,60,60,0,0,96081010 -- Desechables 60%,03_anexo_chile_sa_2017.pdf
CHL,expanded_2017,HS2017,2088,96081090,96081090,960810,national8,exact,80,80,0,0,96081090 -- Los demás 80%,03_anexo_chile_sa_2017.pdf
CHL,expanded_2017,HS2017,2089,96084000,96084000,960840,national8,exact,100,100,0,0,96084000 - Portaminas 100%,03_anexo_chile_sa_2017.pdf
CHL,expanded_2017,HS2017,2090,96091090,96091090,960910,national8,exact,80,80,0,0,96091090 -- Los demás 80%,03_anexo_chile_sa_2017.pdf
CHL,expanded_2017,HS2017,2091,96099000,96099000,960990,national8,exact,80,80,0,0,96099000 - Los demás 80%,03_anexo_chile_sa_2017.pdf
CHL,expanded_2017,HS2017,2092,96122000,96122000,961220,national8,exact,80,80,0,0,96122000 - Tampones 80%,03_anexo_chile_sa_2017.pdf
CHL,expanded_2017,HS2017,2093,96138000,96138000,961380,national8,exact,100,100,0,0,96138000 - Los demás encendedores y 100% mecheros,03_anexo_chile_sa_2017.pdf
CHL,expanded_2017,HS2017,2094,96140000,96140000,961400,national8,exact,100,100,0,0,"96140000 Pipas (incluidas las cazoletas), 100% boquillas para cigarros",03_anexo_chile_sa_2017.pdf
CHL,expanded_2017,HS2017,2095,96151100,96151100,961511,national8,exact,80,80,0,0,96151100 -- De caucho endurecido o plástico 80%,03_anexo_chile_sa_2017.pdf
CHL,expanded_2017,HS2017,2096,96180000,96180000,961800,national8,exact,100,100,0,0,96180000 Maniquíes y artículos similares; 100% autómatas y escenas,03_anexo_chile_sa_2017.pdf
CHL,expanded_2017,HS2017,2097,96190020,96190020,961900,national8,exact,30,30,0,0,"96190020 - Pañales, pañales para bebés 30%",03_anexo_chile_sa_2017.pdf
CHL,expanded_2017,HS2017,2098,96190090,96190090,961900,national8,exact,30,30,0,0,96190090 - Los demás 30%,03_anexo_chile_sa_2017.pdf
CHL,expanded_2017,HS2017,2099,96200000,96200000,962000,national8,pending_concordance,0,100,1,1,"96200000 Monopies, bípodes, trípodes y 0%: Partes y accesorios artículos similares de cámaras fotográficas y cámaras cinematográficas 0%: Partes ident",03_anexo_chile_sa_2017.pdf
